序号,省份,博物馆名称,性质,质量等级,是否免费开放,藏品数（件/套）,珍贵文物（件/套）,展览（个）,教育活动（次）,参观人数（万人次）
1,安徽省,安徽博物院（安徽省文物鉴定站）,文化文物系统国有博物馆,一级,是,224418,15914,77,914,221.6277
2,安徽省,安徽楚文化博物馆（寿县博物馆）,文化文物系统国有博物馆,一级,是,4798,2226,15,301,89.08
3,安徽省,安徽福光艺术博物馆,非国有博物馆,未定级,是,807,0,2,0,0.1568
4,安徽省,安徽革命烈士事迹陈列馆,其他行业国有博物馆,未定级,是,412,0,1,26,32.1936
5,安徽省,安徽红色文化博物馆,非国有博物馆,未定级,是,302,0,10,0,0.68
6,安徽省,安徽华藏文化博物馆,非国有博物馆,未定级,是,357,0,4,0,0.1139
7,安徽省,安徽徽园玉石博物馆,非国有博物馆,未定级,是,568,0,1,1,0.5398
8,安徽省,安徽徽州历史博物馆（歙县博物馆）,文化文物系统国有博物馆,二级,是,7651,1740,22,85,60.158
9,安徽省,安徽金丝楠宫博物馆,非国有博物馆,未定级,否,476,0,9,4,10.0166
10,安徽省,安徽聚贤百年邮政博物馆,非国有博物馆,未定级,是,700,0,3,0,6
11,安徽省,安徽祁红博物馆,非国有博物馆,未定级,是,368,15,7,2,4.2658
12,安徽省,安徽气象博物馆,文化文物系统国有博物馆,未定级,是,617,59,4,50,0.2
13,安徽省,安徽省沉香博物馆,非国有博物馆,未定级,是,312,0,3,28,1.7366
14,安徽省,安徽省稻米博物馆,其他行业国有博物馆,未定级,是,0,0,0,0,0
15,安徽省,安徽省地质博物馆,其他行业国有博物馆,一级,是,68552,0,12,94,95.1014
16,安徽省,安徽省古陶瓷博物馆,非国有博物馆,未定级,是,343,0,5,22,1.4871
17,安徽省,安徽省古文化博物馆,非国有博物馆,未定级,是,540,0,5,2,0.8698
18,安徽省,安徽省徽厨博物馆,非国有博物馆,未定级,是,486,0,1,20,4
19,安徽省,安徽省霍山县迎驾酒文化博物馆,非国有博物馆,未定级,否,450,0,1,9,5.0712
20,安徽省,安徽省聚贤报刊博物馆,非国有博物馆,未定级,是,326,0,3,0,6.1
21,安徽省,安徽省美术馆,文化文物系统国有博物馆,未定级,是,2196,0,35,605,80.1399
22,安徽省,安徽省农业信息中心（安徽省农业博物馆）,其他行业国有博物馆,未定级,是,601,0,1,3,0.0678
23,安徽省,安徽省祁门红茶博物馆,非国有博物馆,未定级,是,353,0,4,5,4.35
24,安徽省,安徽省陶行知纪念馆,其他行业国有博物馆,未定级,是,27,22,6,318,79.0434
25,安徽省,安徽省体育博物馆,其他行业国有博物馆,三级,是,2863,0,9,134,10.12
26,安徽省,安徽省萧县博物馆,文化文物系统国有博物馆,三级,是,4465,431,6,30,13.3616
27,安徽省,安徽省源泉徽文化民俗博物馆,非国有博物馆,未定级,否,1302,0,4,30,1.22
28,安徽省,安徽省中医秘笈博物馆,非国有博物馆,未定级,是,525,0,1,20,4
29,安徽省,安徽师范大学博物馆,其他行业国有博物馆,未定级,是,1242,738,1,1,0.3874
30,安徽省,安徽图书博物馆,非国有博物馆,未定级,是,1800,0,2,15,0.062
31,安徽省,安徽文化名人藏馆,文化文物系统国有博物馆,未定级,是,23270,0,13,120,10.8466
32,安徽省,安徽胭脂红古陶瓷博物馆,非国有博物馆,未定级,是,336,0,6,4,1.5686
33,安徽省,安徽缘酒文化博物馆,非国有博物馆,未定级,是,2600,0,7,2,0.1021
34,安徽省,安徽中国徽州文化博物馆,文化文物系统国有博物馆,一级,是,97567,4092,47,275,51.9882
35,安徽省,安徽中国桐城文化博物馆,文化文物系统国有博物馆,三级,是,2818,652,10,31,40.2131
36,安徽省,安徽中医药高等专科学校中医药博物馆,其他行业国有博物馆,未定级,是,3547,0,3,13,0.6325
37,安徽省,安庆博物馆,文化文物系统国有博物馆,一级,是,16788,1288,21,162,96.8204
38,安徽省,安庆市独秀园管理处,文化文物系统国有博物馆,未定级,是,44,37,3,57,13.9995
39,安徽省,安庆市赵朴初故居陈列馆,文化文物系统国有博物馆,未定级,是,1301,5,8,36,8.9928
40,安徽省,八公山地质博物馆,其他行业国有博物馆,未定级,是,600,0,2,20,13.6055
41,安徽省,蚌埠市博物馆,文化文物系统国有博物馆,一级,是,5973,1444,40,142,52.2668
42,安徽省,蚌埠市弘徽徽文化博物馆,非国有博物馆,未定级,是,2000,0,1,5,5.2
43,安徽省,蚌埠市金色农家民俗博物馆,非国有博物馆,未定级,是,5000,0,13,8,2.9
44,安徽省,亳州市博物馆,文化文物系统国有博物馆,二级,是,4550,1090,9,162,27.9431
45,安徽省,巢湖市汉墓博物馆,文化文物系统国有博物馆,三级,是,3640,482,12,32,6.41
46,安徽省,程大位珠算博物馆,文化文物系统国有博物馆,未定级,是,260,12,7,54,2.5831
47,安徽省,池州市博物馆,文化文物系统国有博物馆,三级,是,2330,428,13,62,17.0898
48,安徽省,池州市九华雕塑博物馆,非国有博物馆,未定级,是,1831,0,5,16,1.215
49,安徽省,池州市秀山门博物馆,非国有博物馆,三级,否,6620,290,3,46,11.4082
50,安徽省,滁州市博物馆,文化文物系统国有博物馆,二级,是,2391,267,20,80,22.465
51,安徽省,滁州宣德古典文化艺术博物馆,非国有博物馆,未定级,是,1100,0,1,0,0.12
52,安徽省,枞阳县博物馆,文化文物系统国有博物馆,未定级,是,1982,496,2,0,0
53,安徽省,大包干纪念馆,其他行业国有博物馆,未定级,是,1016,0,1,35,20.8
54,安徽省,大别山革命历史纪念馆,其他行业国有博物馆,未定级,是,1093,10,3,32,31.587
55,安徽省,戴震纪念馆,文化文物系统国有博物馆,未定级,是,910,0,7,30,9.7944
56,安徽省,当涂县博物馆,文化文物系统国有博物馆,未定级,是,4821,464,7,119,10.8363
57,安徽省,砀山县博物馆,文化文物系统国有博物馆,三级,是,1130,34,13,48,15.3493
58,安徽省,定远县博物馆,文化文物系统国有博物馆,未定级,是,67,67,10,18,11.8
59,安徽省,渡江战役纪念馆（安徽名人馆）,文化文物系统国有博物馆,二级,是,2077,298,17,202,126.5592
60,安徽省,渡江战役中线指挥部旧址纪念馆,文化文物系统国有博物馆,未定级,是,37,0,1,4,0.854
61,安徽省,渡江战役总前委旧址纪念馆,文化文物系统国有博物馆,三级,是,1063,32,7,65,13.1601
62,安徽省,渡江战役总前委孙家圩子旧址纪念馆,文化文物系统国有博物馆,未定级,是,104,0,1,0,0.4
63,安徽省,肥东县博物馆,文化文物系统国有博物馆,二级,是,3212,291,8,38,6.69
64,安徽省,肥东县长临河民俗文化馆,非国有博物馆,未定级,是,1300,0,7,0,14.8367
65,安徽省,肥西三河民俗博物馆,非国有博物馆,未定级,否,1100,0,4,0,9
66,安徽省,冯玉祥旧居,文化文物系统国有博物馆,未定级,是,3,0,8,44,3.6582
67,安徽省,凤阳县博物馆,文化文物系统国有博物馆,二级,是,1214,33,13,48,18.5749
68,安徽省,阜南县博物馆,文化文物系统国有博物馆,未定级,是,0,0,0,0,0
69,安徽省,阜阳“四·九”暴动旧址纪念馆,文化文物系统国有博物馆,未定级,是,30,0,1,560,10.159
70,安徽省,阜阳市博物馆,文化文物系统国有博物馆,一级,是,8100,2621,42,130,74.914
71,安徽省,固镇县博物馆,文化文物系统国有博物馆,三级,是,3371,203,12,31,8.5
72,安徽省,广德市博物馆,文化文物系统国有博物馆,三级,是,1580,417,6,84,13.8344
73,安徽省,广德市皖南朝晖竹木雕刻博物馆,非国有博物馆,未定级,是,365,0,3,1,1.1042
74,安徽省,国安木雕文化艺术博物馆,非国有博物馆,未定级,否,1099,0,3,40,2
75,安徽省,含山博物馆,文化文物系统国有博物馆,三级,是,1005,335,10,105,9.2
76,安徽省,合肥市巢湖艺术馆,非国有博物馆,未定级,是,2600,0,4,0,1.1356
77,安徽省,合肥市大道酒博物馆,非国有博物馆,未定级,是,41,0,4,0,0.03
78,安徽省,合肥市惠民票证博物馆,非国有博物馆,未定级,是,24345,0,6,0,3.7834
79,安徽省,合肥市赖少其艺术馆,文化文物系统国有博物馆,未定级,是,664,0,10,38,7.563
80,安徽省,合肥市李鸿章故居陈列馆,文化文物系统国有博物馆,三级,是,408,157,9,130,56.8692
81,安徽省,合肥市庐州民间木艺博物馆,非国有博物馆,未定级,是,585,0,1,12,0.0852
82,安徽省,合肥市勤利书画博物馆,非国有博物馆,未定级,是,312,0,4,3,2.1732
83,安徽省,合肥子木园博物馆,非国有博物馆,未定级,是,2128,0,4,0,0.0598
84,安徽省,和县博物馆（刘禹锡纪念馆）,文化文物系统国有博物馆,未定级,是,465,384,3,31,13.0342
85,安徽省,红二十八军军政旧址纪念馆,文化文物系统国有博物馆,三级,是,315,0,8,64,22.9066
86,安徽省,红军中央独立第二师司令部旧址纪念馆,文化文物系统国有博物馆,未定级,是,296,0,8,64,3.9624
87,安徽省,华佗中医药文化博物馆,文化文物系统国有博物馆,未定级,是,345,0,3,60,18.6798
88,安徽省,怀宁县博物馆,文化文物系统国有博物馆,三级,是,1400,414,9,34,4.8385
89,安徽省,怀远县博物馆,文化文物系统国有博物馆,三级,是,924,168,7,46,10.3776
90,安徽省,淮北市博物馆,文化文物系统国有博物馆,一级,是,7087,1428,52,198,18.9496
91,安徽省,淮北市矿山博物馆,文化文物系统国有博物馆,未定级,是,749,0,18,94,5.8341
92,安徽省,淮北市刘开渠纪念馆,文化文物系统国有博物馆,三级,是,2535,88,11,91,16.0509
93,安徽省,淮北市石榴博物馆,文化文物系统国有博物馆,未定级,是,1164,0,5,11,23.5419
94,安徽省,淮北市钟源阁红色文化博物馆,非国有博物馆,未定级,是,3690,0,7,3,10.3971
95,安徽省,淮北市钟源阁民俗文化博物馆,非国有博物馆,未定级,是,3860,0,3,1,6.176
96,安徽省,淮北隋唐运河证券博物馆,非国有博物馆,未定级,是,3493,0,7,11,4.687
97,安徽省,淮海战役双堆集歼灭战纪念馆,其他行业国有博物馆,未定级,是,405,0,1,122,85.12
98,安徽省,淮南汉唐紫金石博物馆,非国有博物馆,未定级,是,688,0,1,2,0.32
99,安徽省,淮南啓惠博物馆,非国有博物馆,未定级,是,660,0,4,6,0.166
100,安徽省,淮南市博物馆,文化文物系统国有博物馆,二级,是,2958,1052,16,147,9.4059
101,安徽省,淮南市大通万人坑教育馆（侵华日军淮南罪证遗址陈列馆）,文化文物系统国有博物馆,未定级,是,685,96,10,61,8.2288
102,安徽省,淮南市汉道堂博物馆,非国有博物馆,未定级,是,1000,0,4,3,0.03
103,安徽省,淮南新四军纪念林陈列馆,其他行业国有博物馆,未定级,是,2295,0,1,25,16.5
104,安徽省,黄山风景区博物馆,文化文物系统国有博物馆,未定级,是,980,76,7,3,0.1851
105,安徽省,黄山古典家具博物馆,非国有博物馆,未定级,是,152,92,1,4,0.132
106,安徽省,黄山徽茶文化博物馆,非国有博物馆,未定级,是,2116,0,4,4,3.56
107,安徽省,黄山徽州印象博物馆,非国有博物馆,未定级,是,1100,0,6,0,9.7766
108,安徽省,黄山麟聖博物馆,非国有博物馆,未定级,是,33559,0,6,4,11.9875
109,安徽省,黄山民间博物馆,非国有博物馆,未定级,是,4187,0,3,0,2.7079
110,安徽省,黄山莫问茶號徽茶博物馆,非国有博物馆,未定级,是,530,0,1,2,7.28
111,安徽省,黄山奇石博物馆,非国有博物馆,未定级,是,350,0,1,0,0.05
112,安徽省,黄山蕲蛇博物馆,非国有博物馆,未定级,是,3500,0,1,0,0
113,安徽省,黄山区博物馆,文化文物系统国有博物馆,三级,是,2111,321,9,32,2.7213
114,安徽省,黄山市徽墨文房博物馆,非国有博物馆,未定级,是,1820,0,1,17,1.7715
115,安徽省,黄山市徽州雕刻博物馆,非国有博物馆,未定级,否,627,0,4,3,0.7772
116,安徽省,黄山市徽州糕饼博物馆,非国有博物馆,未定级,是,460,0,1,11,10.7527
117,安徽省,黄山市徽州区潜口民宅博物馆（黄山市徽州区文物事务中心）,文化文物系统国有博物馆,三级,是,844,293,6,48,34.7731
118,安徽省,黄山市徽州区谢裕大茶文化博物馆,非国有博物馆,未定级,是,355,0,1,456,20.5451
119,安徽省,黄山市徽州区岩寺新四军军部旧址纪念馆,文化文物系统国有博物馆,未定级,是,2192,0,11,54,33.8544
120,安徽省,黄山市徽州艺术珍宝博物馆,非国有博物馆,未定级,是,200,0,1,0,0.3
121,安徽省,黄山市屯溪区博物馆,文化文物系统国有博物馆,未定级,是,1803,887,4,44,14.3651
122,安徽省,黄山市乌金园猪文化博物馆,非国有博物馆,未定级,是,129,0,1,2,0.419
123,安徽省,黄山松萝茶文化博物馆,非国有博物馆,未定级,是,645,0,1,12,5.8941
124,安徽省,黄山太平猴魁博物馆,非国有博物馆,未定级,是,288,0,4,0,2.4628
125,安徽省,徽州税文化博物馆,其他行业国有博物馆,未定级,是,1600,0,5,3,0.1122
126,安徽省,霍山县博物馆,文化文物系统国有博物馆,未定级,是,1073,438,7,30,8.1
127,安徽省,绩溪县博物馆（绩溪县三雕博物馆）,文化文物系统国有博物馆,三级,是,2061,231,17,31,14.35
128,安徽省,绩溪县宅坦村博物馆,其他行业国有博物馆,未定级,是,400,0,0,0,0
129,安徽省,嘉山县抗日民主政府纪念馆,文化文物系统国有博物馆,未定级,是,52,0,2,6,8.1
130,安徽省,见明堂民俗博物馆,非国有博物馆,未定级,是,3366,408,8,0,1.26
131,安徽省,界首市博物馆,文化文物系统国有博物馆,二级,是,5305,61,10,79,15.634
132,安徽省,金牛洞遗址陈列馆,文化文物系统国有博物馆,未定级,是,0,0,0,0,0
133,安徽省,金寨县革命博物馆,文化文物系统国有博物馆,三级,是,2435,160,9,36,108.0445
134,安徽省,金寨县历史文物馆,文化文物系统国有博物馆,未定级,是,614,189,1,0,0.9
135,安徽省,津浦铁路固镇站旧址博物馆,文化文物系统国有博物馆,未定级,是,165,0,4,12,4
136,安徽省,泾县王稼祥故居纪念馆,文化文物系统国有博物馆,未定级,是,500,0,1,598,10.5758
137,安徽省,旌德县博物馆,文化文物系统国有博物馆,未定级,是,2918,52,8,32,7.0802
138,安徽省,九华山历史文物馆,文化文物系统国有博物馆,未定级,是,1080,256,10,32,110.3971
139,安徽省,来安县博物馆,文化文物系统国有博物馆,未定级,是,316,69,6,8,2.2394
140,安徽省,郎溪县博物馆,文化文物系统国有博物馆,未定级,是,156,156,0,0,0
141,安徽省,老子博物馆,文化文物系统国有博物馆,未定级,是,100,0,3,12,1.6057
142,安徽省,李白纪念馆,其他行业国有博物馆,未定级,是,2849,146,1,0,12.8
143,安徽省,李白墓园博物馆,其他行业国有博物馆,未定级,否,108,0,2,35,7.777
144,安徽省,李家发烈士纪念馆,其他行业国有博物馆,未定级,是,106,0,1,600,2.6792
145,安徽省,李克农故居,文化文物系统国有博物馆,未定级,是,23,0,8,44,8.0409
146,安徽省,立夏节起义陈列馆,文化文物系统国有博物馆,未定级,是,1970,0,2,900,23
147,安徽省,利辛县博物馆,文化文物系统国有博物馆,未定级,是,316,82,5,48,9.5693
148,安徽省,两邓故居陈列馆（铁砚山房）,文化文物系统国有博物馆,未定级,是,450,0,2,15,2.1
149,安徽省,林散之艺术馆,其他行业国有博物馆,未定级,是,519,125,1,0,9.3
150,安徽省,临泉姜尚民俗博物馆,非国有博物馆,未定级,是,603,0,5,0,0.4113
151,安徽省,临泉毛笔博物馆,非国有博物馆,未定级,是,658,0,2,3,1.5426
152,安徽省,临泉县博物馆,文化文物系统国有博物馆,未定级,是,1100,411,12,83,16.9577
153,安徽省,灵璧县博物馆,文化文物系统国有博物馆,未定级,是,4677,307,7,74,14.268
154,安徽省,刘铭传旧居纪念馆,文化文物系统国有博物馆,未定级,是,427,0,1,4,23.8682
155,安徽省,六安金安红色藏品博物馆,非国有博物馆,未定级,是,1011,0,4,110,2.1
156,安徽省,六安市朱蕴山纪念馆,文化文物系统国有博物馆,未定级,是,180,0,1,4,1.8
157,安徽省,六霍起义纪念馆,文化文物系统国有博物馆,未定级,是,108,0,3,13,11
158,安徽省,庐江县新四军江北指挥部纪念馆,文化文物系统国有博物馆,未定级,是,237,0,4,31,14.1562
159,安徽省,马鞍山市博物馆,文化文物系统国有博物馆,二级,是,11020,857,17,232,19.9406
160,安徽省,马鞍山市德化堂古床博物馆,非国有博物馆,未定级,否,328,0,5,0,1.93
161,安徽省,马鞍山市三国朱然家族墓地博物馆,文化文物系统国有博物馆,二级,是,1303,227,18,60,16.3625
162,安徽省,茂林三吴纪念馆,文化文物系统国有博物馆,未定级,是,438,0,1,85,5.3528
163,安徽省,蒙城县博物馆,文化文物系统国有博物馆,三级,是,412,109,6,12,18.7191
164,安徽省,明光市博物馆,文化文物系统国有博物馆,未定级,是,6179,62,6,46,14.8986
165,安徽省,南陵县博物馆,文化文物系统国有博物馆,未定级,是,1590,236,9,30,10.4182
166,安徽省,南陵县革命历史陈列馆,文化文物系统国有博物馆,未定级,是,39,0,2,30,7.1
167,安徽省,南山汉文化博物馆,文化文物系统国有博物馆,未定级,是,285,0,4,18,18.2641
168,安徽省,宁国市博物馆,文化文物系统国有博物馆,未定级,是,3290,145,0,5,0
169,安徽省,宁国市宣石博物馆,非国有博物馆,未定级,否,318,0,20,9,0.6542
170,安徽省,祁门县博物馆,文化文物系统国有博物馆,三级,是,9024,190,3,30,5.7408
171,安徽省,潜山市博物馆,文化文物系统国有博物馆,三级,是,3236,1040,12,74,15.3734
172,安徽省,青阳县博物馆,文化文物系统国有博物馆,未定级,是,1698,238,3,5,2.074
173,安徽省,全椒县吴敬梓纪念馆,文化文物系统国有博物馆,未定级,是,347,34,19,24,24.5108
174,安徽省,全椒县周岗烈士纪念馆,其他行业国有博物馆,未定级,是,35,0,3,10,1.5
175,安徽省,歙县巴慰祖故居博物馆,非国有博物馆,未定级,是,1500,0,10,10,2.6
176,安徽省,歙县鲍家花园徽派盆景艺术博物馆,非国有博物馆,未定级,是,186,0,0,0,0
177,安徽省,歙县古城墨砚博物馆,非国有博物馆,未定级,是,682,86,8,5,9.3757
178,安徽省,歙县古徽州雕艺博物馆,非国有博物馆,未定级,是,653,0,5,524,15.4568
179,安徽省,歙县黄宾虹纪念馆,文化文物系统国有博物馆,未定级,是,95,0,8,32,16.3074
180,安徽省,歙县徽班纪念馆,其他行业国有博物馆,未定级,是,157,0,2,15,1.56
181,安徽省,歙县新安国医博物馆,非国有博物馆,未定级,是,1204,0,1,3,0.9652
182,安徽省,歙县新安歙砚艺术博物馆,非国有博物馆,未定级,是,310,0,3,3,0.42
183,安徽省,歙县新安医学陈列馆,其他行业国有博物馆,未定级,是,1080,0,3,17,0.9725
184,安徽省,石台县博物馆,文化文物系统国有博物馆,未定级,是,262,94,7,24,5.3897
185,安徽省,舒城新四军皖西革命纪念馆,文化文物系统国有博物馆,未定级,是,68,0,7,42,11.7813
186,安徽省,泗县博物馆,文化文物系统国有博物馆,未定级,是,1023,257,6,0,9.2
187,安徽省,苏家埠战役纪念馆,文化文物系统国有博物馆,未定级,是,77,0,2,401,9.7699
188,安徽省,宿松县博物馆,文化文物系统国有博物馆,未定级,是,686,307,2,5,3.9062
189,安徽省,宿州市博物馆,文化文物系统国有博物馆,一级,是,11144,653,48,63,35.6822
190,安徽省,宿州市彭雪枫纪念馆,其他行业国有博物馆,未定级,是,0,0,13,86,36.4888
191,安徽省,宿州铜文化博物馆,非国有博物馆,未定级,是,182,0,12,26,2.2652
192,安徽省,隋唐大运河遗址博物馆,文化文物系统国有博物馆,未定级,是,1245,165,1,0,0
193,安徽省,孙叔敖纪念馆,文化文物系统国有博物馆,未定级,是,19,0,4,30,12.84
194,安徽省,太和县博物馆,文化文物系统国有博物馆,二级,是,1712,287,9,82,25.6033
195,安徽省,太湖县博物馆,文化文物系统国有博物馆,三级,是,3913,910,5,18,2.5575
196,安徽省,太湖县赵朴初生平事迹陈列馆,其他行业国有博物馆,未定级,是,3566,0,4,32,7.1356
197,安徽省,天长市博物馆,文化文物系统国有博物馆,三级,是,1823,814,11,60,7.6333
198,安徽省,天长市中国人民抗日军政大学第八分校纪念馆,文化文物系统国有博物馆,未定级,是,584,0,5,30,44.63
199,安徽省,桐城玉雕博物馆,非国有博物馆,未定级,是,602,0,1,0,0.191
200,安徽省,铜陵市博物馆,文化文物系统国有博物馆,二级,是,15672,881,11,114,23.0879
201,安徽省,铜陵市国盛民俗博物馆,非国有博物馆,未定级,是,3500,0,1,0,0.1056
202,安徽省,皖北民俗博物馆,文化文物系统国有博物馆,未定级,是,295,0,8,10,4.8128
203,安徽省,皖东革命纪念馆,其他行业国有博物馆,未定级,是,394,0,4,8,21
204,安徽省,皖江文化博物馆,非国有博物馆,未定级,是,1014,0,4,4,1.6486
205,安徽省,皖西博物馆,文化文物系统国有博物馆,二级,是,8829,3123,14,132,24.2206
206,安徽省,万安罗经文化博物馆,非国有博物馆,未定级,是,1030,0,1,1,2.4539
207,安徽省,望江县博物馆,文化文物系统国有博物馆,未定级,是,2170,845,8,32,3.9034
208,安徽省,无为博物馆,文化文物系统国有博物馆,未定级,是,83,0,9,70,16
209,安徽省,无为市米芾纪念馆,文化文物系统国有博物馆,未定级,是,684,248,10,23,4.7092
210,安徽省,芜湖鸠兹文房四宝博物馆,非国有博物馆,未定级,是,636,0,3,1,3.8986
211,安徽省,芜湖市博物馆,文化文物系统国有博物馆,二级,是,1581,615,24,120,58
212,安徽省,芜湖市繁昌区博物馆,文化文物系统国有博物馆,三级,是,10590,670,9,214,14.9882
213,安徽省,芜湖市繁昌区玉华古陶瓷博物馆,非国有博物馆,未定级,是,329,0,8,2,0.7518
214,安徽省,芜湖市耿华东艺术收藏博物馆,非国有博物馆,未定级,是,510,0,1,1,0.13
215,安徽省,芜湖市徽派织绣博物馆,非国有博物馆,未定级,是,674,0,1,0,0.0653
216,安徽省,芜湖市徽商博物馆,非国有博物馆,未定级,是,1912,0,1,0,0.1175
217,安徽省,芜湖市傻子瓜子博物馆,非国有博物馆,未定级,是,648,7,1,12,1.1423
218,安徽省,芜湖市王稼祥纪念园,其他行业国有博物馆,未定级,是,2306,55,3,43,27
219,安徽省,芜湖赭山铁画博物馆,非国有博物馆,未定级,是,1427,0,2,49,0.9795
220,安徽省,五河县博物馆,文化文物系统国有博物馆,三级,是,5400,77,5,14,4
221,安徽省,五河县九和收藏馆,非国有博物馆,未定级,是,2650,0,12,10,1.4
222,安徽省,萧县蔡洼淮海战役总前委会议暨华东野战军指挥部旧址纪念馆,文化文物系统国有博物馆,未定级,是,300,0,1,100,64.7
223,安徽省,小甸集特支纪念馆,文化文物系统国有博物馆,未定级,是,68,0,4,12,9.1196
224,安徽省,新四军第七师纪念馆,文化文物系统国有博物馆,未定级,是,800,0,3,4,26
225,安徽省,新四军军部旧址纪念馆,文化文物系统国有博物馆,二级,是,1263,6,9,105,30.2795
226,安徽省,新四军四师纪念馆,文化文物系统国有博物馆,未定级,是,98,1,2,25,2.5684
227,安徽省,休宁县状元博物馆,文化文物系统国有博物馆,二级,是,2132,880,14,31,12.2979
228,安徽省,许继慎纪念馆,文化文物系统国有博物馆,未定级,是,30,0,2,135,4.0803
229,安徽省,宣城市博物馆,文化文物系统国有博物馆,二级,是,6585,745,14,86,20.0235
230,安徽省,延园,其他行业国有博物馆,未定级,是,415,30,3,70,5.7402
231,安徽省,严凤英故居陈列馆,文化文物系统国有博物馆,未定级,是,245,0,1,5,1.2
232,安徽省,叶笃正生平陈列馆（叶氏宗祠）,文化文物系统国有博物馆,未定级,是,286,0,1,10,1.5
233,安徽省,黟县博物馆,文化文物系统国有博物馆,未定级,是,827,191,1,0,1.0696
234,安徽省,黟县茶博馆,非国有博物馆,未定级,是,220,220,1,6,1.0696
235,安徽省,黟县金星民间博物馆,非国有博物馆,未定级,是,2000,0,2,2,1.5292
236,安徽省,黟县柯村暴动纪念馆,其他行业国有博物馆,未定级,是,96,0,1,11,2.6545
237,安徽省,颍上管仲博物馆,文化文物系统国有博物馆,未定级,是,132,48,3,2,3.867
238,安徽省,张治中故居,文化文物系统国有博物馆,未定级,是,1,0,7,40,5.788
239,安徽省,中共淮海战役总前委旧址纪念馆,文化文物系统国有博物馆,三级,是,184,51,7,47,32.091
240,安徽省,中共淮海战役总前委旧址小李家纪念馆,文化文物系统国有博物馆,未定级,是,144,0,3,20,13.2877
241,安徽省,中共皖南特区委员会机关旧址纪念馆,其他行业国有博物馆,未定级,是,172,0,4,24,13.7238
242,安徽省,中共皖浙赣省委驻地旧址陈列馆,文化文物系统国有博物馆,未定级,是,30,0,4,4,2.7476
243,安徽省,中国共产党合肥历史馆,其他行业国有博物馆,未定级,是,1031,298,2,11,4.0535
244,安徽省,中国科学技术大学博物馆,其他行业国有博物馆,未定级,是,128,0,4,64,2.1049
245,安徽省,中原局第三次会议旧址纪念馆,文化文物系统国有博物馆,未定级,是,141,0,1,10,4.5
246,安徽省,周瑜史料陈列馆,文化文物系统国有博物馆,未定级,是,2003,203,5,33,2.057
247,北京市,保利艺术博物馆,其他行业国有博物馆,未定级,否,174,59,22,0,3.5817
248,北京市,北京奥运博物馆,其他行业国有博物馆,三级,是,42319,20,9,93,124.7852
249,北京市,北京百年世界老电话博物馆,非国有博物馆,未定级,否,3141,0,4,25,0.3695
250,北京市,北京菜百黄金珠宝博物馆,其他行业国有博物馆,未定级,是,318,0,10,112,15
251,北京市,北京大觉寺与团城管理处（大觉寺管理处）,文化文物系统国有博物馆,未定级,否,791,713,3,8,19.3666
252,北京市,北京大觉寺与团城管理处（团城演武厅）,文化文物系统国有博物馆,未定级,是,59,1,1,13,3.042
253,北京市,北京大戚收音机电影机博物馆,非国有博物馆,未定级,否,350,0,3,7,0.4518
254,北京市,北京大学赛克勒考古与艺术博物馆,其他行业国有博物馆,未定级,是,13000,0,3,101,10.9568
255,北京市,北京东璧堂中医药博物馆,非国有博物馆,未定级,是,66000,0,12,575,5
256,北京市,北京二锅头酒博物馆,其他行业国有博物馆,未定级,否,1165,0,2,31,49.3922
257,北京市,北京法和律师博物馆,非国有博物馆,未定级,是,1029,0,2,40,5
258,北京市,北京房山云居寺石经博物馆,文化文物系统国有博物馆,未定级,否,32502,59,12,3,24.5852
259,北京市,北京服装学院民族服饰博物馆,其他行业国有博物馆,未定级,是,5918,0,14,10,1.852
260,北京市,北京福履布鞋文化博物馆,非国有博物馆,未定级,是,306,0,4,59,2.3918
261,北京市,北京工艺美术博物馆,文化文物系统国有博物馆,三级,是,3278,662,3,10,2.1858
262,北京市,北京公交馆,其他行业国有博物馆,未定级,是,305,0,2,4,7.5016
263,北京市,北京古代建筑博物馆,文化文物系统国有博物馆,二级,否,833,48,11,32,59.9193
264,北京市,北京韩美林艺术馆,其他行业国有博物馆,未定级,是,2600,0,2,50,9.7596
265,北京市,北京航空航天博物馆,其他行业国有博物馆,未定级,是,350,0,1,65,7.3227
266,北京市,北京航空航天模型博物馆,其他行业国有博物馆,未定级,是,40,0,1,1,3.52
267,北京市,北京红楼文化艺术博物馆,文化文物系统国有博物馆,未定级,否,2951,0,5,120,103
268,北京市,北京怀柔喇叭沟门满族民俗博物馆,非国有博物馆,未定级,是,1300,0,1,0,3
269,北京市,北京皇城艺术馆,其他行业国有博物馆,未定级,是,733,0,11,2,0.6
270,北京市,北京皇城御窑金砖博物馆,非国有博物馆,未定级,否,315,0,4,2,0.04
271,北京市,北京焦庄户地道战遗址纪念馆,文化文物系统国有博物馆,未定级,是,96,0,1,25,8.5
272,北京市,北京金漆镶嵌艺术博物馆,非国有博物馆,未定级,否,380,0,7,55,0.7911
273,北京市,北京金台艺术馆,非国有博物馆,未定级,是,277,0,8,3,1.5
274,北京市,北京劲飞京作红木文化博物馆,非国有博物馆,未定级,是,404,0,8,2,1.31
275,北京市,北京京华茶叶博物馆,其他行业国有博物馆,未定级,是,300,0,1,10,1.2033
276,北京市,北京警察博物馆,其他行业国有博物馆,未定级,是,12810,43,5,17,9.5
277,北京市,北京九鼎灶文化博物馆,非国有博物馆,未定级,否,300,0,2,50,1.3865
278,北京市,北京考古遗址博物馆（大葆台西汉墓遗址）,文化文物系统国有博物馆,三级,是,1396,32,0,18,0
279,北京市,北京考古遗址博物馆（金中都水关遗址）,文化文物系统国有博物馆,三级,是,220,57,3,22,2.1227
280,北京市,北京考古遗址博物馆（琉璃河遗址）,文化文物系统国有博物馆,未定级,是,254,49,0,45,0
281,北京市,北京空竹博物馆,其他行业国有博物馆,未定级,是,475,0,1,20,1.4
282,北京市,北京莱恩堡葡萄酒文化博物馆,非国有博物馆,未定级,是,486,0,2,0,2.8613
283,北京市,北京老爷车博物馆,非国有博物馆,未定级,否,320,0,4,16,5.38
284,北京市,北京李大钊故居,文化文物系统国有博物馆,未定级,是,8,6,2,8,7.4453
285,北京市,北京历代帝王庙博物馆,文化文物系统国有博物馆,未定级,否,33,33,7,7,19.3583
286,北京市,北京励志堂科举匾额博物馆,非国有博物馆,未定级,否,2000,0,4,30,2.85
287,北京市,北京龙顺成京作非遗博物馆,其他行业国有博物馆,未定级,否,310,0,3,75,3.8494
288,北京市,北京鲁迅博物馆（北京新文化运动纪念馆）,文化文物系统国有博物馆,一级,是,112323,2627,33,76,51.0969
289,北京市,北京民俗博物馆,文化文物系统国有博物馆,二级,否,10392,5,6,32,60.0053
290,北京市,北京明城墙遗址公园,其他行业国有博物馆,未定级,否,0,0,3,19,28.4222
291,北京市,北京木木艺术博物馆,非国有博物馆,未定级,否,390,0,4,60,5
292,北京市,北京南海子麋鹿苑博物馆,其他行业国有博物馆,二级,是,6301,0,6,165,54.8174
293,北京市,北京牛栏山二锅头酒文化博物馆,其他行业国有博物馆,未定级,是,3807,0,6,0,5.5773
294,北京市,北京骐骥马文化博物馆,非国有博物馆,未定级,是,0,0,1,0,0
295,北京市,北京汽车博物馆（北京市丰台区规划展览馆）,文化文物系统国有博物馆,一级,否,10898,32,13,563,73.8249
296,北京市,北京人民艺术剧院戏剧博物馆,其他行业国有博物馆,未定级,是,10732,0,7,200,1.9755
297,北京市,北京荣唐连环画博物馆,非国有博物馆,未定级,是,2318,0,9,54,1.5
298,北京市,北京石刻艺术博物馆,文化文物系统国有博物馆,三级,否,1557,186,2,62,22.8989
299,北京市,北京市白塔寺管理处,文化文物系统国有博物馆,未定级,否,0,0,4,22,36.1567
300,北京市,北京市大兴区天宫院文史馆,其他行业国有博物馆,未定级,是,1033,0,1,5,0.417
301,北京市,北京市大兴区榆垡镇乡情文史馆,其他行业国有博物馆,未定级,是,370,0,1,195,0.0992
302,北京市,北京市大兴区月季博物馆,其他行业国有博物馆,未定级,是,1384,0,1,18,10.13
303,北京市,北京市房山世界地质公园博物馆,文化文物系统国有博物馆,未定级,是,3000,0,9,169,9.1426
304,北京市,北京市海淀区博物馆,文化文物系统国有博物馆,未定级,是,2493,506,5,3,2.2086
305,北京市,北京市海淀区中关村村史馆,其他行业国有博物馆,三级,是,908,0,5,16,0.0441
306,北京市,北京市和光书院博物馆,非国有博物馆,未定级,是,460,0,4,7,1.2126
307,北京市,北京市怀柔区博物馆,文化文物系统国有博物馆,未定级,是,1056,165,2,33,1.0019
308,北京市,北京市姜杰钢琴手风琴博物馆,非国有博物馆,未定级,是,346,0,3,9,0.135
309,北京市,北京市平谷区博物馆,文化文物系统国有博物馆,未定级,是,7258,276,4,48,6.2398
310,北京市,北京市石景山区文物研究所（北京市石景山区博物馆）,文化文物系统国有博物馆,未定级,是,535,0,2,10,1.3
311,北京市,北京市顺义区博物馆,文化文物系统国有博物馆,未定级,是,262,29,5,33,8.755
312,北京市,北京市延庆区博物馆,文化文物系统国有博物馆,三级,是,8241,413,11,45,1.3
313,北京市,北京市钟鼓楼文物保管所,文化文物系统国有博物馆,未定级,否,6,6,8,32,53.8513
314,北京市,北京税务博物馆,其他行业国有博物馆,未定级,是,16212,0,2,88,0.575
315,北京市,北京天桥印象博物馆,其他行业国有博物馆,未定级,是,382,0,6,351,2.314
316,北京市,北京天文馆,其他行业国有博物馆,一级,否,4778,15,13,1134,168.8585
317,北京市,北京通信电信博物馆,其他行业国有博物馆,未定级,是,4119,0,3,0,0.3206
318,北京市,北京外国语大学校史馆、世界语言博物馆,其他行业国有博物馆,未定级,是,2659,0,2,13,2
319,北京市,北京王府井古人类文化遗址博物馆,文化文物系统国有博物馆,未定级,否,419,0,1,1,1.7567
320,北京市,北京文博交流馆（北京市智化寺管理处）,文化文物系统国有博物馆,未定级,否,0,0,7,20,9.7945
321,北京市,北京文景珍本期刊博物馆,非国有博物馆,未定级,是,471,0,4,5,0.8897
322,北京市,北京文旺阁木作博物馆,非国有博物馆,未定级,否,15000,0,25,258,8.368
323,北京市,北京舞蹈学院舞蹈博物馆,其他行业国有博物馆,未定级,是,300,0,1,5,0.458
324,北京市,北京西瓜博物馆,其他行业国有博物馆,未定级,否,1301,0,5,6,0.07
325,北京市,北京戏曲博物馆,其他行业国有博物馆,未定级,是,156,0,2,27,1.2947
326,北京市,北京宣南文化博物馆,文化文物系统国有博物馆,未定级,是,7,4,5,17,11.0246
327,北京市,北京燕京八绝博物馆,非国有博物馆,未定级,否,436,0,3,22,0.2
328,北京市,北京艺术博物馆,文化文物系统国有博物馆,未定级,否,123875,3389,8,605,27.4599
329,北京市,北京英杰硬石艺术博物馆,非国有博物馆,未定级,是,156,0,12,11,5
330,北京市,北京御生堂中医药博物馆,非国有博物馆,未定级,是,9900,0,8,16,1.6
331,北京市,北京御仙都皇家菜博物馆,非国有博物馆,未定级,是,470,0,1,5,31.0002
332,北京市,北京云汇网球博物馆,非国有博物馆,未定级,否,417,0,3,13,2.2535
333,北京市,北京中国紫檀博物馆,非国有博物馆,未定级,否,926,0,8,42,8.8178
334,北京市,北京中华民族博物院,非国有博物馆,未定级,否,92585,0,11,186,33.0109
335,北京市,北京中梦足球博物馆,非国有博物馆,未定级,否,380,0,12,14,3.76
336,北京市,北京中药炮制技术博物馆,其他行业国有博物馆,未定级,是,355,0,2,5,2.5
337,北京市,北京中医药大学中医药博物馆,其他行业国有博物馆,未定级,是,6813,0,4,10,1.3959
338,北京市,北京中轴线遗产保护中心（北京世界文化遗产监测中心）（德胜门）,文化文物系统国有博物馆,未定级,否,0,0,0,0,0
339,北京市,北京中轴线遗产保护中心（北京世界文化遗产监测中心）（正阳门）,文化文物系统国有博物馆,未定级,否,0,0,1,2,0.5016
340,北京市,北京周口店北京人遗址博物馆（北京周口店北京人遗址管理处）,文化文物系统国有博物馆,一级,否,7449,175,13,123,31.6612
341,北京市,北京自来水博物馆,其他行业国有博物馆,未定级,是,2014,0,2,47,2.3647
342,北京市,曹雪芹纪念馆,其他行业国有博物馆,未定级,是,7163,0,3,152,63.21
343,北京市,昌平区博物馆,文化文物系统国有博物馆,未定级,是,3875,0,17,34,5.2372
344,北京市,慈悲庵,其他行业国有博物馆,未定级,是,14,9,2,0,20.314
345,北京市,慈善寺古香道文化陈列馆,文化文物系统国有博物馆,未定级,否,451,0,5,38,1.5339
346,北京市,大钟寺古钟博物馆,文化文物系统国有博物馆,二级,否,559,259,5,42,9.6623
347,北京市,对外经贸博物馆,其他行业国有博物馆,未定级,是,305,0,5,3,0.4
348,北京市,法海寺,文化文物系统国有博物馆,未定级,否,58,0,5,1,8.6203
349,北京市,古陶文明博物馆,非国有博物馆,未定级,否,460,0,7,27,0.2021
350,北京市,故宫博物院,文化文物系统国有博物馆,一级,否,1950828,1053272,78,1634,1762.4483
351,北京市,观复博物馆,非国有博物馆,未定级,否,1602,0,6,397,6.089
352,北京市,郭沫若纪念馆,其他行业国有博物馆,未定级,否,9576,65,4,22,6.7299
353,北京市,郭守敬纪念馆,文化文物系统国有博物馆,未定级,是,300,0,5,52,8.6245
354,北京市,国家大剧院台湖舞美艺术博物馆,其他行业国有博物馆,未定级,是,780,0,11,32,5.6714
355,北京市,国家典籍博物馆,文化文物系统国有博物馆,未定级,是,7738029,233642,11,610,104.654
356,北京市,国家自然博物馆,其他行业国有博物馆,一级,是,434900,0,22,3177,133
357,北京市,何扬吴茜现代绘画馆,非国有博物馆,未定级,否,600,0,6,2,0.1103
358,北京市,和苑博物馆,非国有博物馆,未定级,是,711,0,6,46,12.7516
359,北京市,冀热察挺进军司令部旧址陈列馆,其他行业国有博物馆,未定级,是,103,0,5,7,2.5066
360,北京市,京东方历史展览馆,其他行业国有博物馆,未定级,否,312,0,3,13,0.612
361,北京市,景泰蓝艺术博物馆,其他行业国有博物馆,未定级,是,2500,0,5,20,3.1
362,北京市,居庸关长城博物馆,文化文物系统国有博物馆,未定级,否,128,0,1,20,144.8376
363,北京市,科学家博物馆,其他行业国有博物馆,未定级,是,140000,0,28,210,15.1197
364,北京市,孔庙和国子监博物馆,文化文物系统国有博物馆,二级,否,1917,1063,7,158,133.4541
365,北京市,老甲艺术馆,非国有博物馆,未定级,是,100,0,6,10,1.046
366,北京市,老舍纪念馆,文化文物系统国有博物馆,未定级,是,0,0,8,10,16.5705
367,北京市,李大钊烈士陵园,其他行业国有博物馆,未定级,是,1,0,1,7,5.256
368,北京市,六必居博物馆,其他行业国有博物馆,未定级,是,335,0,1,233,2.76
369,北京市,卢沟桥历史博物馆,文化文物系统国有博物馆,未定级,是,89,0,9,0,31
370,北京市,茅盾故居,文化文物系统国有博物馆,未定级,是,0,0,1,55,8.6695
371,北京市,梅兰芳纪念馆,文化文物系统国有博物馆,未定级,否,37268,871,4,7,3.227
372,北京市,密云区博物馆,文化文物系统国有博物馆,未定级,是,814,0,14,20,2.3179
373,北京市,民航博物馆,其他行业国有博物馆,一级,是,11923,9,9,220,22.1475
374,北京市,民族文化宫,其他行业国有博物馆,一级,是,647341,736,39,20,17.5405
375,北京市,明十三陵博物馆,文化文物系统国有博物馆,二级,否,2595,1015,14,26,139.4418
376,北京市,平北抗日战争纪念馆,其他行业国有博物馆,未定级,是,2009,2,6,23,7.5272
377,北京市,平西抗日战争纪念馆,文化文物系统国有博物馆,未定级,是,438,0,0,0,0
378,北京市,清华大学艺术博物馆,其他行业国有博物馆,一级,否,16337,482,18,48,66.5701
379,北京市,全聚德博物馆,其他行业国有博物馆,未定级,是,825,0,3,90,5
380,北京市,山戎文化陈列馆,文化文物系统国有博物馆,未定级,是,0,0,1,5,0.1503
381,北京市,上宅文化陈列馆,文化文物系统国有博物馆,未定级,是,238,4,2,3,1.1132
382,北京市,盛锡福博物馆,非国有博物馆,未定级,是,0,0,0,0,0
383,北京市,十三陵水库展览馆,其他行业国有博物馆,未定级,是,0,0,1,27,1.989
384,北京市,石景山区石刻博物馆,文化文物系统国有博物馆,未定级,否,332,0,3,24,4.4675
385,北京市,视障文化博物馆,其他行业国有博物馆,未定级,是,300,0,7,14,0.36
386,北京市,首都博物馆,文化文物系统国有博物馆,一级,是,1009668,63853,57,1740,440.1439
387,北京市,首都粮食博物馆,其他行业国有博物馆,未定级,是,889,0,1,0,1.04
388,北京市,水峪村生态博物馆,其他行业国有博物馆,未定级,是,300,0,7,0,1
389,北京市,宋庆龄故居管理中心,其他行业国有博物馆,一级,否,20360,71,8,800,33
390,北京市,铁道兵纪念馆,其他行业国有博物馆,未定级,是,10494,0,12,863,1.9523
391,北京市,通州区博物馆,文化文物系统国有博物馆,未定级,是,3793,86,1,0,3.0811
392,北京市,文化和旅游部恭王府博物馆,文化文物系统国有博物馆,一级,否,23291,310,27,324,602.0403
393,北京市,文天祥祠,文化文物系统国有博物馆,未定级,否,9,8,1,15,4.2422
394,北京市,西藏文化博物馆,其他行业国有博物馆,二级,是,32410,910,11,30,5
395,北京市,西黄寺博物馆,其他行业国有博物馆,未定级,是,60,0,9,30,5.78
396,北京市,香山革命纪念馆,其他行业国有博物馆,一级,是,14011,28,41,2605,32.5508
397,北京市,香山双清别墅,其他行业国有博物馆,未定级,是,336,0,3,76,72.7282
398,北京市,徐悲鸿纪念馆,文化文物系统国有博物馆,未定级,是,2417,1890,2,65,11.7746
399,北京市,延庆区地质博物馆,其他行业国有博物馆,未定级,是,350,0,6,30,2.8118
400,北京市,延庆石刻博物馆,文化文物系统国有博物馆,未定级,是,139,0,1,1,0.003
401,北京市,炎黄艺术馆,非国有博物馆,未定级,是,4213,0,38,10,1.3
402,北京市,颐和园博物馆,其他行业国有博物馆,未定级,否,38816,26344,9,18,150
403,北京市,瀛海文史馆,其他行业国有博物馆,未定级,是,434,0,1,0,0.1613
404,北京市,雍和宫藏传佛教艺术博物馆,其他行业国有博物馆,未定级,否,16562,3865,2,404,721.8041
405,北京市,永定河文化博物馆,文化文物系统国有博物馆,未定级,是,3686,0,5,17,6.3
406,北京市,园林博物馆,其他行业国有博物馆,一级,是,24395,491,17,1920,69.2019
407,北京市,圆明园博物馆,其他行业国有博物馆,未定级,是,715,18,7,3,168.2912
408,北京市,长辛店二七纪念馆,其他行业国有博物馆,未定级,是,30,6,1,0,4.8668
409,北京市,中国传媒大学传媒博物馆,其他行业国有博物馆,二级,是,12250,0,15,24,4.12
410,北京市,中国地质博物馆,其他行业国有博物馆,一级,否,119627,0,16,217,73.657
411,北京市,中国第四纪冰川遗迹陈列馆,文化文物系统国有博物馆,未定级,是,689,0,2,72,6.5864
412,北京市,中国电信博物馆,其他行业国有博物馆,二级,是,9358,0,1,138,2.2901
413,北京市,中国电影博物馆,其他行业国有博物馆,一级,是,39373,103,11,165,135.6304
414,北京市,中国法院博物馆,其他行业国有博物馆,未定级,是,6565,84,4,363,8.4142
415,北京市,中国佛教图书文物馆,其他行业国有博物馆,未定级,是,49999,0,3,0,10
416,北京市,中国妇女儿童博物馆,其他行业国有博物馆,一级,是,18685,388,17,102,276.019
417,北京市,中国工艺美术馆（中国非物质文化遗产馆）,文化文物系统国有博物馆,未定级,是,2783,0,31,752,123.6403
418,北京市,中国共产党历史展览馆,其他行业国有博物馆,未定级,是,4796,43,1,457,120
419,北京市,中国共产党早期北京革命活动纪念馆,文化文物系统国有博物馆,未定级,是,2199,0,7,353,98.27
420,北京市,中国古动物馆,其他行业国有博物馆,未定级,否,1000,0,5,200,24
421,北京市,中国国家博物馆,文化文物系统国有博物馆,一级,是,1440880,300826,58,218,695.683
422,北京市,中国国家画院美术馆,文化文物系统国有博物馆,未定级,是,13716,0,43,5,2
423,北京市,中国海关博物馆,其他行业国有博物馆,一级,是,5660,750,15,65,45.0929
424,北京市,中国航空博物馆,其他行业国有博物馆,一级,是,36744,17,25,1600,260.3868
425,北京市,中国航天博物馆,其他行业国有博物馆,未定级,否,745,0,1,8,10.8053
426,北京市,中国华侨历史博物馆,其他行业国有博物馆,一级,是,62193,219,31,312,6.7624
427,北京市,中国化工博物馆,其他行业国有博物馆,二级,是,7125,68,8,79,1.0032
428,北京市,中国考古博物馆（中国历史文化展示中心）,其他行业国有博物馆,未定级,是,48336,0,3,44,64.6009
429,北京市,中国科学技术馆,其他行业国有博物馆,一级,否,949,0,29,16194,493.8422
430,北京市,中国科学院动物研究所标本展示馆,其他行业国有博物馆,未定级,否,6500,0,2,68,35.1774
431,北京市,中国美术馆,文化文物系统国有博物馆,未定级,是,130000,0,105,1150,113.6716
432,北京市,中国蜜蜂博物馆,其他行业国有博物馆,未定级,是,1,0,24,60,20
433,北京市,中国木偶艺术剧院博物馆,其他行业国有博物馆,未定级,是,406,0,5,27,15
434,北京市,中国农业博物馆,其他行业国有博物馆,一级,是,100919,1679,13,67,226.6356
435,北京市,中国钱币博物馆,其他行业国有博物馆,未定级,是,219411,0,8,30,13.2
436,北京市,中国人民保险集团保险博物馆,其他行业国有博物馆,未定级,是,1263,0,1,0,0.2244
437,北京市,中国人民大学博物馆,其他行业国有博物馆,未定级,是,129962,0,23,38,6
438,北京市,中国人民大学家书博物馆,其他行业国有博物馆,未定级,是,71033,0,7,11,1.8976
439,北京市,中国人民革命军事博物馆,其他行业国有博物馆,一级,是,180844,493,9,1070,365.7268
440,北京市,中国人民抗日战争纪念馆,其他行业国有博物馆,一级,是,32506,225,17,976,78.5466
441,北京市,中国体育博物馆,其他行业国有博物馆,未定级,是,11306,73,2,13,19.4
442,北京市,中国铁道博物馆,其他行业国有博物馆,一级,是,16351,117,15,201,76.4195
443,北京市,中国现代文学馆,其他行业国有博物馆,一级,是,980530,642,16,504,27.6404
444,北京市,中国消防博物馆,其他行业国有博物馆,未定级,是,4483,0,5,9,14.6135
445,北京市,中国医史博物馆,其他行业国有博物馆,未定级,是,2100,0,1,0,0.32
446,北京市,中国印刷博物馆,其他行业国有博物馆,一级,是,352517,302672,8,334,5.9778
447,北京市,中国邮政邮票博物馆,其他行业国有博物馆,未定级,是,130000,0,8,6,8.2
448,北京市,中国长城博物馆,文化文物系统国有博物馆,三级,是,2502,260,3,4,1.1293
449,北京市,中华世纪坛艺术馆,其他行业国有博物馆,三级,是,41,0,43,484,114.4
450,北京市,中央美术学院美术馆,其他行业国有博物馆,未定级,否,21181,70,48,45,58.8939
451,北京市,中央民族大学民族博物馆,其他行业国有博物馆,未定级,是,43066,0,12,10,2
452,福建省,安溪县博物馆,文化文物系统国有博物馆,三级,是,5265,3072,24,131,13.6465
453,福建省,陈嘉庚纪念馆,其他行业国有博物馆,未定级,是,6515,0,16,58,90.8
454,福建省,大田县博物馆,文化文物系统国有博物馆,未定级,是,801,218,9,12,3.3596
455,福建省,德化县金煌陶瓷博物馆,非国有博物馆,未定级,是,3005,0,6,6,6.2125
456,福建省,德化县顺美海丝陶瓷历史博物馆,非国有博物馆,未定级,是,1175,0,16,102,18.1687
457,福建省,德化县陶瓷博物馆,文化文物系统国有博物馆,二级,是,10623,424,14,30,9.8288
458,福建省,东山县博物馆,文化文物系统国有博物馆,三级,是,1410,268,8,11,54.1434
459,福建省,福安市博物馆,文化文物系统国有博物馆,未定级,是,1794,115,3,4,1.0274
460,福建省,福鼎市博物馆,文化文物系统国有博物馆,未定级,是,713,128,6,1,3.7855
461,福建省,福建博物院,文化文物系统国有博物馆,一级,是,222760,41682,29,196,209.8151
462,福建省,福建民俗博物馆,文化文物系统国有博物馆,二级,是,5143,69,14,110,82.1185
463,福建省,福建闽越王城博物馆,文化文物系统国有博物馆,二级,是,4909,592,12,163,22.1513
464,福建省,福建邵武市南武夷古陶瓷馆,非国有博物馆,未定级,是,326,0,7,6,25.6946
465,福建省,福建省藏珑艺术博物馆,非国有博物馆,未定级,是,400,0,10,0,0.6542
466,福建省,福建省崇明古陶瓷博物馆,非国有博物馆,未定级,是,4078,0,2,2,1.0266
467,福建省,福建省春盏建窑文化博物馆,非国有博物馆,未定级,是,316,0,5,3,1.2685
468,福建省,福建省单勇地质古生物博物馆,非国有博物馆,未定级,否,668,0,5,8,0.6823
469,福建省,福建省东星石文化艺术博物馆,非国有博物馆,未定级,是,310,0,22,324,10.4541
470,福建省,福建省尔雅茶文化史博物馆,非国有博物馆,未定级,是,300,0,5,3,0.98
471,福建省,福建省革命历史纪念馆,其他行业国有博物馆,二级,是,17447,2153,10,40,50.5397
472,福建省,福建省鼓浪屿盘古文化博物馆,非国有博物馆,未定级,是,308,0,3,2,5.58
473,福建省,福建省鼓浪屿馅饼食品文化博物馆,非国有博物馆,未定级,否,427,0,1,0,1.6457
474,福建省,福建省海丝外销瓷博物馆,非国有博物馆,未定级,是,1166,0,4,5,0.9978
475,福建省,福建省海丝钟表博物馆,非国有博物馆,未定级,否,401,0,6,22,21.5432
476,福建省,福建省瀚承瓷玉博物馆,非国有博物馆,未定级,是,325,0,7,5,5.5931
477,福建省,福建省华光摄影艺术博物馆,非国有博物馆,未定级,是,10200,0,8,65,8.7
478,福建省,福建省黄羲博物馆,非国有博物馆,未定级,是,354,0,9,10,3.6002
479,福建省,福建省九朝汇宝博物馆,非国有博物馆,未定级,是,353,0,0,0,0
480,福建省,福建省罗源县博物馆,文化文物系统国有博物馆,未定级,是,2212,36,4,1,2.4542
481,福建省,福建省梦笔闽越陶瓷博物馆,非国有博物馆,未定级,是,314,0,2,0,0.268
482,福建省,福建省屏南耕读文化博物馆,非国有博物馆,未定级,是,29650,0,7,23,5.227
483,福建省,福建省浦城庆元山革命历史博物馆,非国有博物馆,未定级,是,322,0,2,1,0.8174
484,福建省,福建省泉州海外交通史博物馆,文化文物系统国有博物馆,一级,是,9630,1442,36,145,104.3389
485,福建省,福建省山海标本艺术博物馆,非国有博物馆,未定级,是,365,0,9,25,5.0415
486,福建省,福建省沈绍安漆艺博物馆,非国有博物馆,未定级,是,470,0,10,85,8.1506
487,福建省,福建省世茂海上丝绸之路博物馆,非国有博物馆,未定级,否,311,0,6,66,6.7932
488,福建省,福建省昙石山遗址博物馆,文化文物系统国有博物馆,二级,是,1675,823,5,14,36.9213
489,福建省,福建省土楼自然博物馆,非国有博物馆,未定级,否,35701,0,1,1,2.1053
490,福建省,福建省仙游县博物馆,文化文物系统国有博物馆,未定级,是,2691,818,13,16,15.439
491,福建省,福建省仙游县竹木人家文化艺术博物馆,非国有博物馆,未定级,是,816,0,8,1,1.2713
492,福建省,福建省仙作梦民俗博物馆,非国有博物馆,未定级,是,480,0,1,7,11.6868
493,福建省,福建省阳光木雕博物馆,非国有博物馆,未定级,是,366,0,3,0,0.8947
494,福建省,福建省英良石材自然历史博物馆,非国有博物馆,未定级,是,2927,0,7,116,12.334
495,福建省,福建省雨田古代玉器博物馆,非国有博物馆,三级,否,405,0,11,24,6.17
496,福建省,福建省源古历史博物馆,非国有博物馆,未定级,是,657,0,5,23,2.264
497,福建省,福建省漳州市博物馆,文化文物系统国有博物馆,二级,是,11914,2056,26,74,45.0921
498,福建省,福建省长汀县博物馆,文化文物系统国有博物馆,二级,是,5118,1540,7,19,105.0248
499,福建省,福建省贞美历史文化博物馆,非国有博物馆,未定级,是,303,0,2,5,1.443
500,福建省,福建省志华根艺博物馆,非国有博物馆,未定级,是,353,0,7,40,2
501,福建省,福建天天筷子文化博物馆,非国有博物馆,未定级,是,351,0,7,5,1.6013
502,福建省,福建土楼博物馆,文化文物系统国有博物馆,二级,是,10177,1022,8,10,23.155
503,福建省,福建中国闽台缘博物馆,文化文物系统国有博物馆,一级,是,24448,691,18,300,85.6539
504,福建省,福清市博物馆,文化文物系统国有博物馆,未定级,是,1627,55,25,71,8.4464
505,福建省,福州大学地矿博物馆,其他行业国有博物馆,未定级,是,1749,0,7,5,0.4535
506,福建省,福州马江海战纪念馆,文化文物系统国有博物馆,三级,是,409,48,7,83,15.746
507,福建省,福州市博物馆,文化文物系统国有博物馆,二级,是,9050,2756,11,49,107.8952
508,福建省,福州市仓山区博物馆,文化文物系统国有博物馆,未定级,是,174,44,3,43,1.198
509,福建省,福州市鼓楼区博物馆,文化文物系统国有博物馆,三级,是,1042,336,10,35,52.7885
510,福建省,福州市晋安区中国寿山石馆,文化文物系统国有博物馆,未定级,是,780,15,10,12,7.6285
511,福建省,福州市林则徐纪念馆,文化文物系统国有博物馆,二级,是,407,152,19,188,168.1795
512,福建省,福州市台江区博物馆,文化文物系统国有博物馆,未定级,是,142,41,8,30,10.889
513,福建省,福州市长乐区博物馆,文化文物系统国有博物馆,二级,是,4445,307,21,21,8.2312
514,福建省,福州市长乐区郑和史迹陈列馆,文化文物系统国有博物馆,未定级,是,38,1,4,13,5.8817
515,福建省,古田会议纪念馆,文化文物系统国有博物馆,一级,是,20229,2081,23,20,143.3846
516,福建省,古田县博物馆,文化文物系统国有博物馆,三级,是,7026,371,12,40,6.9578
517,福建省,谷文昌纪念馆,其他行业国有博物馆,未定级,是,1004,0,1,3,18.6189
518,福建省,故宫鼓浪屿外国文物馆,文化文物系统国有博物馆,未定级,否,216,214,7,120,13.4662
519,福建省,光泽县博物馆,文化文物系统国有博物馆,未定级,是,2038,501,6,10,2.593
520,福建省,华安县博物馆,文化文物系统国有博物馆,未定级,是,2244,113,7,8,4.2355
521,福建省,华侨博物院,其他行业国有博物馆,一级,是,8181,279,30,192,34.4735
522,福建省,惠安县博物馆,文化文物系统国有博物馆,未定级,是,1755,383,5,16,8.2
523,福建省,建宁县中央苏区反“围剿”纪念馆,文化文物系统国有博物馆,三级,是,1288,540,16,6,18.5266
524,福建省,建瓯市博物馆,文化文物系统国有博物馆,未定级,是,1917,1352,6,5,5.1773
525,福建省,将乐县博物馆,文化文物系统国有博物馆,二级,是,2035,2009,15,8,13.3624
526,福建省,晋江市博物馆,文化文物系统国有博物馆,二级,是,16904,1056,22,78,12.5212
527,福建省,客家族谱博物馆,文化文物系统国有博物馆,二级,是,29073,687,8,33,42.6115
528,福建省,连城县博物馆,文化文物系统国有博物馆,三级,是,12451,358,10,8,79.0939
529,福建省,连城县新泉整训纪念馆,文化文物系统国有博物馆,未定级,是,1956,985,7,71,45.4233
530,福建省,连江县博物馆,文化文物系统国有博物馆,未定级,是,4380,1777,9,7,2.2144
531,福建省,龙岩博物馆,文化文物系统国有博物馆,三级,是,6048,932,19,24,26.4627
532,福建省,龙岩市博物馆,文化文物系统国有博物馆,二级,是,16876,293,13,23,18.1321
533,福建省,龙岩市善书堂客家耕读博物馆,非国有博物馆,未定级,是,780,0,2,4,0.8906
534,福建省,龙岩市永定区博物馆,文化文物系统国有博物馆,未定级,是,3329,814,10,2,4.5101
535,福建省,毛泽东才溪乡调查纪念馆,文化文物系统国有博物馆,二级,是,2916,1324,11,19,65.1366
536,福建省,毛主席率领红军攻克漳州纪念馆,文化文物系统国有博物馆,三级,是,1795,497,13,44,16.682
537,福建省,闽东革命纪念馆,文化文物系统国有博物馆,未定级,是,535,113,4,26,11.2622
538,福建省,闽东畲族文物馆,其他行业国有博物馆,未定级,是,1286,0,8,34,7.2951
539,福建省,闽侯县博物馆,文化文物系统国有博物馆,三级,是,2058,736,8,24,13.6478
540,福建省,闽清县博物馆,文化文物系统国有博物馆,未定级,是,476,89,4,4,2.4581
541,福建省,闽西革命烈士纪念馆,其他行业国有博物馆,未定级,是,180,0,3,15,22.5808
542,福建省,明溪县博物馆,文化文物系统国有博物馆,未定级,是,274,171,4,4,1.6524
543,福建省,南安市博物馆,文化文物系统国有博物馆,三级,是,1490,730,7,76,9.88
544,福建省,南安市郑成功纪念馆,文化文物系统国有博物馆,未定级,是,70,0,3,90,4.2866
545,福建省,南靖县博物馆,文化文物系统国有博物馆,未定级,是,443,273,6,21,3.5482
546,福建省,南平市博物馆,文化文物系统国有博物馆,二级,是,8033,2197,16,84,12.4711
547,福建省,南平市建阳区博物馆,文化文物系统国有博物馆,未定级,是,4212,1062,5,4,1.6456
548,福建省,宁德市博物馆（福建省闽东畲族博物馆）,文化文物系统国有博物馆,三级,是,3605,482,11,15,9.9623
549,福建省,宁德市蕉城区博物馆,文化文物系统国有博物馆,未定级,是,772,80,4,4,4.5111
550,福建省,宁化县革命纪念馆,文化文物系统国有博物馆,三级,是,2575,1342,5,9,35.8025
551,福建省,平和县博物馆,文化文物系统国有博物馆,三级,是,1542,372,8,30,10.9674
552,福建省,屏南县博物馆,文化文物系统国有博物馆,未定级,是,2717,194,5,4,0.715
553,福建省,屏南县长青根艺文化博物馆,非国有博物馆,未定级,是,315,0,9,12,12.85
554,福建省,莆田市博物馆,文化文物系统国有博物馆,二级,是,17405,1625,20,70,54.2
555,福建省,浦城县博物馆,文化文物系统国有博物馆,三级,是,7527,1615,10,41,14.0154
556,福建省,浦城县双田乡村振兴博物馆,非国有博物馆,未定级,是,644,0,1,3,0.5109
557,福建省,清流县博物馆,文化文物系统国有博物馆,未定级,是,442,230,7,10,7.687
558,福建省,泉州华侨历史博物馆,其他行业国有博物馆,三级,是,706,148,12,36,14.6061
559,福建省,泉州市博物馆,文化文物系统国有博物馆,二级,是,10566,464,18,35,68.8101
560,福建省,泉州市泉港区博物馆,文化文物系统国有博物馆,未定级,是,947,6,3,5,3.8
561,福建省,三明市博物馆,文化文物系统国有博物馆,二级,是,4270,1371,10,27,29.2058
562,福建省,三明市沙县区博物馆,文化文物系统国有博物馆,未定级,是,1037,441,7,26,21.3837
563,福建省,三明市万寿岩遗址博物馆,文化文物系统国有博物馆,二级,是,3458,503,3,70,11.053
564,福建省,厦门奥林匹克博物馆,非国有博物馆,三级,否,5089,0,12,45,2.4464
565,福建省,厦门大学人类博物馆,其他行业国有博物馆,未定级,是,7439,425,8,285,21.0077
566,福建省,厦门市博物馆,文化文物系统国有博物馆,一级,是,75405,4184,27,281,316.0012
567,福建省,厦门市同安区博物馆,文化文物系统国有博物馆,未定级,是,1562,381,12,72,7.8
568,福建省,厦门市悦成老爷车博物馆,非国有博物馆,未定级,是,300,0,4,6,0.7382
569,福建省,上杭县博物馆,文化文物系统国有博物馆,二级,是,15236,1780,14,16,30.2361
570,福建省,邵武市博物馆,文化文物系统国有博物馆,三级,是,5666,1897,9,20,10.1539
571,福建省,邵武市华南镜画博物馆,非国有博物馆,未定级,是,589,0,9,4,1.2282
572,福建省,石狮市博物馆,文化文物系统国有博物馆,未定级,是,2665,0,19,15,10.0166
573,福建省,寿宁县博物馆,文化文物系统国有博物馆,未定级,是,545,36,4,2,8.6402
574,福建省,顺昌县博物馆,文化文物系统国有博物馆,未定级,是,1458,1025,6,10,9.8053
575,福建省,松溪县博物馆,文化文物系统国有博物馆,未定级,是,1938,516,4,3,1.5236
576,福建省,泰宁县博物馆,文化文物系统国有博物馆,三级,是,2805,1133,11,12,46.896
577,福建省,武平县博物馆,文化文物系统国有博物馆,二级,是,10097,1249,17,42,13.8428
578,福建省,武夷山市博物馆,文化文物系统国有博物馆,未定级,是,1040,260,15,15,40.8077
579,福建省,武夷山市云飞红色收藏博物馆,非国有博物馆,未定级,是,1011,0,8,7,3.3569
580,福建省,霞浦县博物馆,文化文物系统国有博物馆,二级,是,1693,192,16,59,12.6108
581,福建省,永安市博物馆,文化文物系统国有博物馆,未定级,是,1909,329,11,24,7.2898
582,福建省,永春县博物馆,文化文物系统国有博物馆,未定级,是,310,310,4,2,3.965
583,福建省,永泰县博物馆,文化文物系统国有博物馆,未定级,是,53,10,4,36,7.1359
584,福建省,尤溪县博物馆,文化文物系统国有博物馆,三级,是,1718,1229,22,12,19.6032
585,福建省,云霄县博物馆,文化文物系统国有博物馆,未定级,是,2078,182,6,23,6.53
586,福建省,漳平市博物馆,文化文物系统国有博物馆,三级,是,2224,572,11,6,11.63
587,福建省,漳浦县博物馆,文化文物系统国有博物馆,未定级,是,1500,780,14,13,5.1
588,福建省,漳州市龙海区博物馆,文化文物系统国有博物馆,未定级,是,5200,484,7,10,5.0132
589,福建省,漳州市龙文区博物馆,文化文物系统国有博物馆,未定级,是,229,2,1,6,15.3084
590,福建省,漳州市长泰区博物馆,文化文物系统国有博物馆,三级,是,2547,2070,7,8,10.6371
591,福建省,漳州市中国女排精神展示馆,文化文物系统国有博物馆,未定级,是,6675,0,3,10,20.1
592,福建省,诏安县博物馆,文化文物系统国有博物馆,未定级,是,575,0,5,3,0.9638
593,福建省,柘荣县博物馆,文化文物系统国有博物馆,三级,是,11751,304,10,6,14.2985
594,福建省,政和县博物馆,文化文物系统国有博物馆,未定级,是,1841,407,6,1,4.1075
595,福建省,中国船政文化博物馆,文化文物系统国有博物馆,二级,是,1417,465,19,28,74.8702
596,福建省,中央苏区（闽西）历史博物馆,文化文物系统国有博物馆,一级,是,12827,2652,23,20,30.7697
597,福建省,周宁县博物馆,文化文物系统国有博物馆,未定级,是,1165,9,3,3,1.5389
598,甘肃省,阿克塞哈萨克族自治县博物馆,文化文物系统国有博物馆,二级,是,1729,54,5,61,1.1213
599,甘肃省,八路军兰州办事处纪念馆,文化文物系统国有博物馆,未定级,是,319,78,5,70,49.4674
600,甘肃省,白银国家矿山精神纪念馆,其他行业国有博物馆,未定级,是,347,2,9,70,11.7
601,甘肃省,白银会州博物馆,非国有博物馆,未定级,是,1200,0,4,4,4.2435
602,甘肃省,白银尚文坊博物馆,非国有博物馆,未定级,是,1206,0,4,2,0.8753
603,甘肃省,白银市白银区十方博物馆,非国有博物馆,未定级,是,5000,0,5,3,0.2876
604,甘肃省,白银市博物馆,文化文物系统国有博物馆,二级,是,5417,317,11,193,28.6835
605,甘肃省,白银市平川区博物馆,文化文物系统国有博物馆,未定级,是,1053,19,4,24,0.6779
606,甘肃省,白银市西翼博物馆,非国有博物馆,未定级,是,350,0,4,4,0.185
607,甘肃省,包家寨革命纪念馆,文化文物系统国有博物馆,未定级,是,657,0,5,48,19.5432
608,甘肃省,保至善纪念馆,文化文物系统国有博物馆,未定级,是,232,4,6,109,14.8327
609,甘肃省,成县博物馆,文化文物系统国有博物馆,未定级,是,745,154,10,25,4.6423
610,甘肃省,成县红二方面军长征纪念馆,其他行业国有博物馆,未定级,是,7,0,6,41,4.6423
611,甘肃省,崇信县博物馆,文化文物系统国有博物馆,未定级,是,15731,351,3,42,5.4354
612,甘肃省,大地湾博物馆（甘肃大地湾文物保护研究所）,文化文物系统国有博物馆,二级,是,4200,68,9,28,41.38
613,甘肃省,宕昌县博物馆,文化文物系统国有博物馆,未定级,是,501,92,2,24,1.2389
614,甘肃省,迭部县博物馆,文化文物系统国有博物馆,未定级,是,770,12,3,38,5.5926
615,甘肃省,迭部县腊子口战役纪念馆,其他行业国有博物馆,未定级,是,384,10,9,23,1.489
616,甘肃省,定西陇中皮影博物馆,非国有博物馆,未定级,是,520,0,2,20,0.26
617,甘肃省,定西市安定区博物馆,文化文物系统国有博物馆,未定级,是,2851,265,5,37,5.12
618,甘肃省,定西市博物馆,文化文物系统国有博物馆,二级,是,1291,285,25,67,28.3337
619,甘肃省,定西市马家窑彩陶博物馆,非国有博物馆,未定级,是,2000,0,5,3,0.0366
620,甘肃省,定西众甫博物馆,非国有博物馆,未定级,是,1129,0,0,0,0
621,甘肃省,东乡族自治县博物馆,文化文物系统国有博物馆,三级,是,1136,109,9,51,5.3673
622,甘肃省,东乡族自治县布楞沟博物馆,其他行业国有博物馆,未定级,是,64,0,5,13,5.3656
623,甘肃省,东乡族自治县民俗博物馆,文化文物系统国有博物馆,未定级,是,86,0,0,0,0
624,甘肃省,读者博物馆,其他行业国有博物馆,未定级,是,2000,0,3,350,15.3627
625,甘肃省,读者插图艺术馆,其他行业国有博物馆,未定级,是,460,0,2,350,15.3627
626,甘肃省,敦煌市博物馆,文化文物系统国有博物馆,二级,是,14066,1947,22,72,65.9727
627,甘肃省,敦煌市皇宝地矿博物馆,非国有博物馆,未定级,否,969,0,0,0,0
628,甘肃省,敦煌市阳关博物馆,非国有博物馆,二级,否,2739,442,4,52,48.7365
629,甘肃省,敦煌雅丹国家地质公园地学博物馆,其他行业国有博物馆,未定级,是,300,0,2,58,29.6615
630,甘肃省,敦煌研究院,文化文物系统国有博物馆,一级,否,6917,549,21,60,238.786
631,甘肃省,敦煌艺术馆,文化文物系统国有博物馆,未定级,是,147,0,1,25,44.2405
632,甘肃省,敦煌自然博物馆,其他行业国有博物馆,未定级,否,0,0,0,0,0
633,甘肃省,佛慈1929工业博物馆,其他行业国有博物馆,未定级,是,323,0,6,560,1.5367
634,甘肃省,甘谷县博物馆,文化文物系统国有博物馆,三级,是,1628,135,8,32,10.0432
635,甘肃省,甘南藏族自治州博物馆,文化文物系统国有博物馆,未定级,是,2478,203,7,46,5.4673
636,甘肃省,甘南州迭部县茨日那民俗博物馆,非国有博物馆,未定级,是,777,0,1,1,0.998
637,甘肃省,甘肃地质博物馆,其他行业国有博物馆,未定级,是,38322,0,10,25,9.0107
638,甘肃省,甘肃敦煌阳关国家级自然保护区动植物标本展览馆,其他行业国有博物馆,未定级,是,328,0,1,0,0
639,甘肃省,甘肃公路博物馆,其他行业国有博物馆,未定级,是,8215,18,11,24,4.3354
640,甘肃省,甘肃简牍博物馆,文化文物系统国有博物馆,一级,是,50121,31930,17,693,113.9945
641,甘肃省,甘肃九源文化博物馆,非国有博物馆,未定级,是,1987,0,1,9,0.512
642,甘肃省,甘肃马家窑彩陶文化博物馆,非国有博物馆,未定级,是,851,246,1,0,0.56
643,甘肃省,甘肃钱币博物馆,其他行业国有博物馆,未定级,是,12484,0,4,12,0.19
644,甘肃省,甘肃三木自行车博物馆,非国有博物馆,二级,是,100644,0,14,45,25.5326
645,甘肃省,甘肃省博物馆,文化文物系统国有博物馆,一级,是,89920,52202,21,445,249.442
646,甘肃省,甘肃省礼县博物馆,文化文物系统国有博物馆,二级,是,7789,798,4,13,24.831
647,甘肃省,甘肃省陇西县博物馆,文化文物系统国有博物馆,二级,是,1688,544,9,78,17.6437
648,甘肃省,甘肃省水利博物馆,其他行业国有博物馆,未定级,是,2816,0,15,4,3.5647
649,甘肃省,甘肃四方博物馆,非国有博物馆,未定级,是,862,0,1,0,2.568
650,甘肃省,甘肃天庆博物馆,非国有博物馆,三级,是,5050,0,10,51,20.3438
651,甘肃省,甘肃永登鲁土司衙门博物馆,文化文物系统国有博物馆,未定级,否,74,8,1,7,3.25
652,甘肃省,甘肃中医药大学博物馆,其他行业国有博物馆,未定级,是,7000,0,5,5,0.7823
653,甘肃省,甘肃舟曲特大山洪泥石流抢险救援纪念馆,其他行业国有博物馆,未定级,是,122,0,3,58,12.4354
654,甘肃省,甘州区博物馆,文化文物系统国有博物馆,二级,是,1783,166,1,69,25.132
655,甘肃省,皋兰县博物馆,文化文物系统国有博物馆,未定级,是,210,18,6,35,5.2375
656,甘肃省,高台民俗博物馆,非国有博物馆,未定级,是,467,0,9,1,7.5634
657,甘肃省,高台县博物馆,文化文物系统国有博物馆,二级,是,3104,735,22,53,16.6435
658,甘肃省,高台县西部连环画博物馆,非国有博物馆,未定级,是,2131,0,2,0,0.0016
659,甘肃省,高台县西部民俗记忆博物馆,非国有博物馆,未定级,是,1068,0,5,2,6.724
660,甘肃省,高台县像章博物馆,非国有博物馆,未定级,是,12723,0,2,17,3.6756
661,甘肃省,古浪县博物馆,文化文物系统国有博物馆,三级,是,1239,148,13,48,5.7478
662,甘肃省,古浪战役纪念馆,文化文物系统国有博物馆,未定级,是,651,7,4,1855,51.5501
663,甘肃省,瓜州县博物馆,文化文物系统国有博物馆,未定级,是,2322,185,5,65,5.308
664,甘肃省,瓜州县桥湾博物馆,非国有博物馆,未定级,是,456,0,1,20,0.56
665,甘肃省,瓜州县丝绸之路艺术博物馆,非国有博物馆,未定级,是,3566,0,6,5,1.6201
666,甘肃省,广河县齐家文化博物馆,文化文物系统国有博物馆,二级,是,4518,422,6,35,13.1138
667,甘肃省,哈达铺红军长征纪念馆,文化文物系统国有博物馆,未定级,是,367,154,4,41,47.8622
668,甘肃省,合作市民俗博物馆,文化文物系统国有博物馆,未定级,否,1,0,0,0,0
669,甘肃省,和政古动物化石博物馆,其他行业国有博物馆,一级,是,5349,0,4,52,53.6749
670,甘肃省,和政县桦林古动物化石埋藏原址博物馆,其他行业国有博物馆,未定级,否,137,0,1,18,8.3509
671,甘肃省,和政县肋巴佛革命纪念馆,其他行业国有博物馆,未定级,是,549,8,6,100,4.3251
672,甘肃省,红军西征胜利纪念馆,文化文物系统国有博物馆,未定级,是,662,84,1,35,2.3612
673,甘肃省,红军长征胜利纪念馆,文化文物系统国有博物馆,三级,是,1541,118,8,2336,142.3453
674,甘肃省,红西路军安西战役纪念馆,文化文物系统国有博物馆,未定级,是,563,7,6,85,11.3423
675,甘肃省,华池县博物馆,文化文物系统国有博物馆,未定级,是,1968,582,5,17,3.5674
676,甘肃省,华亭工委纪念馆,其他行业国有博物馆,未定级,是,78,3,3,465,5.21
677,甘肃省,华亭市博物馆,文化文物系统国有博物馆,二级,是,3617,151,10,52,6.9992
678,甘肃省,环县博物馆,文化文物系统国有博物馆,三级,是,4780,668,5,26,10.7781
679,甘肃省,徽县博物馆,文化文物系统国有博物馆,三级,是,1066,194,10,39,5.6816
680,甘肃省,徽县徽成两康战役纪念馆,其他行业国有博物馆,未定级,是,201,40,3,25,5.2209
681,甘肃省,会宁县博物馆,文化文物系统国有博物馆,二级,是,3937,344,12,87,15.206
682,甘肃省,积石山保安族东乡族撒拉族自治县博物馆,文化文物系统国有博物馆,未定级,是,2549,327,2,61,0
683,甘肃省,嘉峪关城市博物馆,文化文物系统国有博物馆,三级,是,1145,4,8,80,5.6575
684,甘肃省,嘉峪关观复丝路博物馆,非国有博物馆,未定级,是,600,0,5,0,0.67
685,甘肃省,嘉峪关史前文化博物馆,非国有博物馆,未定级,是,1030,0,6,0,3.58
686,甘肃省,嘉峪关新城魏晋壁画墓博物馆,文化文物系统国有博物馆,未定级,否,0,0,1,0,1.2208
687,甘肃省,嘉峪关雄关博物馆,非国有博物馆,未定级,是,764,70,1,2,0.3115
688,甘肃省,嘉峪关长城博物馆,文化文物系统国有博物馆,二级,是,2277,299,5,73,30.7674
689,甘肃省,金昌市博物馆,文化文物系统国有博物馆,二级,是,5626,199,9,51,7.4331
690,甘肃省,金昌市金川区博物馆（美术馆）,文化文物系统国有博物馆,未定级,是,1700,28,8,32,4.6118
691,甘肃省,金川区镍都开拓者纪念馆,其他行业国有博物馆,未定级,是,244,0,5,412,5.481
692,甘肃省,金塔县博物馆,文化文物系统国有博物馆,二级,是,6781,185,16,50,7.3098
693,甘肃省,泾川县博物馆,文化文物系统国有博物馆,未定级,是,1810,679,13,36,10.2437
694,甘肃省,景泰县博物馆,文化文物系统国有博物馆,未定级,是,1066,240,5,54,5.2679
695,甘肃省,靖远县博物馆,文化文物系统国有博物馆,三级,是,4013,387,8,105,10.1034
696,甘肃省,靖远县红军渡河战役纪念馆,其他行业国有博物馆,未定级,是,1502,94,4,49,3.4625
697,甘肃省,静宁县博物馆,文化文物系统国有博物馆,三级,是,4017,1043,7,65,7.4683
698,甘肃省,静宁县界石铺红军长征毛泽东旧居纪念馆,其他行业国有博物馆,未定级,是,574,0,7,800,20.8756
699,甘肃省,酒泉酒文化博物馆,非国有博物馆,未定级,是,196,0,7,4,6.5467
700,甘肃省,酒泉民俗博物馆,非国有博物馆,未定级,否,12600,0,10,4,2.3453
701,甘肃省,酒泉起义纪念馆,文化文物系统国有博物馆,未定级,是,136,0,4,28,3.6307
702,甘肃省,酒泉市博物馆,文化文物系统国有博物馆,二级,是,6613,250,23,23,29.8324
703,甘肃省,酒泉市肃州区博物馆,文化文物系统国有博物馆,未定级,是,6789,575,6,48,0.6734
704,甘肃省,酒泉市天宝石文化博物馆,非国有博物馆,未定级,是,391,0,2,5,3.2538
705,甘肃省,酒泉市钰盛缘宝玉石博物馆,非国有博物馆,未定级,是,24400,0,4,1,1.326
706,甘肃省,酒泉市裕固族民俗博物馆,其他行业国有博物馆,未定级,是,230,0,0,0,0
707,甘肃省,康乐县博物馆,文化文物系统国有博物馆,三级,是,4017,379,12,65,13.3569
708,甘肃省,康乐县景古红色政权纪念馆,其他行业国有博物馆,未定级,是,54,0,3,22,9.3004
709,甘肃省,康县博物馆,文化文物系统国有博物馆,未定级,是,1136,95,3,32,5.123
710,甘肃省,康县陇南根据地纪念馆,其他行业国有博物馆,未定级,是,480,16,3,34,5.4268
711,甘肃省,兰州彩陶艺术博物馆,非国有博物馆,未定级,是,389,343,1,0,0.11
712,甘肃省,兰州大学博物馆,其他行业国有博物馆,未定级,是,230000,120,9,380,5.8191
713,甘肃省,兰州德宇轩博物馆,非国有博物馆,未定级,是,400,0,5,2,0.1053
714,甘肃省,兰州非物质文化遗产陈列馆,其他行业国有博物馆,未定级,是,344,0,7,51,28.9043
715,甘肃省,兰州瑞宝圆博物馆,非国有博物馆,未定级,是,300,0,1,0,2.3505
716,甘肃省,兰州市博物馆,文化文物系统国有博物馆,一级,是,12728,930,10,55,91.0327
717,甘肃省,兰州市城关区中共甘肃工委纪念馆,其他行业国有博物馆,未定级,是,350,16,3,65,40.7726
718,甘肃省,兰州市地震博物馆,其他行业国有博物馆,三级,是,690,0,7,20,3.0194
719,甘肃省,兰州市红古区博物馆,文化文物系统国有博物馆,未定级,是,648,19,4,16,5.9037
720,甘肃省,兰州市西固区博物馆,文化文物系统国有博物馆,未定级,是,103,42,14,53,9.2336
721,甘肃省,兰州永顺成博物馆,非国有博物馆,未定级,是,329,0,1,2,0.1719
722,甘肃省,兰州战役纪念馆,其他行业国有博物馆,未定级,是,632,41,5,27,30.4098
723,甘肃省,梨园口战役纪念馆,其他行业国有博物馆,未定级,是,353,18,6,19,18.6635
724,甘肃省,礼县龙池湾战役纪念馆,其他行业国有博物馆,未定级,是,97,1,3,26,5.6582
725,甘肃省,两当兵变纪念馆,其他行业国有博物馆,未定级,是,755,78,9,72,41.15
726,甘肃省,两当县博物馆,文化文物系统国有博物馆,未定级,是,889,52,6,66,4.8454
727,甘肃省,临潭县博物馆,文化文物系统国有博物馆,未定级,否,155,25,0,4,0.868
728,甘肃省,临潭县古洮州江淮文化博物馆,非国有博物馆,未定级,是,688,0,1,5,0.3798
729,甘肃省,临潭县洮州民俗文化博物馆,文化文物系统国有博物馆,未定级,是,1642,0,12,40,6.7912
730,甘肃省,临洮洮河石文化博物馆,非国有博物馆,未定级,是,472,0,11,19,2.4544
731,甘肃省,临洮县博物馆,文化文物系统国有博物馆,二级,是,1279,215,16,72,15.2308
732,甘肃省,临洮县陇右革命纪念馆,其他行业国有博物馆,未定级,是,1004,5,5,41,10.4331
733,甘肃省,临夏回族自治州彩陶馆（州博物馆）,文化文物系统国有博物馆,一级,是,36341,3251,13,55,48.6286
734,甘肃省,临夏市博物馆,文化文物系统国有博物馆,三级,是,2255,578,8,32,21.3748
735,甘肃省,临夏市古经博物馆,非国有博物馆,未定级,是,2000,0,1,0,0.5463
736,甘肃省,临夏市胡廷珍烈士纪念馆,其他行业国有博物馆,未定级,是,16,14,2,28,11.1448
737,甘肃省,临夏县博物馆,文化文物系统国有博物馆,未定级,是,89,0,1,3,0.3254
738,甘肃省,临夏砖雕博物馆,非国有博物馆,未定级,是,504,0,4,8,0.7342
739,甘肃省,临泽县博物馆,文化文物系统国有博物馆,未定级,是,3247,125,8,83,5.95
740,甘肃省,灵台县博物馆,文化文物系统国有博物馆,二级,是,7546,1729,17,42,7.6738
741,甘肃省,灵台县皇甫谧纪念馆,其他行业国有博物馆,未定级,是,43,0,9,45,7.3461
742,甘肃省,刘家峡恐龙馆,其他行业国有博物馆,未定级,否,650,0,2,30,6.4587
743,甘肃省,陇东古石刻艺术博物馆,文化文物系统国有博物馆,未定级,是,3502,731,11,44,16.0419
744,甘肃省,陇东木艺庆阳古典家具博物馆,非国有博物馆,未定级,是,799,0,1,2,0.41
745,甘肃省,陇南市博物馆,文化文物系统国有博物馆,未定级,是,1278,185,7,59,16.5867
746,甘肃省,陇西县耕读博物馆,非国有博物馆,未定级,是,862,0,29,8,0.3421
747,甘肃省,陇西县莫建成艺术博物馆,非国有博物馆,未定级,是,300,20,11,20,11.9105
748,甘肃省,陇西中共陇右工委纪念馆,文化文物系统国有博物馆,未定级,是,100,0,2,600,4.0937
749,甘肃省,碌曲县博物馆,文化文物系统国有博物馆,未定级,否,56,0,0,0,0
750,甘肃省,玛曲县民俗博物馆,文化文物系统国有博物馆,未定级,是,0,0,0,0,0
751,甘肃省,玛曲县宣侠父烈士纪念馆,其他行业国有博物馆,未定级,是,33,0,1,480,2.201
752,甘肃省,麦积山石窟艺术博物馆,文化文物系统国有博物馆,未定级,是,2066,116,2,0,0
753,甘肃省,民乐县博物馆,文化文物系统国有博物馆,未定级,是,1811,288,7,26,11.5621
754,甘肃省,民勤防沙治沙纪念馆,文化文物系统国有博物馆,未定级,是,168,0,1,116,4.1298
755,甘肃省,民勤沙井文化民俗博物馆,非国有博物馆,未定级,是,1482,0,18,20,1.5468
756,甘肃省,民勤县博物馆,文化文物系统国有博物馆,未定级,是,952,67,1,27,3.5677
757,甘肃省,岷县博物馆,文化文物系统国有博物馆,三级,是,919,183,9,59,8.6855
758,甘肃省,岷县民族民俗博物馆,非国有博物馆,未定级,是,610,0,0,0,0
759,甘肃省,岷县岷州博物馆,非国有博物馆,未定级,是,363,0,0,0,0.1534
760,甘肃省,南梁革命纪念馆,其他行业国有博物馆,二级,是,1506,294,9,17,111.8281
761,甘肃省,宁县博物馆,文化文物系统国有博物馆,未定级,是,3735,597,8,46,13.254
762,甘肃省,宁县革命历史纪念馆（宁县王孝锡烈士纪念馆）,其他行业国有博物馆,未定级,是,110,5,4,24,5.2697
763,甘肃省,平东工委纪念馆,其他行业国有博物馆,未定级,是,155,3,5,184,2.8909
764,甘肃省,平凉市博物馆,文化文物系统国有博物馆,一级,是,7458,1390,14,148,85.2268
765,甘肃省,秦安县博物馆,文化文物系统国有博物馆,三级,是,3681,790,11,38,8.5673
766,甘肃省,秦腔博物馆,文化文物系统国有博物馆,未定级,是,387,43,5,51,28.9043
767,甘肃省,清水县博物馆,文化文物系统国有博物馆,三级,是,5696,614,8,50,15.657
768,甘肃省,庆城县博物馆,文化文物系统国有博物馆,二级,是,2389,388,9,56,21.43
769,甘肃省,庆城县农耕文化博物馆,其他行业国有博物馆,未定级,是,1489,0,6,0,1.2033
770,甘肃省,庆阳岐黄中医药文化博物馆,其他行业国有博物馆,未定级,否,923,33,1,2,1.1365
771,甘肃省,庆阳仁民香包博物馆,非国有博物馆,未定级,是,267,0,4,6,0.478
772,甘肃省,庆阳市博物馆,文化文物系统国有博物馆,二级,是,8008,1919,23,140,31.7169
773,甘肃省,庆阳市前进工业遗产博物馆,非国有博物馆,未定级,是,481,0,6,20,0.3742
774,甘肃省,庆阳市西峰区博物馆,文化文物系统国有博物馆,三级,是,1090,187,4,31,7.4635
775,甘肃省,山城堡战役纪念馆,其他行业国有博物馆,未定级,是,317,5,2,35,18.3033
776,甘肃省,山丹艾黎纪念馆,其他行业国有博物馆,三级,是,5176,104,11,43,12.3596
777,甘肃省,山丹汉明长城博物馆,文化文物系统国有博物馆,未定级,是,59,0,1,60,0.625
778,甘肃省,山丹县博物馆(艾黎捐赠文物陈列馆）,文化文物系统国有博物馆,二级,是,2759,1245,8,38,14.5632
779,甘肃省,陕甘宁边区陇东分区纪念馆,其他行业国有博物馆,未定级,是,135,6,7,24,10.9345
780,甘肃省,石窝会议纪念馆,其他行业国有博物馆,未定级,是,55,0,5,42,6.7245
781,甘肃省,肃北蒙古族自治县博物馆,文化文物系统国有博物馆,未定级,是,1211,7,10,55,3.6112
782,甘肃省,肃南裕固族自治县民族博物馆,文化文物系统国有博物馆,二级,是,1554,328,10,69,4.5764
783,甘肃省,肃南裕固族自治县裕固族民俗博物馆,非国有博物馆,未定级,是,639,0,8,32,2.226
784,甘肃省,天水成纪博物馆,非国有博物馆,未定级,是,25123,70,13,65,21.4492
785,甘肃省,天水民俗博物馆,文化文物系统国有博物馆,二级,是,2511,0,34,75,43.3325
786,甘肃省,天水岷山军工博物馆,其他行业国有博物馆,未定级,是,463,0,9,26,16.6567
787,甘肃省,天水农耕博物馆,其他行业国有博物馆,未定级,是,764,0,8,26,16.6567
788,甘肃省,天水钱币博物馆,其他行业国有博物馆,未定级,是,5000,0,10,26,16.6567
789,甘肃省,天水市博物馆（天水市伏羲文化博物馆）,文化文物系统国有博物馆,一级,是,12740,1251,25,152,137.0002
790,甘肃省,天水市工业博物馆,其他行业国有博物馆,未定级,是,23046,0,7,29,16.6347
791,甘肃省,天水市麦积区博物馆,文化文物系统国有博物馆,二级,是,1466,203,9,58,25.133
792,甘肃省,天水市麦积区天水大革命历史纪念馆,其他行业国有博物馆,未定级,是,99,0,2,48,9.7342
793,甘肃省,天水市秦州区博物馆,文化文物系统国有博物馆,未定级,是,298,5,6,24,5.03
794,甘肃省,天水市秦州区邓宝珊将军纪念馆,其他行业国有博物馆,未定级,是,136,2,3,15,4.8419
795,甘肃省,天祝藏族自治县博物馆,文化文物系统国有博物馆,未定级,是,851,126,3,47,6.1892
796,甘肃省,通渭县博物馆,文化文物系统国有博物馆,未定级,是,667,120,13,40,9
797,甘肃省,渭源县博物馆,文化文物系统国有博物馆,二级,是,1525,168,19,64,13.1349
798,甘肃省,渭源县苏维埃政府纪念馆,其他行业国有博物馆,未定级,是,201,12,3,54,5.96
799,甘肃省,文县程海寰烈士纪念馆,其他行业国有博物馆,未定级,是,47,0,4,27,1.1076
800,甘肃省,吴焕先烈士纪念馆,其他行业国有博物馆,未定级,是,1461,29,4,96,17.6053
801,甘肃省,武都革命历史纪念馆,文化文物系统国有博物馆,未定级,是,231,19,1,569,8.2435
802,甘肃省,武山县博物馆,文化文物系统国有博物馆,三级,是,3301,212,12,56,10.2894
803,甘肃省,武山县石岭下彩陶博物馆,非国有博物馆,未定级,否,415,0,1,0,0.1
804,甘肃省,武威市博物馆,文化文物系统国有博物馆,一级,是,46446,1084,27,136,113.5345
805,甘肃省,武威市雷台汉文化博物馆,文化文物系统国有博物馆,三级,是,470,25,9,22,32.52
806,甘肃省,武威市凉州会盟纪念馆,文化文物系统国有博物馆,未定级,是,157,73,12,21,10.9686
807,甘肃省,武威市凉州区凉州战役纪念馆,文化文物系统国有博物馆,未定级,是,1272,0,6,44,9.3204
808,甘肃省,武威市五凉文化博物馆,文化文物系统国有博物馆,三级,是,476,12,7,35,17.2312
809,甘肃省,武威市西夏博物馆,文化文物系统国有博物馆,三级,是,384,150,7,75,18.7745
810,甘肃省,西北民族大学西北民族博物馆,其他行业国有博物馆,未定级,是,2982,109,1,5,0.6348
811,甘肃省,西北师范大学博物馆,其他行业国有博物馆,未定级,是,5526,26,19,10,6.1518
812,甘肃省,西和县博物馆,文化文物系统国有博物馆,三级,是,2029,267,6,12,5.613
813,甘肃省,西和县西和会议纪念馆,文化文物系统国有博物馆,未定级,是,271,13,2,51,7.2176
814,甘肃省,夏河县民俗博物馆,文化文物系统国有博物馆,未定级,否,143,0,0,0,0
815,甘肃省,一条山战役纪念馆,其他行业国有博物馆,未定级,是,230,0,4,142,4.129
816,甘肃省,永昌保卫战纪念馆,其他行业国有博物馆,未定级,是,91,0,1,45,8.5021
817,甘肃省,永昌县博物馆,文化文物系统国有博物馆,未定级,是,6814,785,8,34,6.7416
818,甘肃省,永登县博物馆,文化文物系统国有博物馆,未定级,是,2957,244,7,18,5.3382
819,甘肃省,永靖县博物馆,文化文物系统国有博物馆,未定级,是,2013,528,2,18,3.5467
820,甘肃省,永靖县黄河文化博物馆,其他行业国有博物馆,未定级,否,137,0,2,26,3.752
821,甘肃省,榆中县博物馆,文化文物系统国有博物馆,三级,是,3959,470,6,13,11.1079
822,甘肃省,榆中县张一悟纪念馆,其他行业国有博物馆,未定级,是,495,70,3,20,14.8505
823,甘肃省,玉门关遗址陈列展览馆,文化文物系统国有博物馆,未定级,否,58,0,1,0,3.2564
824,甘肃省,玉门红色文化博物馆,非国有博物馆,未定级,是,5401,0,1,1,2.023
825,甘肃省,玉门龙鼎酒文化博物馆,非国有博物馆,未定级,是,3262,0,4,0,0.4297
826,甘肃省,玉门市博物馆,文化文物系统国有博物馆,二级,是,2697,161,17,73,13.5843
827,甘肃省,玉门铁人王进喜纪念馆,文化文物系统国有博物馆,未定级,是,269,2,3,12,18.5185
828,甘肃省,张家川回族自治县博物馆,文化文物系统国有博物馆,二级,是,2240,359,15,53,33.9594
829,甘肃省,张家川县马家塬车舆博物馆,文化文物系统国有博物馆,未定级,是,360,0,13,53,33.9594
830,甘肃省,张掖大佛寺博物馆,文化文物系统国有博物馆,未定级,否,88,18,2,32,45.7325
831,甘肃省,张掖湿地博物馆,其他行业国有博物馆,未定级,是,201,0,2,39,6.4753
832,甘肃省,张掖市边塞文化博物馆,非国有博物馆,未定级,是,2162,0,3,0,0.7689
833,甘肃省,张掖市博物馆,文化文物系统国有博物馆,二级,是,3257,0,8,69,25.132
834,甘肃省,张掖市甘州区西路军烈士纪念馆,文化文物系统国有博物馆,二级,是,1148,19,10,61,11.289
835,甘肃省,张掖市金阳丝路文化博物馆,非国有博物馆,未定级,是,329,0,1,0,0.0987
836,甘肃省,张掖市三缘博物馆,非国有博物馆,未定级,否,5000,0,14,1,3.652
837,甘肃省,漳县博物馆,文化文物系统国有博物馆,未定级,是,5578,354,4,45,6.95
838,甘肃省,镇原县博物馆,文化文物系统国有博物馆,二级,是,4304,808,8,29,13.9681
839,甘肃省,正宁县博物馆,文化文物系统国有博物馆,三级,是,2068,433,9,39,7.8657
840,甘肃省,中共皋榆工委纪念馆,其他行业国有博物馆,未定级,是,0,0,4,8,2.08
841,甘肃省,中共灵台工委纪念馆,其他行业国有博物馆,未定级,是,70,0,3,45,4.7663
842,甘肃省,中共中央西北局岷州会议纪念馆,其他行业国有博物馆,未定级,是,258,4,5,40,11.8675
843,甘肃省,中共中央西北局洮州会议纪念馆,其他行业国有博物馆,未定级,是,195,13,3,35,13.4525
844,甘肃省,中共中央西北局盐井会议纪念馆,其他行业国有博物馆,未定级,是,145,0,2,37,4.265
845,甘肃省,中共中央政治局榜罗会议纪念馆,文化文物系统国有博物馆,三级,是,558,5,7,22,42.6503
846,甘肃省,中国工农红军西路军纪念馆,其他行业国有博物馆,一级,是,8299,39,14,86,102.5113
847,甘肃省,中国酒泉卫星发射中心历史展览馆,其他行业国有博物馆,未定级,是,1052,18,5,6,11.7088
848,甘肃省,中国人民解放军第一步兵学校历史陈列馆,其他行业国有博物馆,未定级,是,1345,0,9,26,13.6567
849,甘肃省,舟曲县藏族民俗博物馆,文化文物系统国有博物馆,未定级,是,462,0,2,1,1.1254
850,甘肃省,舟曲县民俗博物馆,文化文物系统国有博物馆,未定级,是,1026,31,8,20,3.1475
851,甘肃省,庄浪县博物馆,文化文物系统国有博物馆,二级,是,5356,947,13,147,14.6823
852,甘肃省,庄浪县梯田纪念馆,文化文物系统国有博物馆,未定级,是,732,0,3,6,7.5489
853,甘肃省,卓尼县博物馆,文化文物系统国有博物馆,未定级,否,405,14,0,0,0
854,甘肃省,卓尼县杨土司革命纪念馆,其他行业国有博物馆,未定级,是,125,6,1,26,5.2136
855,甘肃省,左宗棠陈列馆,其他行业国有博物馆,未定级,是,331,0,1,14,1.3577
856,广东省,博罗县博物馆,文化文物系统国有博物馆,三级,否,1145,168,1,20,1.916
857,广东省,博罗县葛洪博物馆,文化文物系统国有博物馆,未定级,是,661,0,4,309,65.4171
858,广东省,潮州市博物馆,文化文物系统国有博物馆,二级,是,18525,1347,12,54,22.4825
859,广东省,潮州市潮安区博物馆,文化文物系统国有博物馆,未定级,是,806,11,6,27,1.3068
860,广东省,潮州市潮安区潮州嵌瓷博物馆,非国有博物馆,未定级,是,300,0,8,4,0.258
861,广东省,潮州市潮安区大吴泥塑博物馆,非国有博物馆,未定级,是,555,0,1,39,3.6785
862,广东省,潮州市辜柳希木雕博物馆,非国有博物馆,未定级,是,381,0,1,12,0.5871
863,广东省,潮州市韩江府城民俗博物馆,非国有博物馆,未定级,是,503,0,3,85,4.2311
864,广东省,潮州市韩愈纪念馆,文化文物系统国有博物馆,未定级,是,284,0,8,30,122.0387
865,广东省,潮州市黄伟雄珠绣博物馆,非国有博物馆,未定级,是,372,0,1,196,1.1594
866,广东省,潮州市饶宗颐博物馆,文化文物系统国有博物馆,未定级,是,1619,0,3,34,13.9408
867,广东省,潮州市湘桥区博物馆,文化文物系统国有博物馆,未定级,是,405,0,5,63,7.0339
868,广东省,潮州市颐陶轩潮州窑博物馆,非国有博物馆,二级,是,3668,68,6,17,6.8292
869,广东省,陈李济中药博物馆,其他行业国有博物馆,未定级,是,247,12,6,4,0.8
870,广东省,陈树人纪念馆,文化文物系统国有博物馆,未定级,是,1600,0,33,49,2.9443
871,广东省,大埔县博物馆,文化文物系统国有博物馆,二级,是,6154,244,19,56,11.5645
872,广东省,德庆县博物馆,文化文物系统国有博物馆,未定级,是,1144,154,8,58,3.3269
873,广东省,邓世昌纪念馆（广州市海珠博物馆）,文化文物系统国有博物馆,三级,是,3680,31,14,161,78.7391
874,广东省,邓演达纪念园（惠城区博物馆）,文化文物系统国有博物馆,未定级,是,571,0,2,14,4.6542
875,广东省,东莞蚝岗遗址博物馆,文化文物系统国有博物馆,三级,是,906,39,5,39,5.0324
876,广东省,东莞市博物馆,文化文物系统国有博物馆,二级,是,23416,1359,7,399,31.7028
877,广东省,东莞市福木源紫檀博物馆,非国有博物馆,二级,是,511,0,5,162,17.53
878,广东省,东莞市观音山古树博物馆,非国有博物馆,未定级,是,301,0,1,5,10.5065
879,广东省,东莞市可园博物馆,文化文物系统国有博物馆,二级,是,13445,60,22,77,103.2012
880,广东省,东莞市乐人谷茶文化博物馆,非国有博物馆,未定级,是,637,0,3,67,6.21
881,广东省,东莞市旗峰山艺术博物馆,非国有博物馆,未定级,是,317,0,1,1,0.5
882,广东省,东莞市钱币博物馆,非国有博物馆,三级,是,12000,0,3,111,2.7677
883,广东省,东莞市森晖自然博物馆,非国有博物馆,未定级,是,801,0,7,6,1.0588
884,广东省,东莞市圣心糕点博物馆,非国有博物馆,未定级,是,303,0,1,42,5.6
885,广东省,东莞市石龙镇博物馆,文化文物系统国有博物馆,三级,是,1509,0,9,20,12.6387
886,广东省,东莞市松山湖望野博物馆,非国有博物馆,未定级,是,706,139,9,58,12.3484
887,广东省,东莞市唯美陶瓷博物馆,非国有博物馆,二级,是,1873,0,7,101,16
888,广东省,东莞市鑫嘉鸿红木艺术博物馆,非国有博物馆,未定级,是,546,0,9,5,4.28
889,广东省,东莞市袁崇焕纪念园,文化文物系统国有博物馆,三级,是,3406,0,6,25,41.4181
890,广东省,东莞展览馆,文化文物系统国有博物馆,二级,是,14388,76,13,275,36.0612
891,广东省,东源县博物馆,文化文物系统国有博物馆,未定级,是,3186,84,21,33,16.7
892,广东省,恩平市博物馆,文化文物系统国有博物馆,三级,是,5829,118,7,11,22.5
893,广东省,番禺博物馆,文化文物系统国有博物馆,二级,是,4834,35,3,27,2.3273
894,广东省,丰顺县博物馆,文化文物系统国有博物馆,未定级,是,2904,116,3,1,4.2863
895,广东省,丰顺县红星博物馆,非国有博物馆,未定级,是,318,0,1,4,0.056
896,广东省,丰顺县集瑞博物馆,非国有博物馆,未定级,是,1321,0,6,5,3.0876
897,广东省,丰顺县坚真纪念馆,文化文物系统国有博物馆,未定级,是,1398,0,4,13,10.563
898,广东省,封开县博物馆,文化文物系统国有博物馆,未定级,是,8484,543,25,32,6.3208
899,广东省,封开县黄岩洞陈列馆,文化文物系统国有博物馆,未定级,是,530,0,5,15,9.3047
900,广东省,佛冈县博物馆,文化文物系统国有博物馆,三级,是,335,38,11,202,4.1663
901,广东省,佛山市博物馆,文化文物系统国有博物馆,未定级,是,34432,6323,1,90,0.08
902,广东省,佛山市禅城区博物馆,文化文物系统国有博物馆,二级,否,5015,344,37,85,84.7747
903,广东省,佛山市禅城区精诚博物馆,非国有博物馆,未定级,是,433,0,2,8,1.3001
904,广东省,佛山市禅城区石湾镇街道陶瓷博物馆（广东石湾陶瓷博物馆）,文化文物系统国有博物馆,二级,是,5721,67,9,125,35.0795
905,广东省,佛山市禅城区同庆石湾公仔博物馆,非国有博物馆,未定级,是,323,0,6,3,3.2
906,广东省,佛山市禅城区知行古灯博物馆,非国有博物馆,未定级,是,400,50,2,13,1.725
907,广东省,佛山市禅城区知隐博物馆,非国有博物馆,未定级,是,964,0,4,15,6.33
908,广东省,佛山市东鹏明善陶瓷博物馆,非国有博物馆,未定级,是,1028,89,4,2,0.726
909,广东省,佛山市高明区博物馆,文化文物系统国有博物馆,三级,是,2012,137,10,15,6.0345
910,广东省,佛山市高明区昆仲相机博物馆,非国有博物馆,未定级,是,1329,0,3,5,2.6
911,广东省,佛山市高明区世纪钱币博物馆,非国有博物馆,未定级,是,630,0,1,1,2.4
912,广东省,佛山市浩泽莱德工业设计博物馆,非国有博物馆,未定级,是,391,0,0,0,0
913,广东省,佛山市岭南金融博物馆,非国有博物馆,二级,是,12762,334,13,156,32.1574
914,广东省,佛山市岭南酒文化博物馆,非国有博物馆,未定级,是,733,8,2,25,8.2539
915,广东省,佛山市南海区博物馆,文化文物系统国有博物馆,二级,是,10948,694,32,153,77.0383
916,广东省,佛山市南海区楚天黄科举匾额文化博物馆,非国有博物馆,未定级,是,518,0,2,2,0.019
917,广东省,佛山市南海区福厚博物馆,非国有博物馆,未定级,是,304,0,5,0,1.3906
918,广东省,佛山市南海区九江侨乡博物馆,文化文物系统国有博物馆,未定级,是,313,2,15,21,8.4214
919,广东省,佛山市南海区九江双蒸博物馆,非国有博物馆,未定级,是,494,0,1,8,15.6433
920,广东省,佛山市南海区凯仕乐医疗保健器械养生博物馆,非国有博物馆,未定级,是,457,0,5,2,4.488
921,广东省,佛山市南海区汤南私塾博物馆,非国有博物馆,未定级,是,888,0,4,4,1.851
922,广东省,佛山市南海区玄憬龙博物馆,非国有博物馆,未定级,是,876,0,8,32,6.7896
923,广东省,佛山市三水区博物馆,文化文物系统国有博物馆,三级,是,1397,177,10,12,25
924,广东省,佛山市顺德区（华侨城）美食博物馆,其他行业国有博物馆,未定级,是,371,2,5,53,6.5707
925,广东省,佛山市顺德区博物馆,文化文物系统国有博物馆,二级,是,12507,2116,36,301,33.0942
926,广东省,佛山市顺德区阁瓷博物馆,非国有博物馆,未定级,是,325,0,3,3,1.2625
927,广东省,佛山市顺德区茂和钱币博物馆,非国有博物馆,未定级,是,687,0,3,0,2.5
928,广东省,佛山市顺德区南国丝都丝绸博物馆,非国有博物馆,未定级,是,609,0,4,60,12.7151
929,广东省,佛山市顺德区清晖园博物馆,文化文物系统国有博物馆,三级,否,1326,1,30,127,281
930,广东省,佛山市顺德区新桂自然文化博物馆,非国有博物馆,未定级,否,731,0,2,6,0.2258
931,广东省,佛山市祖庙博物馆,文化文物系统国有博物馆,一级,否,11849,394,13,103,303.6906
932,广东省,高剑父纪念馆,文化文物系统国有博物馆,未定级,是,870,0,36,35,6.211
933,广东省,高州市博物馆,文化文物系统国有博物馆,未定级,是,2643,634,11,20,19
934,广东省,广东大观博物馆,非国有博物馆,二级,是,11926,584,12,232,30.1567
935,广东省,广东东江纵队纪念馆,文化文物系统国有博物馆,二级,是,5844,408,9,56,34.4724
936,广东省,广东革命历史博物馆(广州近代史博物馆),文化文物系统国有博物馆,一级,是,29269,3212,19,943,83.1891
937,广东省,广东海上丝绸之路博物馆,文化文物系统国有博物馆,一级,否,30615,467,15,124,98.2291
938,广东省,广东华侨博物馆,其他行业国有博物馆,未定级,是,16610,27,9,14,5.7409
939,广东省,广东环亚美容化妆品博物馆,非国有博物馆,三级,是,1055,3,8,173,3.6702
940,广东省,广东民间工艺博物馆,文化文物系统国有博物馆,一级,否,18017,2744,21,325,257.3279
941,广东省,广东省博物馆（广州鲁迅纪念馆）,文化文物系统国有博物馆,一级,是,263952,20843,65,586,303.9358
942,广东省,广东省工艺美术博物馆,其他行业国有博物馆,未定级,是,1219,0,8,10,1.3072
943,广东省,广东省凉茶博物馆,非国有博物馆,未定级,是,1264,0,1,110,5.2447
944,广东省,广东外事博物馆,其他行业国有博物馆,未定级,是,827,0,0,0,0
945,广东省,广东中国客家博物馆,文化文物系统国有博物馆,一级,是,28529,235,21,131,75.45
946,广东省,广东中医药博物馆,其他行业国有博物馆,二级,是,12836,0,20,800,32.9298
947,广东省,广宁县宝锭山竹文化博物馆,非国有博物馆,未定级,是,1345,0,7,16,13.262
948,广东省,广宁县博物馆,文化文物系统国有博物馆,未定级,是,1695,303,9,38,11.6
949,广东省,广州博物馆,文化文物系统国有博物馆,一级,否,45405,2691,20,589,84.309
950,广东省,广州从都博物馆,非国有博物馆,未定级,否,5755,0,5,0,0.5255
951,广东省,广州地铁博物馆,其他行业国有博物馆,未定级,是,1207,0,1,62,44.5678
952,广东省,广州东方博物馆,非国有博物馆,二级,是,1603,565,16,78,3.0139
953,广东省,广州海事博物馆（广州市黄埔区博物馆）,文化文物系统国有博物馆,二级,否,6299,51,7,363,78.5235
954,广东省,广州好普艺术博物馆,非国有博物馆,未定级,是,443,0,5,7,2.0963
955,广东省,广州恒福茶文化博物馆,非国有博物馆,未定级,是,1046,0,12,12,2.4153
956,广东省,广州花园酒店博物馆,其他行业国有博物馆,未定级,是,430,0,4,41,4.2217
957,广东省,广州华侨博物馆,其他行业国有博物馆,未定级,是,3190,0,15,115,68.7106
958,广东省,广州货币金融博物馆,其他行业国有博物馆,三级,是,13635,0,10,25,3.7895
959,广东省,广州神农草堂中医药博物馆,非国有博物馆,未定级,是,1570,0,8,83,21.2206
960,广东省,广州市白云区博物馆,文化文物系统国有博物馆,未定级,是,550,0,4,11,4.2608
961,广东省,广州市从化区博物馆,文化文物系统国有博物馆,未定级,是,2643,23,11,49,6.7
962,广东省,广州市迪士普音响博物馆,非国有博物馆,三级,是,1505,0,3,344,30.1682
963,广东省,广州市东平典当博物馆,非国有博物馆,未定级,是,805,0,9,24,4.998
964,广东省,广州市番禺区明珠古陶瓷标本博物馆,非国有博物馆,未定级,是,3657,0,4,18,2.6911
965,广东省,广州市花都区博物馆,文化文物系统国有博物馆,三级,否,8977,66,15,118,32.4991
966,广东省,广州市荔湾区博物馆,文化文物系统国有博物馆,二级,是,15334,521,20,644,508.6972
967,广东省,广州市岭南金融博物馆,其他行业国有博物馆,三级,是,14945,15,5,55,15.213
968,广东省,广州市南华珠宝艺术博物馆,非国有博物馆,未定级,是,392,0,6,64,10.8038
969,广东省,广州市南沙区霍英东纪念馆,非国有博物馆,未定级,是,497,0,2,0,17.0832
970,广东省,广州市普公古陶瓷博物馆,非国有博物馆,三级,是,806,137,6,16,1.9639
971,广东省,广州市瑞丰茶文化博物馆,非国有博物馆,未定级,是,375,0,3,62,1.9184
972,广东省,广州市松园广作家具博物馆,非国有博物馆,未定级,是,480,0,3,20,2.648
973,广东省,广州市天河区博物馆,文化文物系统国有博物馆,未定级,是,1138,22,5,5,6.9409
974,广东省,广州市天河区正佳自然科学博物馆,非国有博物馆,二级,否,8210,0,4,591,42.8365
975,广东省,广州市越秀区博物馆,文化文物系统国有博物馆,二级,是,4708,21,11,88,42.5
976,广东省,广州市增城区博物馆,文化文物系统国有博物馆,二级,是,2418,230,9,21,6.1723
977,广东省,广州市赵氏天水堂博物馆,非国有博物馆,未定级,是,862,7,6,15,4.6259
978,广东省,广州体育文化博物馆（挂广州亚运会亚残运会博物馆牌子）,其他行业国有博物馆,三级,是,2395,0,11,32,3.4002
979,广东省,广州铁路博物馆,其他行业国有博物馆,未定级,是,2007,0,3,6,18.3169
980,广东省,广州艺术博物院（广州美术馆）,文化文物系统国有博物馆,一级,是,33957,4533,34,326,127.2361
981,广东省,海丰红宫红场旧址纪念馆,文化文物系统国有博物馆,未定级,是,945,54,7,165,67.768
982,广东省,海丰县博物馆,文化文物系统国有博物馆,三级,是,3044,218,2,11,8.135
983,广东省,海丰县仁荣博物馆,非国有博物馆,未定级,是,5000,0,0,0,0
984,广东省,和平县博物馆,文化文物系统国有博物馆,三级,是,14499,131,4,6,13.6
985,广东省,河源市博物馆（河源恐龙博物馆）,文化文物系统国有博物馆,二级,是,40819,138,18,76,68.6235
986,广东省,河源市鸿志中基客家文化博物馆,非国有博物馆,未定级,是,1110,0,1,0,0
987,广东省,河源市源城区博物馆,文化文物系统国有博物馆,未定级,是,224,0,0,0,0
988,广东省,河源万绿湖博物馆,非国有博物馆,未定级,否,5121,0,1,7,12.5368
989,广东省,鹤山市博物馆,文化文物系统国有博物馆,二级,是,10198,316,16,99,36.0196
990,广东省,横琴粤澳深度合作区富华紫檀博物馆,非国有博物馆,未定级,否,441,0,3,3,1.1074
991,广东省,华南农业博物馆,其他行业国有博物馆,三级,是,4682,0,16,9,28.954
992,广东省,化州市博物馆,文化文物系统国有博物馆,未定级,是,510,77,2,12,13.3
993,广东省,怀集县博物馆,文化文物系统国有博物馆,未定级,是,574,119,8,51,4.2734
994,广东省,黄琪翔郭秀仪纪念馆,其他行业国有博物馆,未定级,是,339,0,1,1,0.3729
995,广东省,惠东县博物馆,文化文物系统国有博物馆,三级,是,1878,523,0,1,0
996,广东省,惠来县博物馆,文化文物系统国有博物馆,未定级,是,743,106,11,26,6.2
997,广东省,惠州警察博物馆,其他行业国有博物馆,未定级,是,3073,0,3,0,2.9076
998,广东省,惠州市博物馆,文化文物系统国有博物馆,二级,是,5240,307,19,52,157.3825
999,广东省,惠州市东江纵队纪念馆,文化文物系统国有博物馆,未定级,是,443,1,2,17,77.1
1000,广东省,惠州市惠阳区南宝东江流域古陶瓷博物馆,非国有博物馆,未定级,是,582,0,1,6,0.57
1001,广东省,江门市博物馆,文化文物系统国有博物馆,一级,是,44248,491,28,592,112.8278
1002,广东省,江门市江海区博物馆,文化文物系统国有博物馆,未定级,是,311,0,2,26,0.7089
1003,广东省,江门市蓬江区博物馆,文化文物系统国有博物馆,未定级,是,314,0,2,3,3.5
1004,广东省,江门市新会区博物馆,文化文物系统国有博物馆,三级,是,3210,692,20,114,15.943
1005,广东省,江门市新会区丽宫新会陈皮文化博物馆,非国有博物馆,未定级,是,305,0,1,64,3.137
1006,广东省,蕉岭县博物馆,文化文物系统国有博物馆,未定级,是,8713,229,3,10,5.8373
1007,广东省,揭西县博物馆,文化文物系统国有博物馆,未定级,是,592,27,7,18,2.08
1008,广东省,揭阳市博物馆,文化文物系统国有博物馆,三级,是,11955,1145,10,35,24.7
1009,广东省,揭阳市丁日昌纪念馆,文化文物系统国有博物馆,三级,是,1893,6,11,96,25.2977
1010,广东省,揭阳市揭东区博物馆,文化文物系统国有博物馆,未定级,是,1705,0,20,23,9.27
1011,广东省,揭阳市榕城区博物馆,文化文物系统国有博物馆,未定级,是,432,0,6,15,4.12
1012,广东省,开平市博物馆,文化文物系统国有博物馆,三级,是,4168,244,14,18,20.35
1013,广东省,乐昌市博物馆,文化文物系统国有博物馆,未定级,是,5716,322,2,8,9.6
1014,广东省,雷州家生博物馆,非国有博物馆,未定级,是,773,0,8,2,5.153
1015,广东省,雷州市博物馆,文化文物系统国有博物馆,二级,是,4697,587,17,116,27.5238
1016,广东省,雷州市千年瓷韵雷州窑博物馆,非国有博物馆,未定级,是,698,0,4,1,1.5361
1017,广东省,雷州文古楼博物馆,非国有博物馆,未定级,是,718,0,8,1,3.8195
1018,广东省,连南瑶族自治县瑶族博物馆,文化文物系统国有博物馆,二级,是,11973,128,20,25,17.4124
1019,广东省,连平县博物馆,文化文物系统国有博物馆,未定级,是,8800,136,5,6,10.98
1020,广东省,连山壮族瑶族自治县民族博物馆,文化文物系统国有博物馆,未定级,是,1068,176,4,12,2.3874
1021,广东省,连州市博物馆,文化文物系统国有博物馆,未定级,是,1983,202,24,20,19.3081
1022,广东省,廉江市博物馆,文化文物系统国有博物馆,未定级,是,2126,167,12,12,5.8612
1023,广东省,廖仲恺何香凝纪念馆,其他行业国有博物馆,未定级,是,1278,0,5,54,3.7694
1024,广东省,龙川县博物馆,文化文物系统国有博物馆,未定级,是,2028,187,6,2,4.5
1025,广东省,龙门县博物馆,文化文物系统国有博物馆,未定级,是,1123,4,7,22,3.1
1026,广东省,陆丰市博物馆,文化文物系统国有博物馆,未定级,是,653,116,5,3,7.2
1027,广东省,陆丰市皮影博物馆,文化文物系统国有博物馆,未定级,是,220,0,1,7,0.605
1028,广东省,陆河县博物馆,文化文物系统国有博物馆,未定级,是,30,0,4,9,5.2
1029,广东省,罗定市博物馆,文化文物系统国有博物馆,三级,是,12202,324,15,79,20.65
1030,广东省,毛泽东同志主办农民运动讲习所旧址纪念馆,文化文物系统国有博物馆,二级,是,7579,1567,6,95,111.6477
1031,广东省,茂名市博物馆,文化文物系统国有博物馆,二级,是,6586,306,13,49,22.8
1032,广东省,茂名市电白区博物馆,文化文物系统国有博物馆,三级,是,714,120,12,16,19.267
1033,广东省,茂名市露天矿博物馆,文化文物系统国有博物馆,未定级,是,352,0,1,120,30
1034,广东省,茂名市茂南年代记忆博物馆,非国有博物馆,未定级,是,2029,0,10,4,4.6503
1035,广东省,茂名市茂南区博物馆,文化文物系统国有博物馆,未定级,是,804,3,9,40,11
1036,广东省,梅州市大观园陶艺博物馆,非国有博物馆,未定级,是,1759,0,10,5,7.1128
1037,广东省,梅州市革命历史纪念馆,文化文物系统国有博物馆,未定级,是,337,4,1,1,0.2237
1038,广东省,梅州市建梅艺术博物馆,非国有博物馆,未定级,是,1344,0,1,0,0.3011
1039,广东省,梅州市客侨博物馆,非国有博物馆,未定级,是,8758,0,11,12,7.201
1040,广东省,梅州市梅江区博物馆,文化文物系统国有博物馆,未定级,是,377,9,3,25,4.1603
1041,广东省,梅州市梅江区凤凰博物馆,非国有博物馆,未定级,是,427,0,7,1,3.6595
1042,广东省,梅州市梅江区金星博物馆,非国有博物馆,未定级,是,631,0,1,3,0.168
1043,广东省,梅州市梅江区农居博物馆,非国有博物馆,未定级,是,321,0,1,0,0.168
1044,广东省,梅州市梅县区博物馆,文化文物系统国有博物馆,未定级,是,7257,703,11,12,5.996
1045,广东省,梅州市梅县区精宫博物馆,非国有博物馆,未定级,是,2012,0,4,3,3.2008
1046,广东省,梅州市梅县区隆腾博物馆,非国有博物馆,未定级,是,378,0,3,0,0.538
1047,广东省,梅州市梅县区松叶民俗博物馆,非国有博物馆,未定级,是,321,0,2,0,0.2928
1048,广东省,梅州市梅县区粤海民俗博物馆,非国有博物馆,未定级,是,887,0,3,0,1.1
1049,广东省,梅州市乡野印象博物馆,非国有博物馆,未定级,是,459,0,2,1,1.1
1050,广东省,梅州五华苏区革命历史博物馆,文化文物系统国有博物馆,未定级,是,586,0,0,0,0
1051,广东省,南澳县海防史博物馆,文化文物系统国有博物馆,未定级,是,721,170,6,1,2.5272
1052,广东省,南汉二陵博物馆,文化文物系统国有博物馆,二级,是,10861,254,22,164,35.2505
1053,广东省,南雄市博物馆,文化文物系统国有博物馆,三级,是,2526,153,6,50,10.3
1054,广东省,南越王博物院,文化文物系统国有博物馆,一级,是,6895,1503,21,338,196.1205
1055,广东省,平远县博物馆,文化文物系统国有博物馆,未定级,是,1375,23,7,6,4.2784
1056,广东省,平远县程旼纪念馆,文化文物系统国有博物馆,未定级,是,308,0,4,6,1.3536
1057,广东省,平远县红四军纪念馆,文化文物系统国有博物馆,未定级,是,312,0,2,156,9.3678
1058,广东省,普宁市博物馆,文化文物系统国有博物馆,未定级,是,1673,84,12,275,21.1287
1059,广东省,清远市博物馆,文化文物系统国有博物馆,三级,是,3729,291,6,58,12.6116
1060,广东省,清远市清城区博物馆,文化文物系统国有博物馆,未定级,是,380,0,4,23,28.5972
1061,广东省,清远市清新区博物馆,文化文物系统国有博物馆,未定级,是,42,0,6,2,6.502
1062,广东省,丘逢甲陈列馆,文化文物系统国有博物馆,未定级,是,60,0,1,0,3.1615
1063,广东省,饶平县博物馆,文化文物系统国有博物馆,未定级,是,917,302,5,16,1.3927
1064,广东省,仁化县博物馆,文化文物系统国有博物馆,未定级,是,1069,141,10,43,11.0044
1065,广东省,乳源瑶族自治县民族博物馆,文化文物系统国有博物馆,三级,是,1573,58,7,42,9.9863
1066,广东省,汕头海关关史陈列馆,其他行业国有博物馆,未定级,是,728,2,2,60,1.685
1067,广东省,汕头市博物馆,文化文物系统国有博物馆,二级,是,13319,3073,26,120,106.6935
1068,广东省,汕头市潮宏基臻宝首饰博物馆,非国有博物馆,未定级,是,869,0,6,53,13.4289
1069,广东省,汕头市潮剧艺术博物馆（姚璇秋艺术传习所）,文化文物系统国有博物馆,未定级,是,1746,0,3,52,0.2517
1070,广东省,汕头市潮南区博物馆,文化文物系统国有博物馆,未定级,是,49,0,3,11,3.835
1071,广东省,汕头市潮阳区博物馆,文化文物系统国有博物馆,未定级,是,4707,351,10,16,3.9118
1072,广东省,汕头市澄海区博物馆,文化文物系统国有博物馆,未定级,是,7031,694,7,13,2.125
1073,广东省,汕头市革命历史博物馆,文化文物系统国有博物馆,三级,是,3908,0,9,652,49.2151
1074,广东省,汕头市濠江区博物馆,文化文物系统国有博物馆,未定级,是,679,0,6,12,6.1472
1075,广东省,汕头市金平区博物馆（中央红色交通线旧址汕头站）,文化文物系统国有博物馆,未定级,是,214,0,5,806,17.174
1076,广东省,汕头市龙湖区博物馆,文化文物系统国有博物馆,未定级,是,900,0,5,14,2.7388
1077,广东省,汕尾市博物馆,文化文物系统国有博物馆,未定级,是,2245,10,5,9,4.4264
1078,广东省,汕尾市城区博物馆,文化文物系统国有博物馆,未定级,是,560,0,1,0,0.23
1079,广东省,韶关市博物馆,文化文物系统国有博物馆,二级,是,6612,588,16,204,35.0346
1080,广东省,韶关市红军长征粤北纪念馆,文化文物系统国有博物馆,未定级,是,854,2,1,89,10.4886
1081,广东省,韶关市隆盛酱园博物馆,非国有博物馆,未定级,是,401,0,1,16,1.1656
1082,广东省,韶关市曲江区博物馆,文化文物系统国有博物馆,三级,是,4683,404,7,8,18.6757
1083,广东省,韶关市武江区博物馆,文化文物系统国有博物馆,未定级,是,575,0,2,24,4.2927
1084,广东省,韶关市浈江区博物馆,文化文物系统国有博物馆,未定级,是,139,0,1,12,2.9218
1085,广东省,深圳（宝安）劳务工博物馆,文化文物系统国有博物馆,三级,是,2724,0,6,45,5.3786
1086,广东省,深圳博物馆,文化文物系统国有博物馆,一级,是,22474,5456,25,202,369
1087,广东省,深圳大鹏半岛国家地质公园博物馆,其他行业国有博物馆,未定级,是,1370,0,5,20,40
1088,广东省,深圳钢结构博物馆,其他行业国有博物馆,未定级,是,831,0,1,13,3.4384
1089,广东省,深圳钢琴博物馆,非国有博物馆,未定级,是,301,0,2,95,2.89
1090,广东省,深圳古生物博物馆,其他行业国有博物馆,三级,是,4405,0,12,36,20.7527
1091,广东省,深圳红木家具博物馆,非国有博物馆,未定级,是,3000,0,2,10,1.127
1092,广东省,深圳南山法律文化博物馆,其他行业国有博物馆,未定级,是,60,0,1,26,0.1175
1093,广东省,深圳市百师园非物质文化遗产博物馆,非国有博物馆,未定级,是,418,0,7,28,1.25
1094,广东省,深圳市宝安区宝弘博物馆,非国有博物馆,未定级,是,1182,0,7,6,1.9863
1095,广东省,深圳市宝安区鼎坤陶瓷博物馆,非国有博物馆,未定级,是,334,0,0,0,0
1096,广东省,深圳市宝安区华夏龙泉青瓷博物馆,非国有博物馆,未定级,是,348,0,4,8,1.2782
1097,广东省,深圳市宝安区结缘奇石博物馆,非国有博物馆,未定级,是,330,0,2,2,3.015
1098,广东省,深圳市宝安区锦舟陶瓷博物馆,非国有博物馆,未定级,是,563,0,10,4,1.1987
1099,广东省,深圳市宝安区老战士纪念馆,非国有博物馆,未定级,是,872,0,0,0,0
1100,广东省,深圳市宝安区沙井蚝文化博物馆,非国有博物馆,未定级,是,500,0,5,0,1.3225
1101,广东省,深圳市宝安区世纪琥珀博物馆,非国有博物馆,未定级,是,1108,4,8,8,2.0618
1102,广东省,深圳市宝安区一雍博物馆,非国有博物馆,未定级,是,698,0,10,32,2.6047
1103,广东省,深圳市宝安区邹鲁潮汕民俗博物馆,非国有博物馆,未定级,是,745,0,10,4,1.1207
1104,广东省,深圳市大观茶具博物馆,非国有博物馆,未定级,是,304,0,1,0,1.256
1105,广东省,深圳市大鹏新区博物馆,文化文物系统国有博物馆,三级,是,914,29,12,57,29.9986
1106,广东省,深圳市当代名家文房四宝博物馆,非国有博物馆,未定级,是,800,0,6,4,1.0993
1107,广东省,深圳市丁全匠作博物馆,非国有博物馆,未定级,是,312,0,1,1,1.5088
1108,广东省,深圳市梵亚艺术博物馆,非国有博物馆,三级,是,313,0,3,14,1.162
1109,广东省,深圳市福田区华强北博物馆,文化文物系统国有博物馆,未定级,是,787,0,7,37,18.1567
1110,广东省,深圳市福田区皇岗村博物馆,非国有博物馆,未定级,是,316,0,1,0,0.15
1111,广东省,深圳市福田区水围雅石艺术博物馆,非国有博物馆,未定级,是,316,0,1,0,3.7859
1112,广东省,深圳市光明区惜物博物馆,非国有博物馆,未定级,是,496,0,4,16,1.38
1113,广东省,深圳市海之洋贝壳博物馆,非国有博物馆,未定级,是,997,0,3,98,5.2562
1114,广东省,深圳市翰熙古陶瓷博物馆,非国有博物馆,未定级,是,441,0,5,6,2.2103
1115,广东省,深圳市合正艺术博物馆,非国有博物馆,未定级,是,700,0,6,5,1.9611
1116,广东省,深圳市和畅园博物馆,非国有博物馆,未定级,是,358,0,3,0,0.5837
1117,广东省,深圳市金石艺术博物馆,非国有博物馆,二级,是,407,27,5,38,17.0907
1118,广东省,深圳市金雅福黄金珠宝博物馆,非国有博物馆,未定级,是,311,0,3,24,0.675
1119,广东省,深圳市龙岗区东江潮红色文化博物馆,非国有博物馆,未定级,是,501,0,5,80,2.0262
1120,广东省,深圳市龙岗区客家民俗博物馆,文化文物系统国有博物馆,三级,是,823,9,16,48,25.7924
1121,广东省,深圳市龙岗区龙岭邮票博物馆,非国有博物馆,未定级,是,2748,0,4,60,1
1122,广东省,深圳市龙岗区万国珠宝汇矿物博物馆,非国有博物馆,未定级,是,329,0,8,20,1.3758
1123,广东省,深圳市龙岗区怡利翡翠博物馆,非国有博物馆,未定级,是,300,0,1,0,0.2156
1124,广东省,深圳市龙华区白石龙文化名人大营救纪念馆,文化文物系统国有博物馆,未定级,是,108,0,1,20,4.7257
1125,广东省,深圳市龙华区华夏军装博物馆,非国有博物馆,未定级,是,1269,0,4,3,1.3815
1126,广东省,深圳市龙华区美联红木艺术博物馆,非国有博物馆,未定级,是,382,0,1,5,1.54
1127,广东省,深圳市罗湖区惠风古陶博物馆,非国有博物馆,三级,是,645,266,5,22,3.4267
1128,广东省,深圳市南山博物馆,文化文物系统国有博物馆,三级,是,9466,326,28,79,680.4655
1129,广东省,深圳市坪山区东江纵队纪念馆,文化文物系统国有博物馆,未定级,是,1298,0,41,70,12
1130,广东省,深圳市棋国象棋博物馆,非国有博物馆,未定级,是,361,0,2,0,0
1131,广东省,深圳市十里红妆民俗博物馆,非国有博物馆,未定级,是,379,0,3,1,1.0202
1132,广东省,深圳市苏六河沉香博物馆,非国有博物馆,未定级,是,307,0,4,6,1.0808
1133,广东省,深圳市依波钟表文化博物馆,非国有博物馆,未定级,是,389,0,1,0,0.3554
1134,广东省,深圳市艺之卉百年时尚博物馆,非国有博物馆,三级,是,3646,0,1,7,1.2722
1135,广东省,深圳市隐秀高尔夫博物馆,非国有博物馆,未定级,是,309,0,1,12,1
1136,广东省,深圳市中医药博物馆,其他行业国有博物馆,未定级,是,494,0,3,93,1.3899
1137,广东省,深圳市中英街历史博物馆,文化文物系统国有博物馆,三级,是,1382,118,14,25,83.8969
1138,广东省,深圳市卓建法律博物馆,非国有博物馆,未定级,是,433,0,2,18,1.424
1139,广东省,深圳望野博物馆,非国有博物馆,二级,是,407,152,10,19,45.4069
1140,广东省,深圳玺宝楼青瓷博物馆,非国有博物馆,未定级,是,11764,0,1,6,1.0265
1141,广东省,深圳应急管理博物馆,其他行业国有博物馆,未定级,是,535,0,1,0,0
1142,广东省,始兴县博物馆,文化文物系统国有博物馆,二级,是,5367,226,5,73,8.9
1143,广东省,四会市博物馆,文化文物系统国有博物馆,二级,是,5542,174,10,89,13.7088
1144,广东省,四会市滙玉堂玉文化博物馆,非国有博物馆,未定级,是,900,0,1,7,0.8671
1145,广东省,遂溪县博物馆,文化文物系统国有博物馆,未定级,是,1230,225,12,85,18.56
1146,广东省,孙中山大元帅府纪念馆,文化文物系统国有博物馆,一级,是,11558,707,16,174,84.3936
1147,广东省,孙中山故居纪念馆,文化文物系统国有博物馆,一级,是,24252,1602,16,260,510
1148,广东省,台山市博物馆,文化文物系统国有博物馆,三级,是,10208,440,14,29,54.6331
1149,广东省,台山市南洋归侨文化博物馆,非国有博物馆,未定级,是,2495,0,3,3,3.5537
1150,广东省,翁源县博物馆,文化文物系统国有博物馆,三级,是,5866,262,8,41,5.3365
1151,广东省,吴川市博物馆,文化文物系统国有博物馆,未定级,是,240,17,13,4,2.4
1152,广东省,五华县博物馆,文化文物系统国有博物馆,未定级,是,4231,62,6,24,7.682
1153,广东省,五华县长乐学宫博物馆,文化文物系统国有博物馆,未定级,是,330,0,5,7,4.735
1154,广东省,小榄镇民俗博物馆,文化文物系统国有博物馆,未定级,是,101,0,1,0,7.6
1155,广东省,辛亥革命纪念馆,文化文物系统国有博物馆,一级,是,17895,349,12,1519,284.3245
1156,广东省,新丰县博物馆,文化文物系统国有博物馆,未定级,是,1437,105,8,13,9.5
1157,广东省,新兴县博物馆,文化文物系统国有博物馆,三级,是,5239,91,16,24,13.2
1158,广东省,信宜市博物馆,文化文物系统国有博物馆,未定级,是,2214,172,10,8,6.8023
1159,广东省,兴宁市博物馆,文化文物系统国有博物馆,未定级,是,3987,209,8,4,3.176
1160,广东省,徐闻县博物馆,文化文物系统国有博物馆,未定级,是,928,84,17,26,9.6
1161,广东省,鸦片战争博物馆,文化文物系统国有博物馆,一级,是,8199,258,6,270,722.1322
1162,广东省,阳春市博物馆,文化文物系统国有博物馆,未定级,是,7733,403,8,18,9.2881
1163,广东省,阳江市博物馆,文化文物系统国有博物馆,三级,是,1684,347,16,30,7.3552
1164,广东省,阳江市江城区博物馆,文化文物系统国有博物馆,未定级,是,140,0,6,3,0.52
1165,广东省,阳江市十八子音响博物馆,非国有博物馆,三级,是,624,0,14,5,8.0028
1166,广东省,阳江市阳东区博物馆,文化文物系统国有博物馆,未定级,是,614,0,10,29,13.3647
1167,广东省,阳江市阳江漆器博物馆,非国有博物馆,三级,是,421,0,1,56,5.3573
1168,广东省,阳山县博物馆,文化文物系统国有博物馆,未定级,是,613,289,0,13,2
1169,广东省,阳西县博物馆,文化文物系统国有博物馆,未定级,是,129,0,3,36,4.6378
1170,广东省,叶剑英元帅纪念馆,文化文物系统国有博物馆,二级,是,2710,18,0,20,17.7382
1171,广东省,叶挺独立团团部旧址纪念馆,文化文物系统国有博物馆,未定级,是,1979,56,8,220,23.4641
1172,广东省,叶挺纪念馆,文化文物系统国有博物馆,未定级,是,601,17,8,66,41.3155
1173,广东省,英德市博物馆,文化文物系统国有博物馆,未定级,是,2499,203,8,16,7.7457
1174,广东省,郁南县诗礼传家博物馆,非国有博物馆,未定级,是,1579,0,2,0,10.2896
1175,广东省,郁南县文化图书和博物馆,文化文物系统国有博物馆,未定级,是,1080,203,6,14,11.3
1176,广东省,粤海关博物馆,其他行业国有博物馆,未定级,是,9715,0,2,784,13.7518
1177,广东省,云浮市博物馆,文化文物系统国有博物馆,二级,是,13771,124,9,159,17.1
1178,广东省,云浮市欧德罗厨具博物馆,非国有博物馆,未定级,是,769,0,4,8,3.2
1179,广东省,云浮市云安区文化图书博物馆,文化文物系统国有博物馆,未定级,是,1353,3,5,8,3
1180,广东省,云浮市云城区博物馆,文化文物系统国有博物馆,未定级,是,304,0,7,10,3.6
1181,广东省,詹天佑故居纪念馆,其他行业国有博物馆,未定级,是,55,0,4,25,29.7484
1182,广东省,湛江市博物馆,文化文物系统国有博物馆,二级,是,8714,1193,27,170,46.1355
1183,广东省,湛江市赤坎区博物馆,文化文物系统国有博物馆,未定级,是,296,0,10,50,50.27
1184,广东省,湛江市麻章区博物馆,文化文物系统国有博物馆,未定级,是,131,0,0,0,0
1185,广东省,湛江市坡头区博物馆,文化文物系统国有博物馆,未定级,是,133,0,0,0,0
1186,广东省,湛江市霞山区博物馆,文化文物系统国有博物馆,未定级,是,129,0,0,0,0
1187,广东省,招商局历史博物馆,其他行业国有博物馆,未定级,是,7397,0,1,570,4.9731
1188,广东省,肇庆市包公文化博物馆,文化文物系统国有博物馆,二级,是,2126,18,4,77,36.1358
1189,广东省,肇庆市博物馆,文化文物系统国有博物馆,二级,是,11685,228,27,379,40.9937
1190,广东省,肇庆市鼎湖区博物馆,文化文物系统国有博物馆,未定级,是,511,0,4,30,1.208
1191,广东省,肇庆市端州区博物馆,文化文物系统国有博物馆,未定级,是,355,0,9,6,4.6967
1192,广东省,肇庆市端州区端砚博物馆,文化文物系统国有博物馆,未定级,是,508,0,6,328,11.0875
1193,广东省,肇庆市高要区博物馆,文化文物系统国有博物馆,未定级,是,1404,300,5,15,3.7409
1194,广东省,肇庆市梁焕明端砚艺术博物馆,非国有博物馆,未定级,是,314,0,3,2,1.5615
1195,广东省,肇庆市文宝斋翡翠博物馆,非国有博物馆,未定级,是,305,0,6,20,3
1196,广东省,喆庐博物馆（丘哲纪念馆）,其他行业国有博物馆,未定级,是,325,0,2,0,0.2295
1197,广东省,中共宝安县第一次党代会会址博物馆,文化文物系统国有博物馆,未定级,是,42,0,1,424,7.1524
1198,广东省,中国共产党第三次全国代表大会会址纪念馆,文化文物系统国有博物馆,二级,是,1113,0,9,364,51.8546
1199,广东省,中山大学博物馆（校史馆）,其他行业国有博物馆,二级,是,1139183,0,12,76,10.4832
1200,广东省,中山大学人类学博物馆,其他行业国有博物馆,未定级,是,343,343,2,0,0
1201,广东省,中山大学医学博物馆,其他行业国有博物馆,未定级,是,3000,0,1,0,0.8569
1202,广东省,中山市博物馆,文化文物系统国有博物馆,二级,是,14701,651,14,318,161.5329
1203,广东省,中山市参宫野山参文化博物馆,非国有博物馆,未定级,是,310,0,1,8,1.6326
1204,广东省,中山市龙泉博物馆,非国有博物馆,未定级,是,320,0,2,2,1.0056
1205,广东省,珠海博物馆,文化文物系统国有博物馆,二级,是,16854,1176,16,2567,110.2447
1206,广东省,珠海汉东博物馆,非国有博物馆,未定级,是,560,0,1,0,0.8765
1207,广东省,珠海罗西尼钟表博物馆,非国有博物馆,未定级,是,1035,0,4,150,46
1208,广东省,珠海市斗门区博物馆,文化文物系统国有博物馆,三级,是,5517,11,18,17,10.9014
1209,广东省,珠海市金湾区博物馆,文化文物系统国有博物馆,未定级,是,114,0,7,82,11.0367
1210,广东省,珠海市普济艺术博物馆,非国有博物馆,未定级,是,3038,0,1,7,11.2193
1211,广东省,珠海市盛宝博物馆,非国有博物馆,未定级,是,1035,53,7,3,2.573
1212,广东省,珠海市香洲区博物馆,文化文物系统国有博物馆,未定级,是,310,0,4,23,2.2
1213,广东省,珠海市原道文化博物馆,非国有博物馆,未定级,是,318,0,1,0,1.1243
1214,广东省,珠海钰海博物馆,非国有博物馆,未定级,是,1050,0,1,21,1.5096
1215,广东省,珠江——英博国际啤酒博物馆,其他行业国有博物馆,未定级,否,3004,0,5,22,0.5901
1216,广东省,紫金县博物馆,文化文物系统国有博物馆,未定级,是,2255,27,4,9,1.8
1217,广西壮族自治区,八路军桂林办事处纪念馆,文化文物系统国有博物馆,三级,是,1560,99,6,136,69.0043
1218,广西壮族自治区,八路军桂林办事处灵川县路莫村军需物资转运站纪念馆,文化文物系统国有博物馆,未定级,是,8,0,2,7,4.2
1219,广西壮族自治区,巴马瑶族自治县长寿博物馆,文化文物系统国有博物馆,未定级,是,411,77,16,24,16
1220,广西壮族自治区,百色起义纪念馆,文化文物系统国有博物馆,二级,是,4524,790,8,54,200
1221,广西壮族自治区,百色市田阳区博物馆,文化文物系统国有博物馆,未定级,是,1109,482,0,10,0
1222,广西壮族自治区,百色学院博物馆,文化文物系统国有博物馆,未定级,是,935,0,1,17,0.5829
1223,广西壮族自治区,北海贝雕博物馆,非国有博物馆,未定级,否,140,0,1,2,7.6078
1224,广西壮族自治区,北海近代海关历史陈列馆,文化文物系统国有博物馆,未定级,是,47,0,1,11,5.6862
1225,广西壮族自治区,北海近代外国领事机构历史陈列馆,文化文物系统国有博物馆,未定级,是,71,0,1,17,3.7186
1226,广西壮族自治区,北海近代洋行历史陈列馆,文化文物系统国有博物馆,未定级,是,82,0,1,5,1.704
1227,广西壮族自治区,北海近代邮电历史陈列馆,文化文物系统国有博物馆,未定级,是,41,0,1,7,4.3764
1228,广西壮族自治区,北海南珠博物馆,非国有博物馆,未定级,否,318,0,1,17,6.4059
1229,广西壮族自治区,北海市贝阙珠宫海洋艺术博物馆,非国有博物馆,未定级,否,353,0,5,0,0.436
1230,广西壮族自治区,北海市博物馆,文化文物系统国有博物馆,未定级,是,635,11,2,8,2.1221
1231,广西壮族自治区,北海市汉晟古兵器博物馆,非国有博物馆,未定级,是,330,0,0,0,0
1232,广西壮族自治区,北海涠洲岛火山国家地质公园地质博物馆,其他行业国有博物馆,未定级,是,101,0,3,2,4.996
1233,广西壮族自治区,北流市博物馆,文化文物系统国有博物馆,未定级,是,830,135,6,20,16.542
1234,广西壮族自治区,博白县博物馆,文化文物系统国有博物馆,三级,是,1134,97,13,7,15.5566
1235,广西壮族自治区,博白县王力陈列馆,文化文物系统国有博物馆,未定级,是,542,0,1,12,6.1
1236,广西壮族自治区,岑溪市博物馆,文化文物系统国有博物馆,未定级,是,1213,268,4,24,1
1237,广西壮族自治区,崇左市壮族博物馆,文化文物系统国有博物馆,二级,是,8098,49,6,101,17.831
1238,广西壮族自治区,大化瑶族自治县古河革命纪念馆,文化文物系统国有博物馆,未定级,是,173,9,5,5,2.9016
1239,广西壮族自治区,大化瑶族自治县民族博物馆,文化文物系统国有博物馆,未定级,是,739,0,4,0,1.0295
1240,广西壮族自治区,大新县博物馆,文化文物系统国有博物馆,未定级,是,877,465,3,3,10
1241,广西壮族自治区,邓颖超纪念馆,文化文物系统国有博物馆,未定级,是,87,0,1,42,64.8227
1242,广西壮族自治区,东兰县革命纪念馆,文化文物系统国有博物馆,未定级,是,326,142,1,1,12.67
1243,广西壮族自治区,东兴京族博物馆,文化文物系统国有博物馆,未定级,是,360,0,1,3,6.282
1244,广西壮族自治区,都安瑶族自治县民族博物馆,文化文物系统国有博物馆,未定级,是,502,44,5,1,2.49
1245,广西壮族自治区,防城港市博物馆,文化文物系统国有博物馆,二级,是,12523,235,12,94,32.6618
1246,广西壮族自治区,冯子材旧居,文化文物系统国有博物馆,未定级,是,38,0,1,18,0
1247,广西壮族自治区,恭城瑶族自治县瑶族博物馆,文化文物系统国有博物馆,未定级,是,1063,67,7,9,6.2
1248,广西壮族自治区,灌阳县博物馆,文化文物系统国有博物馆,未定级,是,4042,244,1,2,1.2
1249,广西壮族自治区,广西八桂六堡茶博物馆,非国有博物馆,未定级,是,318,0,6,22,0.65
1250,广西壮族自治区,广西地球记忆自然博物馆,非国有博物馆,未定级,否,350,0,2,15,14.8596
1251,广西壮族自治区,广西建林博物馆,非国有博物馆,未定级,是,850,0,2,1,1
1252,广西壮族自治区,广西旅游博物馆,其他行业国有博物馆,未定级,是,380,0,1,144,0.86
1253,广西壮族自治区,广西民族博物馆,文化文物系统国有博物馆,一级,是,56947,3805,29,668,151.2762
1254,广西壮族自治区,广西南丹县里湖白裤瑶生态博物馆,文化文物系统国有博物馆,未定级,是,181,0,1,3,0.7829
1255,广西壮族自治区,广西省工委黄姚旧址纪念馆,文化文物系统国有博物馆,未定级,是,268,0,3,3,15.522
1256,广西壮族自治区,广西统计博物馆,文化文物系统国有博物馆,未定级,是,8000,0,3,1,0.0171
1257,广西壮族自治区,广西中医药博物馆,其他行业国有博物馆,未定级,是,26443,0,3,15,1.12
1258,广西壮族自治区,广西壮锦博物馆,非国有博物馆,未定级,是,203,0,1,28,13.1487
1259,广西壮族自治区,广西壮族自治区博物馆,文化文物系统国有博物馆,一级,是,60096,6008,26,885,240
1260,广西壮族自治区,广西壮族自治区烈士陵园（广西革命纪念馆）,其他行业国有博物馆,未定级,是,5456,16,1,36,1.3329
1261,广西壮族自治区,广西壮族自治区藤县博物馆,文化文物系统国有博物馆,未定级,是,1446,792,3,5,11
1262,广西壮族自治区,广西壮族自治区自然博物馆,文化文物系统国有博物馆,二级,是,52053,309,3,68,78.9801
1263,广西壮族自治区,广西壮族自治区自然资源档案博物馆(自治区地质资料档案馆、自治区测绘地理信息档案资料馆),其他行业国有博物馆,三级,是,121000,0,13,50,83.7
1264,广西壮族自治区,贵港市博物馆,文化文物系统国有博物馆,二级,是,2233,773,14,35,58.9606
1265,广西壮族自治区,贵港市自然博物馆,文化文物系统国有博物馆,未定级,是,36900,0,6,30,36.6825
1266,广西壮族自治区,桂北民俗博物馆,文化文物系统国有博物馆,未定级,是,5040,104,4,14,7.6113
1267,广西壮族自治区,桂海碑林博物馆,文化文物系统国有博物馆,二级,否,8134,28,6,75,41.6735
1268,广西壮族自治区,桂林博物馆,文化文物系统国有博物馆,一级,是,39684,4296,44,101,120.5689
1269,广西壮族自治区,桂林观石堂鸡血玉石博物馆,非国有博物馆,未定级,否,232,0,1,0,6.9307
1270,广西壮族自治区,桂林华鼎格古博物馆,非国有博物馆,未定级,是,308,39,3,0,0.46
1271,广西壮族自治区,桂林千年红鸡血玉博物馆,非国有博物馆,未定级,是,323,0,1,0,3.1832
1272,广西壮族自治区,桂林市靖江王陵博物馆,文化文物系统国有博物馆,三级,否,2388,60,1,13,22.217
1273,广西壮族自治区,桂林市临桂区博物馆,文化文物系统国有博物馆,未定级,是,261,0,1,2,11.1208
1274,广西壮族自治区,桂林秧塘机场飞虎队遗址纪念馆,文化文物系统国有博物馆,未定级,是,529,47,5,2,11.1208
1275,广西壮族自治区,桂林甑皮岩遗址博物馆,文化文物系统国有博物馆,三级,否,2569,97,4,28,10.468
1276,广西壮族自治区,桂平市博物馆,文化文物系统国有博物馆,未定级,是,1832,1087,9,14,6.4
1277,广西壮族自治区,桂平市金田起义博物馆,文化文物系统国有博物馆,未定级,是,518,12,1,13,30.839
1278,广西壮族自治区,合浦县博物馆,文化文物系统国有博物馆,三级,是,3220,582,2,12,18.3354
1279,广西壮族自治区,合山市奇石博物馆,文化文物系统国有博物馆,未定级,是,472,0,1,3,5.864
1280,广西壮族自治区,河池革命纪念馆,文化文物系统国有博物馆,未定级,是,293,0,2,26,6.5441
1281,广西壮族自治区,河池宜州博物馆,文化文物系统国有博物馆,未定级,是,872,0,6,58,8.8235
1282,广西壮族自治区,贺州民族文化博物馆,其他行业国有博物馆,未定级,是,52547,57,12,20,9.5476
1283,广西壮族自治区,贺州市博物馆,文化文物系统国有博物馆,三级,是,6826,978,8,4,10.172
1284,广西壮族自治区,贺州市客家生态博物馆,文化文物系统国有博物馆,未定级,是,680,0,1,1,0.03
1285,广西壮族自治区,贺州语言文化博物馆,其他行业国有博物馆,未定级,是,901,0,1,30,2.4732
1286,广西壮族自治区,横州市博物馆,文化文物系统国有博物馆,三级,是,1597,166,6,12,22.9511
1287,广西壮族自治区,红军长征突破湘江纪念馆,文化文物系统国有博物馆,未定级,是,563,9,2,50,60.5665
1288,广西壮族自治区,红军长征湘江战役纪念馆,文化文物系统国有博物馆,二级,是,896,26,7,70,102.7078
1289,广西壮族自治区,胡志明旧居,文化文物系统国有博物馆,未定级,是,30,0,2,1,5.21
1290,广西壮族自治区,环江毛南族自治县毛南族博物馆,文化文物系统国有博物馆,未定级,是,1386,63,3,5,6.517
1291,广西壮族自治区,金秀坳瑶生态博物馆,文化文物系统国有博物馆,未定级,是,372,0,1,10,0.287
1292,广西壮族自治区,金秀瑶族自治县瑶族博物馆,文化文物系统国有博物馆,三级,是,4741,179,1,18,26.2041
1293,广西壮族自治区,靖西旧州壮族生态博物馆,文化文物系统国有博物馆,未定级,是,285,0,1,3,26.01
1294,广西壮族自治区,靖西市壮族博物馆,文化文物系统国有博物馆,三级,是,1091,300,4,3,7
1295,广西壮族自治区,来宾市博物馆,文化文物系统国有博物馆,二级,是,7536,246,11,163,14.7586
1296,广西壮族自治区,乐业县博物馆,文化文物系统国有博物馆,未定级,是,516,204,1,226,8.36
1297,广西壮族自治区,李济深故居,文化文物系统国有博物馆,未定级,是,41,0,1,20,12.5
1298,广西壮族自治区,李宗仁文物陈列馆,文化文物系统国有博物馆,未定级,是,545,118,8,39,28.7674
1299,广西壮族自治区,灵川县江头古民居博物馆,文化文物系统国有博物馆,未定级,是,0,0,1,6,4.17
1300,广西壮族自治区,灵川县长岗岭商道古村生态博物馆,文化文物系统国有博物馆,未定级,是,0,0,1,6,4.6
1301,广西壮族自治区,灵渠博物院,文化文物系统国有博物馆,三级,是,10107,267,11,45,42.3107
1302,广西壮族自治区,灵山县博物馆,文化文物系统国有博物馆,未定级,是,830,458,1,2,9.04
1303,广西壮族自治区,凌云县博物馆,文化文物系统国有博物馆,未定级,是,622,160,8,3,6.85
1304,广西壮族自治区,刘永福旧居,文化文物系统国有博物馆,未定级,是,86,5,1,0,0
1305,广西壮族自治区,柳州白莲洞洞穴科学博物馆,文化文物系统国有博物馆,二级,是,4088,500,4,63,82.803
1306,广西壮族自治区,柳州大韩民国临时政府抗日斗争活动陈列馆,文化文物系统国有博物馆,未定级,是,60,0,1,0,7.1455
1307,广西壮族自治区,柳州典籍博物馆,文化文物系统国有博物馆,未定级,是,3018,415,2,13,10.0102
1308,广西壮族自治区,柳州工业博物馆,文化文物系统国有博物馆,一级,是,34100,26,20,113,161.3532
1309,广西壮族自治区,柳州市博物馆,文化文物系统国有博物馆,二级,是,9573,9419,28,105,158
1310,广西壮族自治区,柳州市凤凰河艺术博物馆,非国有博物馆,未定级,是,427,0,1,0,4.5
1311,广西壮族自治区,柳州市桂饼文化博物馆,非国有博物馆,未定级,是,476,0,3,180,2.8
1312,广西壮族自治区,柳州市军事博物园（柳州抗日战争历史博物馆）,文化文物系统国有博物馆,二级,是,11412,14,7,112,93.0098
1313,广西壮族自治区,柳州市咖啡文化博物馆,非国有博物馆,未定级,是,1114,0,1,2,1.8213
1314,广西壮族自治区,柳州市柳州菜饮食文化博物馆,非国有博物馆,未定级,是,514,0,1,4,2.7
1315,广西壮族自治区,柳州市票证博物馆,非国有博物馆,未定级,是,1000,0,1,1,2
1316,广西壮族自治区,柳州市日增美术馆,非国有博物馆,未定级,是,1230,0,9,25,2.22
1317,广西壮族自治区,柳州市云波摩尔石艺术博物馆,非国有博物馆,未定级,是,300,0,1,0,0.7652
1318,广西壮族自治区,柳州文庙博物馆,文化文物系统国有博物馆,未定级,是,473,0,7,71,40.0134
1319,广西壮族自治区,龙胜龙脊壮族生态博物馆,文化文物系统国有博物馆,未定级,是,564,27,3,2,7.1
1320,广西壮族自治区,隆林各族自治县民族博物馆,文化文物系统国有博物馆,未定级,是,1046,160,1,7,3.6532
1321,广西壮族自治区,鹿寨博物馆,文化文物系统国有博物馆,未定级,是,1251,87,4,3,2
1322,广西壮族自治区,罗城仫佬族博物馆,文化文物系统国有博物馆,三级,是,2873,81,6,16,6.2883
1323,广西壮族自治区,那坡县博物馆,文化文物系统国有博物馆,未定级,是,2087,148,3,9,1.4504
1324,广西壮族自治区,南宁孔庙博物馆,文化文物系统国有博物馆,三级,是,2730,217,1,318,30.1069
1325,广西壮族自治区,南宁昆仑关战役旧址博物馆,文化文物系统国有博物馆,三级,是,1822,44,6,55,21.0702
1326,广西壮族自治区,南宁市博物馆,文化文物系统国有博物馆,一级,是,10566,396,18,589,103.1831
1327,广西壮族自治区,南宁市顶蛳山遗址博物馆,文化文物系统国有博物馆,二级,是,813,0,2,59,10.1
1328,广西壮族自治区,南宁市共青团纪念馆,文化文物系统国有博物馆,未定级,是,633,0,1,2,0.267
1329,广西壮族自治区,南宁市瓯骆遗粹博物馆,非国有博物馆,未定级,是,324,40,5,1,0.5312
1330,广西壮族自治区,平果市博物馆,文化文物系统国有博物馆,未定级,是,430,131,1,12,1.2
1331,广西壮族自治区,平南县博物馆,文化文物系统国有博物馆,未定级,是,2136,149,2,60,3.5
1332,广西壮族自治区,凭祥市博物馆,文化文物系统国有博物馆,未定级,是,1652,71,3,4,45
1333,广西壮族自治区,浦北县博物馆,文化文物系统国有博物馆,三级,是,1633,95,5,14,5.5739
1334,广西壮族自治区,钦州市博物馆,文化文物系统国有博物馆,未定级,是,1921,124,5,59,70.1327
1335,广西壮族自治区,全州县思源民俗博物馆,非国有博物馆,未定级,是,5000,0,1,1,3.5
1336,广西壮族自治区,容县博物馆,文化文物系统国有博物馆,三级,是,6700,297,2,5,43.7
1337,广西壮族自治区,融水安太苗族生态博物馆,文化文物系统国有博物馆,未定级,是,500,0,2,2,0.5
1338,广西壮族自治区,融水苗族自治县博物馆,文化文物系统国有博物馆,未定级,是,2000,61,2,5,6
1339,广西壮族自治区,三江侗绣博物馆,非国有博物馆,未定级,是,331,0,5,3,0.5686
1340,广西壮族自治区,三江侗族民俗工艺馆,非国有博物馆,未定级,是,384,0,1,34,2.5
1341,广西壮族自治区,三江侗族生态博物馆,文化文物系统国有博物馆,未定级,是,380,0,1,2,1.3345
1342,广西壮族自治区,三江侗族自治县博物馆,文化文物系统国有博物馆,未定级,是,2524,43,3,0,3.3363
1343,广西壮族自治区,三江侗族自治县独侗农民画博物馆,非国有博物馆,未定级,是,390,0,3,12,1.3766
1344,广西壮族自治区,太平天国革命在永安史实陈列馆,文化文物系统国有博物馆,未定级,是,3885,360,1,13,13.5
1345,广西壮族自治区,天等县博物馆,文化文物系统国有博物馆,三级,是,12610,155,8,78,21
1346,广西壮族自治区,田东县博物馆,文化文物系统国有博物馆,三级,是,4454,282,13,12,18.8364
1347,广西壮族自治区,田东县右江革命纪念馆,文化文物系统国有博物馆,三级,是,131,89,9,20,28
1348,广西壮族自治区,田东右江天书民俗文化博物馆,非国有博物馆,未定级,是,1018,0,3,0,0.26
1349,广西壮族自治区,田林县博物馆,文化文物系统国有博物馆,未定级,否,43,43,0,0,0
1350,广西壮族自治区,韦拔群纪念馆,其他行业国有博物馆,未定级,是,92,0,7,3,0.6
1351,广西壮族自治区,梧州日月红博物馆,非国有博物馆,未定级,是,3200,0,1,0,2.35
1352,广西壮族自治区,梧州市宝丰博物馆,非国有博物馆,未定级,是,520,0,17,5,3.35
1353,广西壮族自治区,梧州市博物馆,文化文物系统国有博物馆,二级,是,8384,2231,1,25,45.81
1354,广西壮族自治区,武宣县博物馆,文化文物系统国有博物馆,未定级,是,1578,185,2,20,3.95
1355,广西壮族自治区,西林县博物馆,文化文物系统国有博物馆,未定级,是,456,194,1,3,3.7001
1356,广西壮族自治区,象州县博物馆,文化文物系统国有博物馆,三级,是,5060,732,10,22,11.1839
1357,广西壮族自治区,忻城县土司博物馆,文化文物系统国有博物馆,未定级,否,1277,143,8,190,16.1243
1358,广西壮族自治区,新圩阻击战史实陈列馆（灌阳红军长征湘江战役文化保护传承中心）,文化文物系统国有博物馆,未定级,是,417,87,2,33,33.4229
1359,广西壮族自治区,永福县博物馆,文化文物系统国有博物馆,未定级,是,5200,34,2,1,3.765
1360,广西壮族自治区,右江民族博物馆,文化文物系统国有博物馆,三级,是,8367,478,10,38,11
1361,广西壮族自治区,玉林市博物馆,文化文物系统国有博物馆,二级,是,1218,156,14,19,19.9286
1362,广西壮族自治区,玉林市铁力木家具博物馆,非国有博物馆,未定级,是,310,0,3,1,0.865
1363,广西壮族自治区,中国工农红军第七军军部旧址,文化文物系统国有博物馆,未定级,是,147,67,1,17,36.6202
1364,广西壮族自治区,中国红军第八军革命纪念馆,文化文物系统国有博物馆,三级,是,4982,894,4,6,13.75
1365,广西壮族自治区,中国红军第七第八军河池整编阅兵纪念馆,文化文物系统国有博物馆,未定级,是,53,0,4,0,1.5352
1366,广西壮族自治区,钟山县博物馆,文化文物系统国有博物馆,未定级,是,1382,531,2,2,6.5
1367,广西壮族自治区,壮乡将军纪念馆,文化文物系统国有博物馆,未定级,是,285,3,9,8,19
1368,广西壮族自治区,资源县博物馆,文化文物系统国有博物馆,未定级,是,1751,75,2,1,1.31
1369,贵州省,安龙博物馆,文化文物系统国有博物馆,未定级,否,381,81,4,1,6.6436
1370,贵州省,安顺儒学文化博物馆,文化文物系统国有博物馆,未定级,是,6,0,2,16,14.5961
1371,贵州省,安顺市博物馆,文化文物系统国有博物馆,未定级,是,713,62,7,25,3.7344
1372,贵州省,安顺市平坝区博物馆,文化文物系统国有博物馆,未定级,是,368,0,1,0,0.7015
1373,贵州省,安顺屯堡文化博物馆,其他行业国有博物馆,未定级,是,180,0,1,18,2.8
1374,贵州省,毕节市博物馆,文化文物系统国有博物馆,二级,是,11983,198,17,60,29
1375,贵州省,册亨县布依族博物馆,文化文物系统国有博物馆,未定级,是,1401,21,18,7,3.0446
1376,贵州省,岑巩县思州石砚博物馆,文化文物系统国有博物馆,未定级,是,169,0,1,4,0.3616
1377,贵州省,赤水丹霞石刻艺术博物馆,文化文物系统国有博物馆,未定级,是,166,0,6,4,0.6219
1378,贵州省,赤水市博物馆,文化文物系统国有博物馆,未定级,是,156,0,6,4,0.9521
1379,贵州省,川滇黔省革命委员会旧址（大方）,文化文物系统国有博物馆,未定级,是,90,0,1,60,1.3
1380,贵州省,从江岜沙苗族文化陈列馆,文化文物系统国有博物馆,未定级,是,132,0,1,0,4.923
1381,贵州省,达德学校旧址,文化文物系统国有博物馆,未定级,是,375,0,9,51,10.0502
1382,贵州省,大方县乌蒙彝文化博物馆,文化文物系统国有博物馆,未定级,是,15,0,1,0,0.012
1383,贵州省,德江傩堂戏博物馆,非国有博物馆,未定级,否,844,0,1,68,2.709
1384,贵州省,德江县安化文庙陈列馆,文化文物系统国有博物馆,未定级,是,421,0,6,1,0.2454
1385,贵州省,地扪侗族人文生态博物馆,非国有博物馆,未定级,是,1000,0,2,0,3.523
1386,贵州省,都匀三线建设博物馆,其他行业国有博物馆,未定级,是,11279,0,2,23,4.0944
1387,贵州省,独山深河桥抗战遗址陈列馆,文化文物系统国有博物馆,未定级,是,153,0,1,163,24.2262
1388,贵州省,鹅翅膀战斗遗址陈列室,文化文物系统国有博物馆,未定级,是,136,0,1,10,0.0712
1389,贵州省,枫香溪会议会址纪念馆,文化文物系统国有博物馆,未定级,是,344,0,1,336,10.0642
1390,贵州省,关岭地质公园博物馆,其他行业国有博物馆,未定级,否,93,0,3,0,2.96
1391,贵州省,贵阳金阳古生物化石博物馆,非国有博物馆,未定级,是,842,192,3,1,0.7
1392,贵州省,贵阳可佳博物馆,非国有博物馆,未定级,是,3012,0,3,13,2.9604
1393,贵州省,贵阳苗疆故事民族服饰博物馆,非国有博物馆,未定级,否,406,0,3,6,1.3
1394,贵州省,贵阳市花溪区兰妈妈多彩衣妆传统民族服饰博物馆,非国有博物馆,未定级,是,1913,0,0,0,0
1395,贵州省,贵阳市刘玉智藏报馆,非国有博物馆,未定级,是,12000,0,3,1,0.2312
1396,贵州省,贵阳市手上记忆博物馆,非国有博物馆,未定级,是,6519,31,9,45,1.6
1397,贵州省,贵阳图云关抗战纪念馆,其他行业国有博物馆,未定级,是,95,0,1,342,16.2422
1398,贵州省,贵州茶文化生态博物馆,文化文物系统国有博物馆,三级,是,8048,52,6,2,8.5317
1399,贵州省,贵州工程应用技术学院黔西北红色文化传承成果展示中心,其他行业国有博物馆,未定级,是,6000,0,4,10,0.5197
1400,贵州省,贵州工程应用技术学院彝族文化博物馆,其他行业国有博物馆,未定级,是,520,0,11,500,0.05
1401,贵州省,贵州古生物化石博物馆,其他行业国有博物馆,未定级,是,371,371,0,0,0
1402,贵州省,贵州教育史馆,其他行业国有博物馆,未定级,是,2163,0,1,4,0.7723
1403,贵州省,贵州喀斯特国家地质公园博物馆,其他行业国有博物馆,未定级,是,477,0,1,30,9.5
1404,贵州省,贵州蜡染博物馆,文化文物系统国有博物馆,未定级,是,116,0,6,25,3.7344
1405,贵州省,贵州龙博物馆,其他行业国有博物馆,未定级,是,769,0,1,0,0.1599
1406,贵州省,贵州茅台酒博物馆,其他行业国有博物馆,未定级,是,2677,15,7,0,32.2637
1407,贵州省,贵州民族婚俗博物馆,文化文物系统国有博物馆,未定级,是,2210,32,1,7,2.1955
1408,贵州省,贵州民族节日文化博物馆,文化文物系统国有博物馆,未定级,是,1288,33,3,18,11.4778
1409,贵州省,贵州傩文化博物馆,文化文物系统国有博物馆,三级,是,1960,286,8,12,12.5047
1410,贵州省,贵州三线建设博物馆（六盘水市博物馆）,文化文物系统国有博物馆,二级,是,21443,21,3,690,154.5348
1411,贵州省,贵州省坝陵河桥梁博物馆,其他行业国有博物馆,未定级,是,215,0,8,300,8
1412,贵州省,贵州省博物馆,文化文物系统国有博物馆,一级,是,57783,5097,12,93,213.0787
1413,贵州省,贵州省茶文化博物馆（水城馆）,其他行业国有博物馆,未定级,是,2700,0,2,100,10
1414,贵州省,贵州省地质博物馆,其他行业国有博物馆,一级,是,31369,493,20,334,102.1236
1415,贵州省,贵州省非物质文化遗产博览馆,其他行业国有博物馆,未定级,是,2629,0,1,78,4.4497
1416,贵州省,贵州省贵阳市五彩黔艺民族服饰博物馆,非国有博物馆,未定级,是,1200,0,1,112,2.2168
1417,贵州省,贵州省民族博物馆,其他行业国有博物馆,一级,是,18217,193,40,105,198.3388
1418,贵州省,贵州省民族建筑博物馆,文化文物系统国有博物馆,未定级,否,109,13,1,0,22.7344
1419,贵州省,贵州师范大学博物馆,其他行业国有博物馆,未定级,是,23105,8,11,30,1.5
1420,贵州省,贵州水族文化博物馆,文化文物系统国有博物馆,三级,是,3103,21,2,2,18.9608
1421,贵州省,贵州习水宋窖博物馆,非国有博物馆,三级,是,3800,18,1,5,12.4863
1422,贵州省,贵州兴义坡岗布依族博物馆,文化文物系统国有博物馆,未定级,是,332,0,0,0,0
1423,贵州省,黑冲战斗遗址陈列室,文化文物系统国有博物馆,未定级,是,165,0,1,31,2.8037
1424,贵州省,红二、红六军团木黄会师纪念馆,文化文物系统国有博物馆,未定级,是,279,5,3,30,16.2003
1425,贵州省,红二、红六军团盘县会议会址陈列馆,文化文物系统国有博物馆,未定级,是,207,11,5,49,28.5742
1426,贵州省,红军长征册亨陈列馆,文化文物系统国有博物馆,未定级,是,69,0,5,35,0.4722
1427,贵州省,红军长征在桐梓陈列馆,文化文物系统国有博物馆,未定级,是,25,0,1,54,3.1467
1428,贵州省,红七军卡法连队驻扎遗址陈列馆,文化文物系统国有博物馆,未定级,是,32,0,1,12,0.389
1429,贵州省,花江铁索桥红军阻击战遗址陈列馆,文化文物系统国有博物馆,未定级,是,20,0,8,5,2
1430,贵州省,花溪镇山布依族生态博物馆,文化文物系统国有博物馆,未定级,是,57,4,1,0,0
1431,贵州省,黄平县革命历史陈列馆,文化文物系统国有博物馆,未定级,是,38,0,3,120,4.6842
1432,贵州省,黄齐生故居陈列馆,文化文物系统国有博物馆,未定级,是,37,0,1,2,0.6478
1433,贵州省,金沙县钱壮飞烈士陵园管理中心,其他行业国有博物馆,未定级,是,1,0,1,2,8.449
1434,贵州省,锦屏龙大道故居陈列馆,文化文物系统国有博物馆,未定级,是,40,7,1,1,0.9612
1435,贵州省,锦屏县隆里古城生态博物馆,文化文物系统国有博物馆,未定级,是,204,0,4,10,2.6235
1436,贵州省,绝壁天渠陈列馆,文化文物系统国有博物馆,未定级,是,150,0,4,253,1.0025
1437,贵州省,凯里党史陈列馆,其他行业国有博物馆,未定级,是,56,0,1,416,1.6
1438,贵州省,雷山西江春花苗族服饰刺绣博物馆,非国有博物馆,未定级,是,1003,0,3,51,8.2819
1439,贵州省,雷山县郎德上寨民族村寨博物馆,文化文物系统国有博物馆,未定级,是,129,0,3,16,10.6182
1440,贵州省,雷山县苗族银饰刺绣博物馆,文化文物系统国有博物馆,未定级,是,863,0,6,6,1.5887
1441,贵州省,雷山县西江苗族博物馆,文化文物系统国有博物馆,未定级,是,539,29,9,1,121.6773
1442,贵州省,黎平会议纪念馆,文化文物系统国有博物馆,未定级,是,745,0,2,127,22.7188
1443,贵州省,黎平历史文化展陈中心,其他行业国有博物馆,未定级,是,0,0,1,0,18.102
1444,贵州省,黎庶昌故居陈列馆,文化文物系统国有博物馆,未定级,是,42,0,1,44,3.4422
1445,贵州省,荔波县邓恩铭故居,文化文物系统国有博物馆,未定级,是,172,43,1,4,23
1446,贵州省,荔波县红七军板寨会师旧址,文化文物系统国有博物馆,未定级,是,71,1,1,0,8.6508
1447,贵州省,林青纪念馆,其他行业国有博物馆,未定级,是,21,0,1,218,1.35
1448,贵州省,六盘水市钟山区挹晖博物馆,非国有博物馆,未定级,是,6811,0,8,36,14.9362
1449,贵州省,六枝记忆·三线博物馆,其他行业国有博物馆,未定级,是,3070,0,4,6,1.0378
1450,贵州省,六枝特区生态博物馆,文化文物系统国有博物馆,未定级,是,174,9,1,21,17.6593
1451,贵州省,娄山关红军战斗遗址陈列馆,文化文物系统国有博物馆,未定级,是,116,0,1,20,40.61
1452,贵州省,麻江县河坝瑶族文化博物馆,非国有博物馆,未定级,是,520,0,1,1,0.31
1453,贵州省,麻江县历史文化陈列馆,文化文物系统国有博物馆,未定级,是,123,0,1,22,3.136
1454,贵州省,湄潭县浙大西迁历史陈列馆,文化文物系统国有博物馆,未定级,是,144,0,2,11,12.6762
1455,贵州省,欧百川故居陈列馆,文化文物系统国有博物馆,未定级,是,122,0,6,24,4.4831
1456,贵州省,平底乡愁博物馆,非国有博物馆,未定级,是,380,0,4,0,0.12
1457,贵州省,普安县楼下镇泥堡红军长征陈列馆,文化文物系统国有博物馆,未定级,是,30,0,1,2,0.35
1458,贵州省,七星关区博物馆,文化文物系统国有博物馆,未定级,是,8246,0,2,10,3
1459,贵州省,七星关区贵州抗日救国军与周素园陈列馆,文化文物系统国有博物馆,未定级,是,310,25,1,277,1.0821
1460,贵州省,前景自然博物馆,非国有博物馆,未定级,是,416,0,3,0,1.8
1461,贵州省,黔东南欧东花民族服饰博物馆,非国有博物馆,未定级,是,27100,0,1,2,2.4341
1462,贵州省,黔东南州苗妹非遗博物馆,非国有博物馆,未定级,是,872,0,5,4,21.7265
1463,贵州省,黔东南州民族博物馆,文化文物系统国有博物馆,二级,是,6941,468,15,30,6.1688
1464,贵州省,黔东南州太阳鼓苗侗服饰博物馆,非国有博物馆,未定级,是,3336,0,1,2,0.015
1465,贵州省,黔东南州之荣侗医药博物馆,非国有博物馆,未定级,是,407,0,1,0,0.1385
1466,贵州省,黔东特区革命委员会旧址纪念馆,文化文物系统国有博物馆,未定级,是,284,0,6,65,4.7521
1467,贵州省,黔南州博物馆（黔南州民族博物馆、黔南州文物研究所）,文化文物系统国有博物馆,三级,是,4216,22,12,15,4.2439
1468,贵州省,黔西南布依族苗族自治州博物馆,文化文物系统国有博物馆,未定级,是,7318,98,11,65,13.8054
1469,贵州省,黔西市博物馆,文化文物系统国有博物馆,未定级,是,7,0,8,203,1.3156
1470,贵州省,晴隆县二十四道拐抗战公路陈列馆,文化文物系统国有博物馆,未定级,是,117,0,5,18,9.1299
1471,贵州省,仁怀市博物馆,文化文物系统国有博物馆,未定级,是,8293,250,2,27,5.0818
1472,贵州省,仁怀市红军长征文化陈列馆,文化文物系统国有博物馆,未定级,是,520,0,5,2,13.1237
1473,贵州省,榕江红七军军部旧址历史陈列馆,文化文物系统国有博物馆,未定级,是,275,17,1,8,9.7131
1474,贵州省,榕江县记忆古州历史陈列馆,文化文物系统国有博物馆,未定级,是,222,3,1,78,2.2871
1475,贵州省,三穗县大跃进遗存博物馆,文化文物系统国有博物馆,未定级,是,284,0,1,1,0.86
1476,贵州省,三穗县杨至成故居纪念馆,文化文物系统国有博物馆,未定级,是,164,8,7,40,8.6214
1477,贵州省,尚嵇陈玉壂祠陈列馆,文化文物系统国有博物馆,未定级,是,106,0,2,0,0.1986
1478,贵州省,奢香博物馆,文化文物系统国有博物馆,三级,是,2813,34,19,50,12.4417
1479,贵州省,石阡红二六军团指挥部旧址陈列室,文化文物系统国有博物馆,未定级,是,167,0,4,12,12.1771
1480,贵州省,石阡县非遗博物馆,其他行业国有博物馆,未定级,是,221,0,1,20,3.6147
1481,贵州省,思南县乌江博物馆,文化文物系统国有博物馆,未定级,是,338,0,1,206,24.615
1482,贵州省,四渡赤水纪念馆,文化文物系统国有博物馆,一级,是,5217,75,11,61,55.4359
1483,贵州省,台江芳佤苗族文化博物馆,非国有博物馆,未定级,是,1019,0,3,5,0.536
1484,贵州省,台江苗族刺绣博物馆,文化文物系统国有博物馆,未定级,是,533,36,8,1,4.8651
1485,贵州省,堂安侗族生态博物馆,非国有博物馆,未定级,是,200,0,1,0,23.6544
1486,贵州省,天台山地戏博物馆,文化文物系统国有博物馆,未定级,否,80,14,1,0,0.1213
1487,贵州省,天柱县博物馆,文化文物系统国有博物馆,未定级,是,238,24,8,2,0.6009
1488,贵州省,桐梓海军学校陈列馆,文化文物系统国有博物馆,未定级,是,30,0,1,44,4.4514
1489,贵州省,铜仁博物馆,文化文物系统国有博物馆,未定级,是,514,2,2,20,4.5105
1490,贵州省,铜仁革命军事陈列馆,其他行业国有博物馆,未定级,是,341,0,5,7,6.8
1491,贵州省,土城红军医院纪念馆,文化文物系统国有博物馆,未定级,是,313,0,1,13,2.0177
1492,贵州省,土城女红军纪念馆,文化文物系统国有博物馆,未定级,是,222,0,1,44,3.7656
1493,贵州省,土城战役陈列馆,文化文物系统国有博物馆,未定级,是,34,0,1,86,1.0437
1494,贵州省,万山汞矿工业遗产博物馆,文化文物系统国有博物馆,未定级,是,4659,0,1,23,28.5359
1495,贵州省,王若飞故居,文化文物系统国有博物馆,未定级,是,73,50,4,951,12.8089
1496,贵州省,瓮安县猴场会议会址,文化文物系统国有博物馆,未定级,是,165,14,6,9,13.1212
1497,贵州省,务川仡佬族苗族自治县仡佬族民族文化博物馆,文化文物系统国有博物馆,未定级,是,1474,4,4,6,2.6036
1498,贵州省,息烽集中营革命历史纪念馆,文化文物系统国有博物馆,未定级,是,404,43,8,100,93.7393
1499,贵州省,习水航运博物馆,文化文物系统国有博物馆,未定级,是,2643,0,1,0,2.054
1500,贵州省,兴仁红军海河战斗陈列馆,文化文物系统国有博物馆,未定级,是,226,0,1,30,0.7762
1501,贵州省,兴义市何应钦故居管理所,文化文物系统国有博物馆,未定级,是,745,24,7,5,0.9402
1502,贵州省,兴义市刘氏庄园陈列馆,文化文物系统国有博物馆,未定级,是,563,0,4,55,7.2799
1503,贵州省,兴义市黔宝三叠纪博物馆,非国有博物馆,未定级,是,300,0,1,15,1.8279
1504,贵州省,兴义市王伯群故居陈列馆,文化文物系统国有博物馆,未定级,是,168,0,5,42,1.2202
1505,贵州省,兴义威舍红军长征纪念馆,文化文物系统国有博物馆,未定级,是,408,0,3,13,2.1064
1506,贵州省,修文县王阳明纪念馆,文化文物系统国有博物馆,未定级,是,23,0,4,18,13.5489
1507,贵州省,杨粲墓博物馆,文化文物系统国有博物馆,未定级,是,193,40,6,4,2.2698
1508,贵州省,印江博物馆,文化文物系统国有博物馆,未定级,是,716,57,3,10,1.9345
1509,贵州省,玉屏侗族自治县金城箫笛博物馆,非国有博物馆,未定级,是,403,0,1,31,1.05
1510,贵州省,玉屏箫笛博物馆,文化文物系统国有博物馆,未定级,是,399,0,2,9,6.37
1511,贵州省,肇兴侗族文化展示中心,其他行业国有博物馆,未定级,是,500,0,2,0,33.5531
1512,贵州省,贞丰红军长征陈列馆,文化文物系统国有博物馆,未定级,是,127,0,5,10,4
1513,贵州省,镇远革命史馆,其他行业国有博物馆,未定级,是,232,0,5,2,5.312
1514,贵州省,镇远县博物馆,文化文物系统国有博物馆,未定级,是,11,0,1,1,34.3113
1515,贵州省,镇远县非遗展示馆,其他行业国有博物馆,未定级,是,110,0,9,1,32.3167
1516,贵州省,镇远县和平村旧址纪念馆,文化文物系统国有博物馆,未定级,是,99,4,4,3,12.3655
1517,贵州省,镇远县周达文故居纪念馆,文化文物系统国有博物馆,未定级,是,15,0,1,1,2.9319
1518,贵州省,正安县博物馆,文化文物系统国有博物馆,未定级,是,1635,0,1,3,0.4586
1519,贵州省,织金洞地质博物馆,其他行业国有博物馆,未定级,否,332,0,1,40,20
1520,贵州省,织金县三危山非遗博物馆,非国有博物馆,未定级,是,385,0,14,12,0.1268
1521,贵州省,中共贵州省工委旧址,其他行业国有博物馆,未定级,是,424,11,1,32,4.0986
1522,贵州省,中共凯里小组革命活动旧址陈列馆,文化文物系统国有博物馆,未定级,是,176,0,1,50,0.42
1523,贵州省,中共黔北工委旧址陈列馆,文化文物系统国有博物馆,未定级,是,808,0,1,40,0.3792
1524,贵州省,中共思南地下党陈列馆,文化文物系统国有博物馆,未定级,是,20,0,1,59,8.0761
1525,贵州省,周逸群烈士陈列馆,文化文物系统国有博物馆,未定级,是,217,0,4,50,18.3015
1526,贵州省,遵义会议纪念馆,文化文物系统国有博物馆,一级,是,2144,56,8,502,912.2456
1527,贵州省,遵义酒文化博物馆,其他行业国有博物馆,未定级,是,58,0,1,0,0.2
1528,贵州省,遵义三线建设博物馆,其他行业国有博物馆,未定级,是,2586,0,2,10,3.5678
1529,贵州省,遵义市播州区苟坝会议陈列馆,文化文物系统国有博物馆,未定级,是,95,0,1,114,29.7798
1530,贵州省,遵义市博物馆（贵州酒文化博物馆）,文化文物系统国有博物馆,二级,是,3479,137,5,12,3.7879
1531,贵州省,遵义市习水县春阳岗酒窖博物馆,文化文物系统国有博物馆,未定级,是,344,0,1,24,1.4173
1532,海南省,白沙黎族自治县民族博物馆,文化文物系统国有博物馆,未定级,是,1116,78,2,5,8.7363
1533,海南省,保亭黎族苗族自治县槟榔谷波隆民俗博物馆,非国有博物馆,未定级,是,872,0,5,2,93.5523
1534,海南省,保亭黎族苗族自治县民族博物馆,文化文物系统国有博物馆,未定级,是,5032,75,14,24,11.0614
1535,海南省,昌江黎族自治县博物馆,文化文物系统国有博物馆,未定级,是,772,27,1,8,0.7637
1536,海南省,澄迈县博物馆,文化文物系统国有博物馆,未定级,是,2482,10,2,3,7.8181
1537,海南省,澄迈县天福体育博物馆,非国有博物馆,未定级,是,1211,0,11,12,7.264
1538,海南省,儋州市博物馆,文化文物系统国有博物馆,未定级,是,896,66,5,12,16.0216
1539,海南省,儋州市海花岛艺术博物馆,非国有博物馆,未定级,是,311,0,4,38,9.531
1540,海南省,定安县博物馆（定安县文化发展中心）,文化文物系统国有博物馆,未定级,是,5893,242,3,3,8.1079
1541,海南省,东方市博物馆（东方市文物管理所）,文化文物系统国有博物馆,未定级,是,214,8,1,0,0
1542,海南省,海口市博物馆,文化文物系统国有博物馆,未定级,是,2762,214,8,5,8.045
1543,海南省,海口市琉光璃彩琉璃博物馆,非国有博物馆,未定级,是,1035,0,10,9,1.397
1544,海南省,海南楚风木石博物馆,非国有博物馆,未定级,是,1000,0,8,3,0.41
1545,海南省,海南疍家博物馆,文化文物系统国有博物馆,未定级,是,2171,0,1,54,11.5533
1546,海南省,海南昊天艺术博物馆,非国有博物馆,未定级,是,1700,0,6,1,1.6421
1547,海南省,海南锦绣织贝黎锦博物馆,非国有博物馆,未定级,是,187,0,3,1,0.0527
1548,海南省,海南雷公墨陨石博物馆,非国有博物馆,未定级,是,301,0,2,1,0.032
1549,海南省,海南铭德票证博物馆,非国有博物馆,未定级,是,546,0,0,0,0
1550,海南省,海南农垦博物馆,其他行业国有博物馆,三级,是,16641,48,18,18,2.4549
1551,海南省,海南润谷艺术博物馆,非国有博物馆,未定级,是,6698,0,7,1,1.2422
1552,海南省,海南省博物馆,文化文物系统国有博物馆,一级,是,29937,1365,30,561,189.6695
1553,海南省,海南省民族博物馆,文化文物系统国有博物馆,未定级,是,10917,783,7,12,43.0178
1554,海南省,海南省珍宝博物院,非国有博物馆,未定级,是,303,0,3,0,0
1555,海南省,海南天涯热带雨林博物馆,非国有博物馆,未定级,否,300,0,1,1,9.1392
1556,海南省,海南铁路博物馆,其他行业国有博物馆,未定级,是,284,2,1,0,7.3425
1557,海南省,乐东黎族自治县博物馆,文化文物系统国有博物馆,未定级,是,567,5,1,40,7.4864
1558,海南省,乐东黎族自治县佛罗镇白沙河谷博物馆,非国有博物馆,未定级,是,5311,107,11,14,4.6835
1559,海南省,乐东黎族自治县黄流龙窑博物馆,非国有博物馆,未定级,是,361,0,9,8,2.6763
1560,海南省,乐东黎族自治县九所镇琼南历史文化民间博物馆,非国有博物馆,未定级,是,321,0,15,5,4.7095
1561,海南省,临高县博物馆,文化文物系统国有博物馆,未定级,是,99,0,2,2,3.5641
1562,海南省,临高县红星博物馆,非国有博物馆,未定级,是,3051,0,28,21,13.8547
1563,海南省,陵水黎族自治县博物馆,文化文物系统国有博物馆,未定级,是,1169,105,4,6,6.4335
1564,海南省,琼海市博物馆,文化文物系统国有博物馆,未定级,是,614,118,6,202,12.2872
1565,海南省,琼海市更路簿博物馆,非国有博物馆,未定级,是,1103,0,8,6,12
1566,海南省,琼台书院博物馆,其他行业国有博物馆,未定级,是,2154,0,2,258,7.8368
1567,海南省,三亚飞天恐龙古生物化石博物馆,非国有博物馆,未定级,否,304,0,10,6,5.8099
1568,海南省,三亚海之都版画博物馆,非国有博物馆,未定级,是,315,0,4,3,0.1296
1569,海南省,三亚民俗博物馆,非国有博物馆,未定级,是,640,0,1,1,0.05
1570,海南省,三亚南山非物质文化遗产博物馆,非国有博物馆,未定级,是,594,0,8,5,59.5599
1571,海南省,三亚山海砗磲博物馆,非国有博物馆,未定级,是,5917,0,2,30,14.5472
1572,海南省,三亚市博物馆,文化文物系统国有博物馆,未定级,是,559,54,1,11,0.4214
1573,海南省,三亚永涛黄花梨博物馆,非国有博物馆,未定级,是,308,0,2,3,1.0069
1574,海南省,三亚自然博物馆,非国有博物馆,未定级,是,525,0,4,96,16.0053
1575,海南省,屯昌县博物馆,文化文物系统国有博物馆,未定级,是,42,5,1,1,2.8973
1576,海南省,万宁市博物馆,文化文物系统国有博物馆,未定级,是,266,6,0,0,0
1577,海南省,文昌市博物馆,文化文物系统国有博物馆,未定级,是,78,18,1,1,1.0375
1578,海南省,文昌市现代锦木雅石博物馆,非国有博物馆,未定级,是,353,0,5,5,1.5852
1579,海南省,中国（海南）南海博物馆,文化文物系统国有博物馆,一级,是,94453,1020,16,424,144.5682
1580,河北省,安国市关汉卿纪念馆,文化文物系统国有博物馆,未定级,是,20,1,1,8,6.988
1581,河北省,安国市毛主席视察纪念馆,文化文物系统国有博物馆,未定级,是,1088,0,6,20,2.276
1582,河北省,安国中医药文化博物馆,文化文物系统国有博物馆,三级,是,6874,0,4,69,11.08
1583,河北省,安平丝网博物馆,其他行业国有博物馆,未定级,是,331,0,1,4,4.4906
1584,河北省,八路军一二九师纪念馆,其他行业国有博物馆,二级,是,2681,25,7,39,210.2309
1585,河北省,霸州李少春纪念馆,文化文物系统国有博物馆,未定级,是,2400,0,13,10,15.3482
1586,河北省,霸州市博物馆,文化文物系统国有博物馆,未定级,是,1124,11,11,103,22.744
1587,河北省,霸州中国自行车博物馆,文化文物系统国有博物馆,未定级,是,548,0,4,103,22.744
1588,河北省,白求恩纪念馆,其他行业国有博物馆,未定级,是,1197,3,1,0,0
1589,河北省,柏乡县博物馆,文化文物系统国有博物馆,未定级,是,398,102,1,0,0.01
1590,河北省,保定古城香文化博物馆,非国有博物馆,未定级,是,333,0,5,41,2.16
1591,河北省,保定军校纪念馆,文化文物系统国有博物馆,未定级,是,238,0,1,9,2.631
1592,河北省,保定秋闲阁艺术馆,非国有博物馆,未定级,是,314,0,9,28,1.9896
1593,河北省,保定市博物馆,文化文物系统国有博物馆,二级,是,3646,272,9,73,46.6652
1594,河北省,保定市传媒博物馆,非国有博物馆,未定级,是,302,0,8,3,1.3
1595,河北省,保定市大宋定瓷艺术博物馆,非国有博物馆,未定级,是,316,0,1,0,0.03
1596,河北省,保定市观吉祥纹样博物馆,非国有博物馆,未定级,是,303,0,1,0,0
1597,河北省,保定市淮军公所博物馆,文化文物系统国有博物馆,未定级,否,85,0,4,15,15.2855
1598,河北省,保定市竞秀区柏魂根雕博物馆,非国有博物馆,未定级,是,308,0,3,0,1.4284
1599,河北省,保定市竞秀区宝虹艺术博物馆,非国有博物馆,未定级,是,319,0,1,46,1.8098
1600,河北省,保定市竞秀区镔铁工艺博物馆,非国有博物馆,未定级,是,314,0,4,1,0.5374
1601,河北省,保定市竞秀区国弘艺术博物馆,非国有博物馆,未定级,是,311,0,4,2,0.7526
1602,河北省,保定市竞秀区泥模博物馆,非国有博物馆,未定级,是,300,0,1,1,0.78
1603,河北省,保定市竞秀区晴耕雨读民俗博物馆,非国有博物馆,未定级,是,380,0,11,5,0.46
1604,河北省,保定市竞秀区小磨香油博物馆,非国有博物馆,未定级,是,396,0,1,35,1.8806
1605,河北省,保定市莲池区半俗斋艺术博物馆,非国有博物馆,未定级,是,300,0,3,40,22.2691
1606,河北省,保定市莲池区华洲茶文化博物馆,非国有博物馆,未定级,是,385,0,1,8,0.0769
1607,河北省,保定市莲池区文献博物馆,非国有博物馆,未定级,是,340,0,2,0,0
1608,河北省,保定市莲池区戏曲博物馆,非国有博物馆,未定级,是,300,0,2,4,4.9815
1609,河北省,保定市刘守真中医药博物馆,其他行业国有博物馆,未定级,是,301,0,4,163,0.12
1610,河北省,保定市满城汉墓博物馆,文化文物系统国有博物馆,未定级,否,20,0,2,6,21.5
1611,河北省,保定市满城区航空博物馆,非国有博物馆,未定级,是,306,0,4,0,10.395
1612,河北省,保定市满城区金博士纸文化博物馆,非国有博物馆,未定级,是,300,0,1,6,0.09
1613,河北省,保定市蜜蜂博物馆,非国有博物馆,未定级,是,320,0,1,200,0.997
1614,河北省,保定市南北非物质文化遗产博物馆,非国有博物馆,未定级,是,248,0,6,56,7.1148
1615,河北省,保定市璞源玉文化博物馆,非国有博物馆,未定级,是,301,0,1,4,1.4478
1616,河北省,保定市清苑区冉庄地道战纪念馆,文化文物系统国有博物馆,未定级,是,379,97,6,25,85.1523
1617,河北省,保定市荣毅博物馆,非国有博物馆,未定级,是,561,0,4,2,0.5643
1618,河北省,保定市太行博物馆,非国有博物馆,未定级,是,1300,0,3,29,4.8687
1619,河北省,保定市徐水区博物馆,文化文物系统国有博物馆,未定级,是,527,38,4,91,4.0349
1620,河北省,保定市印刷博物馆,其他行业国有博物馆,未定级,是,528,0,1,0,0
1621,河北省,保定市中国共产党员日记博物馆,非国有博物馆,二级,是,3210,0,18,10,3.3009
1622,河北省,保定水利博物馆,其他行业国有博物馆,未定级,是,447,0,1,5,13.8095
1623,河北省,保定宴饮食博物馆,非国有博物馆,未定级,是,389,0,1,92,235.8916
1624,河北省,保定直隶总督署博物馆,文化文物系统国有博物馆,二级,否,616,57,15,50,153.5132
1625,河北省,保定自然博物馆,文化文物系统国有博物馆,未定级,否,3970,0,6,272,122.7966
1626,河北省,北戴河秦行宫遗址博物馆,文化文物系统国有博物馆,二级,是,430,0,6,42,13.8151
1627,河北省,博野县毛主席像章文化博物馆,非国有博物馆,未定级,是,369,0,3,12,5.8
1628,河北省,博野县颜元文化陈列馆,文化文物系统国有博物馆,未定级,是,227,0,1,42,5.21
1629,河北省,布里留法工艺学校旧址博物馆,文化文物系统国有博物馆,未定级,是,303,0,1,42,1.85
1630,河北省,沧县乾宁博物馆,非国有博物馆,未定级,是,423,0,7,2,0.2221
1631,河北省,沧州厚古民俗博物馆,非国有博物馆,未定级,是,500,0,4,0,0.112
1632,河北省,沧州市博施博物馆,非国有博物馆,未定级,是,740,0,10,16,0.32
1633,河北省,沧州市博物馆（沧州市科技馆）,文化文物系统国有博物馆,二级,是,18404,227,11,66,50.157
1634,河北省,沧州市大运河非物质文化遗产展示馆,其他行业国有博物馆,未定级,是,2585,0,3,11,74.1782
1635,河北省,曹妃甸区农垦记忆博物馆,其他行业国有博物馆,未定级,是,306,0,1,1,0.5942
1636,河北省,昌黎县博物馆,文化文物系统国有博物馆,未定级,是,1268,36,1,3,0.85
1637,河北省,承德避暑山庄博物院,文化文物系统国有博物馆,一级,是,39444,13453,36,156,277.6325
1638,河北省,承德热河地质博物馆,其他行业国有博物馆,未定级,是,317,0,4,15,3.7295
1639,河北省,承德上用避暑山庄酒文化博物馆,非国有博物馆,未定级,是,325,0,4,18,18.1374
1640,河北省,承德县板城烧锅酒博物馆,非国有博物馆,未定级,是,308,0,4,0,1.1498
1641,河北省,承德县博物馆,文化文物系统国有博物馆,三级,是,1462,112,9,13,5.0243
1642,河北省,赤城县博物馆,文化文物系统国有博物馆,未定级,是,2509,239,2,10,6.2689
1643,河北省,磁县八路军129师兵工厂博物馆,其他行业国有博物馆,未定级,是,313,0,3,5,7.791
1644,河北省,磁县北朝考古博物馆,文化文物系统国有博物馆,二级,是,1978,1578,5,36,14.8253
1645,河北省,磁州窑博物馆,文化文物系统国有博物馆,二级,是,13055,417,10,35,13.799
1646,河北省,丛台区少先电影博物馆,非国有博物馆,未定级,是,320,0,1,2,3.5521
1647,河北省,大城县佰利博物馆,非国有博物馆,未定级,是,302,0,2,2,0.0856
1648,河北省,大城县红色文献收藏馆,非国有博物馆,未定级,是,321,0,10,2,0.16
1649,河北省,大城县绝热节能材料博物馆,非国有博物馆,未定级,是,300,0,2,0,0.0088
1650,河北省,大城县正德发红木家具艺术博物馆,非国有博物馆,未定级,是,310,0,4,1,0.3944
1651,河北省,大名府故城遗址博物馆,文化文物系统国有博物馆,未定级,是,304,0,1,25,30.1051
1652,河北省,大名县博物馆,文化文物系统国有博物馆,三级,是,5278,48,15,70,16.5
1653,河北省,大名县石刻博物馆,文化文物系统国有博物馆,未定级,是,114,0,10,110,230.0542
1654,河北省,定兴五合窖酒文化博物馆,非国有博物馆,未定级,是,306,0,1,0,0
1655,河北省,定兴县博物馆,文化文物系统国有博物馆,未定级,是,877,75,1,0,0
1656,河北省,定兴县昌利农机博物馆,非国有博物馆,未定级,是,249,0,1,2,0.3
1657,河北省,定州博物馆,文化文物系统国有博物馆,一级,是,35842,939,28,161,67.1841
1658,河北省,东北大学秦皇岛分校民族学博物馆,其他行业国有博物馆,未定级,是,2492,0,5,17,0.5067
1659,河北省,董振堂事迹陈列馆,文化文物系统国有博物馆,未定级,是,383,0,8,86,12.06
1660,河北省,丰宁古生物化石博物馆,非国有博物馆,未定级,是,1061,0,1,2,2.789
1661,河北省,丰宁满族自治县满族博物馆,文化文物系统国有博物馆,三级,是,1215,111,8,10,7.358
1662,河北省,丰润博物馆,文化文物系统国有博物馆,未定级,是,1455,87,3,13,1.619
1663,河北省,峰峰博物馆,文化文物系统国有博物馆,未定级,是,306,0,8,48,14.021
1664,河北省,峰峰磁州窑富田窑址博物馆,文化文物系统国有博物馆,未定级,是,0,0,3,25,3.2541
1665,河北省,峰峰磁州窑历史博物馆,文化文物系统国有博物馆,三级,是,5306,100,6,48,14.021
1666,河北省,峰峰磁州窑盐店窑址博物馆,文化文物系统国有博物馆,未定级,是,0,0,2,6,3.6845
1667,河北省,峰峰矿区磁州窑艺术博物馆,非国有博物馆,未定级,是,307,0,14,108,10.3516
1668,河北省,阜城县历史博物馆（阜城县文物管理所）,文化文物系统国有博物馆,未定级,是,604,20,4,16,6.0475
1669,河北省,复兴区圣井岗博物馆,文化文物系统国有博物馆,未定级,是,109,0,1,2,2.913
1670,河北省,高碑店门窗博物馆,非国有博物馆,未定级,是,300,0,1,48,4.4779
1671,河北省,高阳县博物馆,文化文物系统国有博物馆,未定级,是,1500,3,1,12,1.5873
1672,河北省,高阳县棉花图纺织博物馆,非国有博物馆,未定级,是,313,0,1,2,0.3
1673,河北省,高邑县博物馆,文化文物系统国有博物馆,未定级,是,74,13,1,19,2.8435
1674,河北省,沽源县博物馆,文化文物系统国有博物馆,未定级,是,270,14,3,5,3.52
1675,河北省,固安县博物馆,文化文物系统国有博物馆,未定级,是,878,73,10,51,18.51
1676,河北省,固安县寇中天篆刻艺术馆,非国有博物馆,未定级,是,316,0,7,56,1.5326
1677,河北省,固安县刘凌沧郭慕熙艺术馆,非国有博物馆,未定级,是,309,0,2,2,1
1678,河北省,馆陶博物馆,文化文物系统国有博物馆,三级,是,2278,1,13,4,11.0754
1679,河北省,馆陶县殷氏黑陶博物馆,非国有博物馆,未定级,是,305,0,4,30,1.359
1680,河北省,广平县水陆画博物馆,非国有博物馆,未定级,是,300,0,1,8,0.5828
1681,河北省,广宗县沙丘美陶博物馆,非国有博物馆,未定级,是,349,0,1,3,0.06
1682,河北省,海兴县博物馆,文化文物系统国有博物馆,未定级,是,319,3,8,24,2.1237
1683,河北省,邯郸丛台酒文化博物馆,非国有博物馆,未定级,是,312,0,1,2,3.375
1684,河北省,邯郸市博物馆,文化文物系统国有博物馆,一级,是,10053,293,25,240,76.2787
1685,河北省,邯郸市肥乡区王氏正骨文化博物馆,其他行业国有博物馆,未定级,是,254,0,4,200,3.2178
1686,河北省,邯郸市永年区博物馆,文化文物系统国有博物馆,未定级,是,434,0,4,5,0.187
1687,河北省,河北博物院,文化文物系统国有博物馆,一级,是,100749,19540,32,1426,335.3976
1688,河北省,河北大学博物馆,其他行业国有博物馆,未定级,是,3902,0,13,38,2.1852
1689,河北省,河北地质大学地球科学博物馆,其他行业国有博物馆,未定级,否,8100,0,2,15,6
1690,河北省,河北东方学院文物艺术博物馆,非国有博物馆,未定级,是,304,0,1,12,3.5
1691,河北省,河北工程大学建筑艺术博物馆,其他行业国有博物馆,未定级,是,350,0,1,8,0.965
1692,河北省,河北工业大学校史博物馆,其他行业国有博物馆,未定级,是,374,0,10,2,1.8083
1693,河北省,河北海盐博物馆,文化文物系统国有博物馆,三级,是,597,231,7,160,22.46
1694,河北省,河北金融学院金融博物馆,其他行业国有博物馆,未定级,是,245,0,2,10,0.5
1695,河北省,河北美术馆（河北画院）,其他行业国有博物馆,二级,是,1893,0,26,11,5.0235
1696,河北省,河北农业大学农业博物馆,其他行业国有博物馆,未定级,是,1272,0,1,41,3.086
1697,河北省,河北软件职业技术学院软件与计算机博物馆,其他行业国有博物馆,未定级,是,300,0,3,20,0.7342
1698,河北省,河北省北方雕塑博物馆,非国有博物馆,未定级,是,300,0,2,0,0.3021
1699,河北省,河北省藏诺藏医药文化博物馆,非国有博物馆,未定级,是,304,0,1,13,1.55
1700,河北省,河北省佛像艺术博物馆,非国有博物馆,未定级,是,310,0,3,2,0.058
1701,河北省,河北省供石雕塑博物馆,非国有博物馆,未定级,是,303,0,3,0,1.5215
1702,河北省,河北省吉古堂家具艺术博物馆,非国有博物馆,未定级,是,300,0,4,0,1.205
1703,河北省,河北省金文渊青铜艺术博物馆,非国有博物馆,未定级,是,301,0,4,0,1.4487
1704,河北省,河北省科学技术馆,其他行业国有博物馆,二级,是,313,0,4,262,84.4408
1705,河北省,河北省龙骧古泉博物馆,非国有博物馆,未定级,是,856,0,0,0,0
1706,河北省,河北省稍可轩博物馆,非国有博物馆,未定级,是,654,0,4,3,0.395
1707,河北省,河北省新众业空调博物馆,非国有博物馆,未定级,是,1500,0,6,9,4
1708,河北省,河北省英烈纪念园,其他行业国有博物馆,未定级,是,20,2,4,23,10.8
1709,河北省,河北省永昌博物馆,非国有博物馆,未定级,是,333,0,1,0,0.12
1710,河北省,河北省源喜博物馆,非国有博物馆,未定级,是,320,0,2,0,0.012
1711,河北省,河北师范大学博物馆,文化文物系统国有博物馆,未定级,是,5643,0,17,93,4.1106
1712,河北省,河北文学馆,其他行业国有博物馆,未定级,是,8873,0,3,5,2.5066
1713,河北省,河北习三内画博物馆,非国有博物馆,未定级,是,436,0,1,2,5.134
1714,河北省,河间市白求恩手术室旧址纪念馆,文化文物系统国有博物馆,未定级,是,33,0,8,27,12.1566
1715,河北省,河间市尚德玻璃博物馆,非国有博物馆,未定级,是,358,0,1,3,1.12
1716,河北省,衡水老白干白酒地缸发酵博物馆,其他行业国有博物馆,未定级,是,1056,0,4,67,1.0562
1717,河北省,衡水内画艺术博物馆,非国有博物馆,未定级,是,549,0,11,70,3.7
1718,河北省,衡水生态博物馆,其他行业国有博物馆,未定级,是,540,0,4,85,25.839
1719,河北省,衡水市博物馆,文化文物系统国有博物馆,未定级,是,2224,130,17,41,21.5123
1720,河北省,衡水市冀州区冀商博物馆,非国有博物馆,未定级,是,1000,0,1,0,0.04
1721,河北省,衡水市桃城区法帖博物馆,文化文物系统国有博物馆,未定级,是,124,124,3,12,4.2114
1722,河北省,华北军区烈士陵园,其他行业国有博物馆,未定级,是,7905,29,15,59,109.4853
1723,河北省,华家口运河文化展馆,文化文物系统国有博物馆,未定级,是,315,0,1,1,0.0409
1724,河北省,怀安县博物馆,文化文物系统国有博物馆,未定级,是,206,33,0,0,0
1725,河北省,怀来县博物馆,文化文物系统国有博物馆,未定级,是,588,120,0,17,0.26
1726,河北省,黄骅市博物馆,文化文物系统国有博物馆,二级,是,35608,155,21,160,22.46
1727,河北省,鸡泽县博物馆,文化文物系统国有博物馆,未定级,是,402,0,3,5,14.6742
1728,河北省,冀东烈士陵园管理中心（冀东烈士纪念馆）,其他行业国有博物馆,未定级,是,1030,386,2,103,1.7688
1729,河北省,冀南区烈士陵园,其他行业国有博物馆,未定级,是,2326,0,13,9,32.2
1730,河北省,冀州博物馆,文化文物系统国有博物馆,三级,是,265,54,6,19,12.6631
1731,河北省,晋察冀边区革命纪念馆,其他行业国有博物馆,未定级,是,1297,36,4,118,23.6137
1732,河北省,晋察冀边区银行筹备处旧址博物馆,文化文物系统国有博物馆,未定级,是,430,0,2,6,1.67
1733,河北省,晋察冀军区机关、晋察冀野战军司令部旧址博物馆,文化文物系统国有博物馆,未定级,是,422,0,2,36,3.57
1734,河北省,晋冀鲁豫革命纪念馆,其他行业国有博物馆,未定级,是,18667,52,5,35,99.9963
1735,河北省,晋州市泽轩博物馆,非国有博物馆,未定级,是,552,0,15,6,1.2432
1736,河北省,井陉矿区万人坑纪念馆,其他行业国有博物馆,未定级,是,623,0,1,34,1.1895
1737,河北省,井陉良丰陶瓷博物馆,非国有博物馆,未定级,是,345,0,1,0,0.5623
1738,河北省,井陉县双河汇陶瓷博物馆,非国有博物馆,未定级,是,300,0,4,0,1.76
1739,河北省,井陉窑文化博物馆,非国有博物馆,未定级,是,510,0,3,0,11.1078
1740,河北省,巨鹿县文化馆（巨鹿县博物馆）,文化文物系统国有博物馆,未定级,是,328,0,2,0,0.1
1741,河北省,开滦博物馆,其他行业国有博物馆,未定级,否,4515,0,3,15,15.837
1742,河北省,柯棣华纪念馆,其他行业国有博物馆,未定级,是,945,1,0,0,0
1743,河北省,宽城满族自治县历史博物馆,文化文物系统国有博物馆,未定级,是,502,182,10,8,6.8879
1744,河北省,涞水掐丝珐琅博物馆,非国有博物馆,未定级,否,472,0,4,12,0.5
1745,河北省,涞水县京作家具博物馆,非国有博物馆,未定级,是,340,0,1,1,0.8
1746,河北省,涞水县麻核桃博物馆,非国有博物馆,未定级,是,345,0,2,25,0.68
1747,河北省,涞水县砖雕瓦当艺术博物馆,非国有博物馆,未定级,是,307,0,1,0,0
1748,河北省,涞源县白石山地质博物馆,文化文物系统国有博物馆,未定级,是,300,0,3,6,9.3055
1749,河北省,廊坊博物馆,文化文物系统国有博物馆,二级,是,2400,77,20,138,39.5001
1750,河北省,廊坊师范学院非物质文化遗产博物馆,其他行业国有博物馆,未定级,是,321,0,2,62,0.5886
1751,河北省,廊坊市安次区迎春酒文化博物馆,非国有博物馆,未定级,是,308,0,1,2,0.045
1752,河北省,廊坊市大城县国画艺术博物馆,非国有博物馆,未定级,是,365,0,6,1,0.18
1753,河北省,廊坊市广阳区雅颂博物馆,非国有博物馆,未定级,是,300,0,1,0,1.5232
1754,河北省,乐亭县博物馆,文化文物系统国有博物馆,未定级,是,3648,69,15,19,20.3305
1755,河北省,乐亭县李大钊纪念馆,文化文物系统国有博物馆,一级,是,31393,169,15,75,220.7401
1756,河北省,蠡县博物馆,文化文物系统国有博物馆,未定级,是,306,0,3,53,7.4
1757,河北省,莲池书院博物馆,文化文物系统国有博物馆,三级,否,234,24,10,170,82.56
1758,河北省,临城县邢窑博物馆,文化文物系统国有博物馆,二级,是,21256,302,2,10,18.2179
1759,河北省,临西县博物馆,文化文物系统国有博物馆,未定级,是,600,0,1,10,1.1246
1760,河北省,灵寿县博物馆,文化文物系统国有博物馆,未定级,是,2653,93,13,47,7.5658
1761,河北省,灵寿县慈河谷三线文化博物馆,非国有博物馆,未定级,是,381,0,6,57,3.0331
1762,河北省,灵寿县国勤民俗文化博物馆,非国有博物馆,未定级,是,1520,0,4,10,2.89
1763,河北省,灵寿县王三妮当代青铜艺术博物馆,非国有博物馆,未定级,是,608,0,5,7,2.7317
1764,河北省,留法勤工俭学运动纪念馆,文化文物系统国有博物馆,三级,是,131,87,16,1,4.57
1765,河北省,隆化民族博物馆,文化文物系统国有博物馆,三级,是,3208,517,12,34,12.3047
1766,河北省,隆化县董存瑞烈士陵园管理处,其他行业国有博物馆,未定级,是,42,0,6,10,36.365
1767,河北省,卢龙博物馆,文化文物系统国有博物馆,未定级,是,1229,25,1,30,1.5288
1768,河北省,滦南县成兆才纪念馆,文化文物系统国有博物馆,未定级,是,570,0,3,5,10.2
1769,河北省,滦南县潘家戴庄惨案纪念馆,文化文物系统国有博物馆,未定级,是,178,8,6,15,10.85
1770,河北省,滦平县博物馆,文化文物系统国有博物馆,三级,是,3387,381,9,17,13.4063
1771,河北省,滦州市文博馆,文化文物系统国有博物馆,未定级,是,249,140,1,3,0.3
1772,河北省,马本斋纪念馆,其他行业国有博物馆,未定级,是,133,0,1,2,4.1142
1773,河北省,南宫市博物馆,文化文物系统国有博物馆,未定级,是,343,0,1,1,0.002
1774,河北省,南皮县博物馆,文化文物系统国有博物馆,未定级,是,3198,74,2,20,24.13
1775,河北省,泥河湾博物馆,文化文物系统国有博物馆,二级,是,675,0,4,20,17.9691
1776,河北省,宁晋塔庄民俗博物馆,非国有博物馆,未定级,是,303,0,5,24,0.9371
1777,河北省,平泉蘑菇博物馆,其他行业国有博物馆,未定级,是,1460,0,5,21,0.632
1778,河北省,平泉市博物馆,文化文物系统国有博物馆,三级,是,1456,417,10,16,13.3536
1779,河北省,平山县百家姓家谱文化博物馆,非国有博物馆,未定级,是,300,0,1,0,0.2674
1780,河北省,平山县北庄博物馆,非国有博物馆,未定级,是,306,0,6,6,1.2507
1781,河北省,平山县博物馆,文化文物系统国有博物馆,未定级,是,1200,120,1,0,1.162
1782,河北省,平山县东冶历史陈列馆,非国有博物馆,未定级,是,350,0,2,5,4.5068
1783,河北省,平山县碾盘沟画报社陈列馆,非国有博物馆,未定级,是,310,0,1,2,1.793
1784,河北省,平山县文史资料博物馆,非国有博物馆,未定级,是,303,0,2,0,1.7842
1785,河北省,平山县西柏坡博物馆,非国有博物馆,未定级,否,10573,0,8,2,13.5281
1786,河北省,泊头市博物馆,文化文物系统国有博物馆,未定级,是,301,17,3,2,0.022
1787,河北省,迁安市博物馆,文化文物系统国有博物馆,二级,是,2152,61,13,9,40.1542
1788,河北省,迁安市贯头山酒文化博物馆,非国有博物馆,未定级,是,916,0,1,7,0.3173
1789,河北省,迁西县喜峰口长城抗战博物馆,非国有博物馆,未定级,是,497,0,2,6,10.395
1790,河北省,秦皇岛博物馆,文化文物系统国有博物馆,未定级,是,1503,45,12,136,60.2159
1791,河北省,秦皇岛电力博物馆,其他行业国有博物馆,未定级,是,595,0,1,25,0.3305
1792,河北省,秦皇岛港口博物馆,其他行业国有博物馆,未定级,是,6000,0,1,56,1.8424
1793,河北省,秦皇岛市北戴河区建业博物馆,非国有博物馆,未定级,否,2782,0,4,0,0.4848
1794,河北省,秦皇岛市玻璃博物馆,文化文物系统国有博物馆,二级,是,1547,39,10,131,24.7241
1795,河北省,秦皇岛市抚宁区博物馆,文化文物系统国有博物馆,未定级,是,718,40,2,3,2.5
1796,河北省,秦皇岛市山海关古城历史博物馆,非国有博物馆,未定级,否,700,0,1,0,2.18
1797,河北省,秦皇岛市山海关区兴儒博物馆,非国有博物馆,未定级,否,601,0,1,12,0.3995
1798,河北省,青龙满族自治县民族博物馆,文化文物系统国有博物馆,未定级,是,587,54,2,5,3.1
1799,河北省,青县博物馆（青县文物保护管理所）,文化文物系统国有博物馆,未定级,是,638,8,1,30,10.341
1800,河北省,青县大运河盘古王拳博物馆,非国有博物馆,未定级,是,562,0,2,10,0.05
1801,河北省,清东陵博物馆,文化文物系统国有博物馆,未定级,否,687,265,4,1,71.8765
1802,河北省,清河县甘陵博物馆,非国有博物馆,未定级,是,965,0,7,0,0.8656
1803,河北省,清河县益庆和盐店博物馆,文化文物系统国有博物馆,未定级,是,322,0,5,8,5
1804,河北省,邱县博物馆,文化文物系统国有博物馆,未定级,是,320,0,4,44,0.7261
1805,河北省,邱县青蛙漫画博物馆,非国有博物馆,未定级,是,331,0,5,25,8.0026
1806,河北省,曲阳北岳庙博物馆,文化文物系统国有博物馆,三级,否,390,90,7,41,8.647
1807,河北省,曲阳文化博物馆,文化文物系统国有博物馆,未定级,是,301,0,1,101,4.85
1808,河北省,曲阳县博物馆,文化文物系统国有博物馆,未定级,是,1841,481,7,41,8.647
1809,河北省,曲阳县陈文增定瓷艺术馆,文化文物系统国有博物馆,未定级,是,699,0,8,20,3
1810,河北省,曲阳县高英坡艺术馆,非国有博物馆,未定级,是,356,0,3,5,0.5
1811,河北省,曲周博物馆,非国有博物馆,三级,是,11000,0,7,3,7.2339
1812,河北省,曲周县博物馆,文化文物系统国有博物馆,未定级,是,520,354,1,1,0.526
1813,河北省,曲周县元国版画博物馆,非国有博物馆,未定级,是,303,0,3,3,0.9785
1814,河北省,热河革命烈士纪念馆,其他行业国有博物馆,未定级,是,177,0,7,27,19.26
1815,河北省,任丘市博物馆,文化文物系统国有博物馆,未定级,是,408,47,2,38,12.3822
1816,河北省,任丘市京南博物馆,非国有博物馆,未定级,是,4010,0,1,8,2.56
1817,河北省,容城县华实博物馆,非国有博物馆,未定级,是,302,0,1,0,0
1818,河北省,塞罕坝展览馆,其他行业国有博物馆,未定级,是,309,0,1,19,17.1
1819,河北省,三河古擎博物馆,非国有博物馆,未定级,是,316,0,2,5,0.3742
1820,河北省,三河市博物馆,文化文物系统国有博物馆,三级,是,50783,36,16,90,6.2389
1821,河北省,三河市珑珐琅景泰蓝博物馆,非国有博物馆,未定级,是,610,0,1,5,0.2465
1822,河北省,山海关中国长城博物馆,文化文物系统国有博物馆,一级,是,11318,98,9,70,36.8847
1823,河北省,涉县太行山中医药文化博物馆,其他行业国有博物馆,未定级,是,1508,0,13,51,7.2351
1824,河北省,深泽县博物馆,文化文物系统国有博物馆,未定级,是,323,0,5,4,0.2652
1825,河北省,深州市博物馆,文化文物系统国有博物馆,未定级,是,519,8,7,14,19.6421
1826,河北省,深州市粮仓博物馆,文化文物系统国有博物馆,未定级,是,52,0,5,7,3.108
1827,河北省,石家庄承运纸钞博物馆,非国有博物馆,未定级,是,302,0,4,0,1.7895
1828,河北省,石家庄段家楼博物馆,非国有博物馆,未定级,是,650,0,1,0,5.6418
1829,河北省,石家庄高远清代民俗建筑博物馆,非国有博物馆,未定级,是,300,0,2,2,2.7243
1830,河北省,石家庄海龙铁板浮雕博物馆,非国有博物馆,未定级,是,300,0,1,20,0.9532
1831,河北省,石家庄冀忆博物馆,非国有博物馆,未定级,是,206,0,2,1,0.4668
1832,河北省,石家庄甲马年画博物馆,非国有博物馆,未定级,是,300,0,5,20,0.76
1833,河北省,石家庄解放纪念馆,其他行业国有博物馆,未定级,是,564,0,5,4,47.551
1834,河北省,石家庄锦古影像博物馆,非国有博物馆,未定级,是,307,0,3,4,4.921
1835,河北省,石家庄精彩无限恒宝斋文化艺术博物馆,非国有博物馆,未定级,是,328,0,1,0,0.0107
1836,河北省,石家庄民间工艺博物馆,文化文物系统国有博物馆,未定级,是,336,0,9,23,1.12
1837,河北省,石家庄莫心高茶博物馆,非国有博物馆,未定级,是,306,0,5,0,4.805
1838,河北省,石家庄市博物馆,文化文物系统国有博物馆,二级,是,4535,1674,21,39,25.686
1839,河北省,石家庄市大宗地契博物馆,非国有博物馆,未定级,是,1139,0,7,13,5.2649
1840,河北省,石家庄市藁城区梅花惨案纪念馆,其他行业国有博物馆,未定级,是,13,0,4,30,1.2666
1841,河北省,石家庄市恒臻博物馆,非国有博物馆,未定级,是,375,0,8,7,0.9583
1842,河北省,石家庄市火车头步行街铁路文化博物馆,非国有博物馆,未定级,是,3000,0,11,3,2.5423
1843,河北省,石家庄市栾城区三苏祖籍文化博物馆,文化文物系统国有博物馆,未定级,是,459,0,1,7,13
1844,河北省,石家庄市毗卢寺博物院,文化文物系统国有博物馆,未定级,否,343,61,2,8,6.403
1845,河北省,石家庄市蕊源蜜蜂博物馆,非国有博物馆,未定级,是,500,0,1,20,9
1846,河北省,石家庄市万象石文化博物馆,非国有博物馆,未定级,是,484,0,3,0,0.0097
1847,河北省,石家庄市长安区金宝砚雕博物馆,非国有博物馆,未定级,是,300,0,10,3,2.88
1848,河北省,石家庄市子元徽派古建博物馆,非国有博物馆,未定级,是,489,0,6,46,29.3578
1849,河北省,石家庄太艺崖柏艺术博物馆,非国有博物馆,未定级,是,300,0,2,0,0.135
1850,河北省,石家庄西山槐园破老头文化艺术博物馆,非国有博物馆,未定级,是,340,0,4,0,0.459
1851,河北省,石家庄许红阳木雕博物馆,非国有博物馆,未定级,是,520,0,1,600,1.5573
1852,河北省,石家庄志发陶瓷博物馆,非国有博物馆,未定级,是,300,0,4,0,1.7895
1853,河北省,石家庄中山博物馆,非国有博物馆,未定级,是,321,0,8,1,1.889
1854,河北省,顺平县民俗博物馆,非国有博物馆,未定级,是,440,0,1,2,1.9971
1855,河北省,顺平县鞋文化博物馆,非国有博物馆,未定级,是,333,0,1,5,2.4477
1856,河北省,唐山博物馆,文化文物系统国有博物馆,一级,是,30412,458,21,280,130.0485
1857,河北省,唐山地震博物馆,其他行业国有博物馆,未定级,是,1409,0,7,18,60.1321
1858,河北省,唐山抗震纪念馆,其他行业国有博物馆,未定级,是,351,0,7,30,40.308
1859,河北省,唐山罗布泊博物馆,非国有博物馆,未定级,是,300,0,1,0,0.0028
1860,河北省,唐山启新水泥工业博物馆,其他行业国有博物馆,未定级,否,1064,0,4,65,41.006
1861,河北省,唐山市丰润区管桦陈列馆,文化文物系统国有博物馆,未定级,是,309,0,7,8,17.285
1862,河北省,唐山市丰润区潘家峪惨案纪念馆,文化文物系统国有博物馆,未定级,是,60,4,12,9,40.6789
1863,河北省,唐山市古冶区经准中医博物馆,非国有博物馆,未定级,是,306,0,1,1,0.2024
1864,河北省,唐山市冀东民俗艺术博物馆,非国有博物馆,未定级,是,6904,0,5,4,0.1976
1865,河北省,唐山市开平区骨质瓷文化艺术博物馆,非国有博物馆,未定级,是,404,0,1,14,0.1332
1866,河北省,唐山市开平区陶瓷花纸博物馆,非国有博物馆,未定级,是,456,0,1,2,0.1
1867,河北省,唐县白求恩柯棣华纪念馆,其他行业国有博物馆,未定级,是,339,3,7,25,33.156
1868,河北省,唐县博物馆,文化文物系统国有博物馆,未定级,是,301,0,2,0,0.7565
1869,河北省,望都县菌文化博物馆,非国有博物馆,未定级,是,302,0,3,0,0.86
1870,河北省,望都县榫卯工艺博物馆,非国有博物馆,未定级,是,266,0,2,12,1.1755
1871,河北省,望都县尧母文化博物馆,文化文物系统国有博物馆,未定级,是,304,7,2,12,12.318
1872,河北省,威县土布纺织博物馆,非国有博物馆,未定级,是,312,0,4,4,0.3108
1873,河北省,威县义和团纪念馆,文化文物系统国有博物馆,未定级,是,260,0,7,71,48.87
1874,河北省,围场满族蒙古族自治县博物馆,文化文物系统国有博物馆,未定级,是,2690,250,7,19,7.018
1875,河北省,蔚县文物事业管理所（蔚县博物馆）,文化文物系统国有博物馆,二级,是,11194,317,11,50,28.564
1876,河北省,魏县花布染织博物馆,非国有博物馆,未定级,是,458,0,1,15,0.3122
1877,河北省,魏县申家榆面饸饹民俗博物馆,非国有博物馆,未定级,是,545,0,1,35,0.425
1878,河北省,魏县中医药文化博物馆,其他行业国有博物馆,未定级,是,366,0,7,90,1.0127
1879,河北省,文安县和民电影博物馆,非国有博物馆,未定级,是,327,0,6,5,0.12
1880,河北省,吴桥酒章文化博物馆,非国有博物馆,未定级,是,312,0,15,1,1.1035
1881,河北省,吴桥线装书博物馆,非国有博物馆,未定级,是,340,0,1,6,2
1882,河北省,武安市磁山文化博物馆,文化文物系统国有博物馆,三级,是,975,0,7,24,4.9012
1883,河北省,武安市平调落子博物馆,非国有博物馆,未定级,是,437,0,3,6,0.0236
1884,河北省,武强年画博物馆,文化文物系统国有博物馆,二级,是,11898,875,15,147,36.9742
1885,河北省,西柏坡纪念馆,其他行业国有博物馆,一级,是,5908,164,30,50,364.1846
1886,河北省,西高庄文史馆,非国有博物馆,未定级,是,674,0,6,30,7.5009
1887,河北省,献县博物馆,文化文物系统国有博物馆,未定级,是,4294,76,13,60,14.3308
1888,河北省,香河县博物馆,文化文物系统国有博物馆,未定级,是,458,0,2,2,0.97
1889,河北省,辛集名花皮毛文化博物馆,非国有博物馆,未定级,是,315,0,1,11,5.268
1890,河北省,新河县德福民俗博物馆,非国有博物馆,未定级,是,310,0,3,1,0.0455
1891,河北省,邢台博物馆,文化文物系统国有博物馆,未定级,是,1009,294,17,100,49.5367
1892,河北省,邢台酒文化博物馆,非国有博物馆,未定级,是,779,0,1,28,9.8
1893,河北省,邢台市郭守敬纪念馆,文化文物系统国有博物馆,未定级,是,360,0,6,75,48.5
1894,河北省,邢台市南和区博物馆,文化文物系统国有博物馆,未定级,是,296,6,8,32,35.6806
1895,河北省,邢台市任泽区博物馆,文化文物系统国有博物馆,未定级,是,312,0,2,20,6.9883
1896,河北省,邢窑遗址博物馆,文化文物系统国有博物馆,二级,否,3147,112,9,90,16.0278
1897,河北省,行唐县博物馆,文化文物系统国有博物馆,未定级,是,571,20,3,18,21.2691
1898,河北省,兴隆县博物馆,文化文物系统国有博物馆,未定级,是,490,138,8,12,7.6504
1899,河北省,兴隆县郑氏砂艺非遗博物馆,非国有博物馆,未定级,是,316,0,3,2,1.25
1900,河北省,雄县德韵博物馆,非国有博物馆,未定级,是,787,0,5,50,3.269
1901,河北省,宣化上谷民俗博物馆,非国有博物馆,未定级,是,306,0,1,4,1.65
1902,河北省,盐山县千童博物馆,文化文物系统国有博物馆,未定级,是,619,68,4,19,19.415
1903,河北省,燕山大学东北亚古丝路文明博物馆,其他行业国有博物馆,二级,是,1500,217,13,25,9.8091
1904,河北省,阳原县毛皮文化博物馆,其他行业国有博物馆,未定级,是,483,0,1,1,1.985
1905,河北省,邺城博物馆,文化文物系统国有博物馆,二级,是,346,14,5,20,37.12
1906,河北省,邺城考古博物馆,文化文物系统国有博物馆,二级,是,313,3,2,6,14.1861
1907,河北省,易县博物馆,文化文物系统国有博物馆,二级,是,6528,0,7,60,5.8118
1908,河北省,易县绞胎瓷博物馆,非国有博物馆,未定级,是,304,0,2,12,0.112
1909,河北省,易县狼牙山文化博物馆,非国有博物馆,未定级,否,5000,0,4,0,11.25
1910,河北省,易县狼牙山五勇士陈列馆,其他行业国有博物馆,未定级,是,291,0,2,39,18.2
1911,河北省,易县易水学派中医药文化博物馆,其他行业国有博物馆,未定级,是,366,0,2,32,0.464
1912,河北省,易县易砚博物馆,非国有博物馆,未定级,是,300,0,1,90,3.56
1913,河北省,永清县服装博物馆,文化文物系统国有博物馆,未定级,是,310,0,5,24,0.3765
1914,河北省,元氏县博物馆,文化文物系统国有博物馆,未定级,是,351,8,2,0,0.0782
1915,河北省,元中都博物馆,文化文物系统国有博物馆,二级,是,2745,137,3,35,10.1
1916,河北省,赞皇原村土布博物馆,非国有博物馆,未定级,是,1520,0,10,16,5.5
1917,河北省,张家口地质博物馆,其他行业国有博物馆,未定级,是,1363,0,5,30,36.3342
1918,河北省,张家口市北源博物馆,非国有博物馆,未定级,是,458,0,1,2,3.6
1919,河北省,张家口市博物馆,文化文物系统国有博物馆,二级,是,3632,108,10,87,32.4256
1920,河北省,张家口市崇礼区华侨冰雪博物馆,文化文物系统国有博物馆,未定级,是,6000,0,4,12,1.3217
1921,河北省,张家口市桥西区张家口堡博物馆,非国有博物馆,未定级,是,385,0,3,50,28.05
1922,河北省,张家口市万全区长城卫所博物馆,文化文物系统国有博物馆,未定级,是,162,13,5,35,4.51
1923,河北省,张家口市宣化博物馆,文化文物系统国有博物馆,未定级,是,0,0,3,55,28.2493
1924,河北省,张家口张库大道历史博物馆,非国有博物馆,未定级,是,317,0,4,12,5.5
1925,河北省,赵县博物馆,文化文物系统国有博物馆,未定级,是,379,108,7,115,11.3418
1926,河北省,正定高远古家具博物馆,非国有博物馆,未定级,是,320,0,1,0,0.2314
1927,河北省,正定县博物馆,文化文物系统国有博物馆,二级,是,646,144,25,14,38.8161
1928,河北省,直隶审判厅博物馆,其他行业国有博物馆,未定级,是,233,0,1,0,1.045
1929,河北省,中国共产党第一个农村支部纪念馆,其他行业国有博物馆,未定级,是,349,6,3,42,23.3579
1930,河北省,中国人民抗日军政大学陈列馆,文化文物系统国有博物馆,二级,是,12104,19,26,148,98.0177
1931,河北省,中国人民银行成立旧址纪念馆暨河北钱币博物馆,其他行业国有博物馆,未定级,是,2030,0,4,152,1.5
1932,河北省,涿鹿博物馆,文化文物系统国有博物馆,未定级,是,615,86,1,86,7.18
1933,河北省,涿州市博物馆,文化文物系统国有博物馆,二级,是,27795,299,8,86,27.0588
1934,河北省,涿州市德荣斋蛋雕艺术博物馆,非国有博物馆,未定级,是,373,0,1,4,0.92
1935,河北省,涿州市悦宁赏石文化博物馆,非国有博物馆,未定级,是,333,0,1,0,0.4707
1936,河北省,涿州市赵家笙乐器博物馆,非国有博物馆,未定级,是,303,0,1,0,0.32
1937,河北省,自然资源实物地质资料博物馆,其他行业国有博物馆,未定级,是,900,0,2,12,0.3245
1938,河南省,《新洛阳报》旧址纪念馆（洛阳新闻博物馆）,其他行业国有博物馆,未定级,是,135,0,1,1,0.21
1939,河南省,安阳（曹操）高陵遗址博物馆,文化文物系统国有博物馆,未定级,否,2423,231,2,80,36.8245
1940,河南省,安阳博物馆,文化文物系统国有博物馆,一级,是,13559,5240,20,91,40
1941,河南省,安阳民俗博物馆,文化文物系统国有博物馆,三级,是,3953,118,5,22,18.68
1942,河南省,安阳市保泰盈殷商博物馆,非国有博物馆,未定级,是,300,0,1,1,0.13
1943,河南省,安阳市洹宝斋甲骨文文化博物馆,非国有博物馆,未定级,是,306,0,4,1,1.05
1944,河南省,安阳市天保陶瓷博物馆,非国有博物馆,未定级,是,335,0,4,100,0.6
1945,河南省,安阳学院博物馆,非国有博物馆,未定级,是,328,0,3,6,1.1
1946,河南省,安阳殷畿艺术博物馆,非国有博物馆,未定级,是,317,0,2,8,0.25
1947,河南省,八路军渑池兵站纪念馆,文化文物系统国有博物馆,未定级,是,143,1,3,5,9.5
1948,河南省,八路军驻洛办事处纪念馆,文化文物系统国有博物馆,二级,是,1554,330,8,80,31.6776
1949,河南省,宝丰方志博物馆,非国有博物馆,未定级,是,800,0,1,0,0
1950,河南省,宝丰汝窑博物馆,文化文物系统国有博物馆,二级,是,22466,560,3,17,13.866
1951,河南省,宝丰县中原解放纪念馆,文化文物系统国有博物馆,三级,是,683,77,1,21,0.9958
1952,河南省,博爱县博物馆,文化文物系统国有博物馆,未定级,否,4227,488,0,0,0
1953,河南省,柴山保革命纪念馆,文化文物系统国有博物馆,未定级,是,45,0,1,3,2.48
1954,河南省,陈星聚纪念馆,文化文物系统国有博物馆,未定级,是,32,0,1,3,11.1
1955,河南省,陈元光纪念馆,文化文物系统国有博物馆,未定级,是,60,0,2,2,1.2
1956,河南省,城阳城遗址博物馆,文化文物系统国有博物馆,三级,是,532,92,5,50,11
1957,河南省,大别山人民检察博物馆,其他行业国有博物馆,未定级,是,340,52,3,30,1.2
1958,河南省,大宋中医药文化博物馆,其他行业国有博物馆,未定级,是,280,0,1,29,0.3018
1959,河南省,郸城县博物馆,文化文物系统国有博物馆,未定级,是,2772,143,1,0,0
1960,河南省,郸城县电影博物馆,文化文物系统国有博物馆,未定级,是,758,25,1,10,4.9
1961,河南省,郸城县中原红色收藏馆,非国有博物馆,未定级,是,1419,0,10,5,0.089
1962,河南省,郸城中原民俗博物馆,文化文物系统国有博物馆,未定级,是,975,61,5,13,15.2
1963,河南省,郸城中州古床博物馆,非国有博物馆,未定级,是,308,0,2,5,2.4
1964,河南省,登封历史博物馆,文化文物系统国有博物馆,未定级,是,4906,1000,0,0,0
1965,河南省,登封市革命烈士纪念馆,其他行业国有博物馆,未定级,是,180,0,1,8,1.8
1966,河南省,登封嵩山少林古兵器博物馆,非国有博物馆,未定级,是,633,47,8,17,7.2
1967,河南省,邓州市博物馆,文化文物系统国有博物馆,未定级,是,1306,825,7,10,9.231
1968,河南省,丁李湾民俗博物馆,文化文物系统国有博物馆,未定级,是,39,0,1,32,21.5
1969,河南省,东方红农耕博物馆,其他行业国有博物馆,未定级,否,211,0,3,210,37.12
1970,河南省,鄂东北道委旧址纪念馆,文化文物系统国有博物馆,未定级,是,23,0,11,3,1.3
1971,河南省,鄂豫边省委革命纪念馆,文化文物系统国有博物馆,未定级,是,259,11,2,3,10.04
1972,河南省,鄂豫皖革命纪念馆,文化文物系统国有博物馆,一级,是,10002,621,7,57,67.5
1973,河南省,鄂豫皖苏区第一个消费合作社旧址纪念馆,其他行业国有博物馆,未定级,是,200,0,1,10,3.2
1974,河南省,鄂豫皖苏区首府革命博物馆,文化文物系统国有博物馆,一级,是,3741,1736,8,6,71.5
1975,河南省,鄂豫皖苏维埃政府税务总局旧址纪念馆,其他行业国有博物馆,未定级,是,231,19,2,2,2
1976,河南省,二里头夏都遗址博物馆,文化文物系统国有博物馆,一级,是,35039,98,6,531,130.1
1977,河南省,范县杨集乡刘家老院民俗博物馆,非国有博物馆,未定级,是,238,0,8,1,2.0475
1978,河南省,范县郑板桥纪念馆,文化文物系统国有博物馆,未定级,是,120,0,6,0,35.6871
1979,河南省,方城县博物馆,文化文物系统国有博物馆,三级,是,2018,619,5,20,16.7403
1980,河南省,封丘县博物馆,文化文物系统国有博物馆,未定级,是,1068,1068,2,0,2
1981,河南省,扶沟县博物馆,文化文物系统国有博物馆,未定级,是,2041,984,9,12,18.92
1982,河南省,扶沟县吉鸿昌将军纪念馆,其他行业国有博物馆,未定级,是,653,12,2,210,26.3
1983,河南省,高敬亭故居纪念馆,文化文物系统国有博物馆,未定级,是,52,0,8,28,1.6
1984,河南省,巩义市博物馆,文化文物系统国有博物馆,二级,是,17541,3937,16,289,41.32
1985,河南省,巩义市中源汉砖碑拓博物馆,非国有博物馆,未定级,是,350,0,1,5,0.0802
1986,河南省,固始县博物馆,文化文物系统国有博物馆,三级,是,3168,1338,6,15,12.3
1987,河南省,固始县根亲博物馆,文化文物系统国有博物馆,未定级,是,60,0,6,17,15
1988,河南省,固始县苏维埃纪念馆,文化文物系统国有博物馆,未定级,是,100,0,1,100,1.5
1989,河南省,光山茶具博物馆,文化文物系统国有博物馆,三级,是,10684,1002,2,2,23.8674
1990,河南省,光山司马光故居纪念馆,文化文物系统国有博物馆,未定级,是,206,0,5,3,21.9358
1991,河南省,光山县邓颖超祖居纪念馆,文化文物系统国有博物馆,未定级,是,375,24,7,365,25
1992,河南省,光山县佛教艺术博物馆,文化文物系统国有博物馆,三级,是,6200,71,2,1,32.7
1993,河南省,光山县古字画陈列馆,文化文物系统国有博物馆,未定级,是,4750,25,1,1,9.8
1994,河南省,光山县花山寨会议旧址纪念馆,文化文物系统国有博物馆,未定级,是,236,0,4,64,21
1995,河南省,光山县家俱陈列馆,文化文物系统国有博物馆,未定级,是,700,30,1,1,12.79
1996,河南省,光山县石刻博物馆,文化文物系统国有博物馆,未定级,是,8000,43,2,1,5.7
1997,河南省,光山县王大湾会议会址纪念馆,文化文物系统国有博物馆,未定级,是,377,23,4,110,37.6893
1998,河南省,郭家河革命纪念馆,文化文物系统国有博物馆,未定级,是,20,0,0,0,0
1999,河南省,河洛古代石刻艺术馆,其他行业国有博物馆,未定级,是,2334,176,1,10,3.1
2000,河南省,河南（豫西）抗日根据地纪念馆,其他行业国有博物馆,未定级,是,0,0,1,33,0.847
2001,河南省,河南博物院,文化文物系统国有博物馆,一级,是,249023,54564,58,1930,309.9461
2002,河南省,河南财经政法大学博物馆,其他行业国有博物馆,未定级,是,1254,0,4,11,1.3387
2003,河南省,河南电影博物馆,文化文物系统国有博物馆,未定级,是,52163,0,1,5,0.4
2004,河南省,河南南水北调博物馆,文化文物系统国有博物馆,未定级,是,3035,0,6,60,18.5897
2005,河南省,河南省鹿邑县长军古陶瓷博物馆,非国有博物馆,二级,是,608,0,11,130,80.5
2006,河南省,河南驼人医学史博物馆,非国有博物馆,未定级,是,600,0,11,5,26
2007,河南省,河南戏曲声音博物馆,其他行业国有博物馆,未定级,是,3500,0,1,5,0.22
2008,河南省,河南新闻博物馆,其他行业国有博物馆,未定级,是,4056,0,2,5,0.29
2009,河南省,河南炎黄明清家具博物馆,非国有博物馆,未定级,是,326,0,1,0,0
2010,河南省,河南自然博物馆,其他行业国有博物馆,一级,是,30705,1021,15,390,74.2
2011,河南省,鹤壁市博物馆,文化文物系统国有博物馆,二级,是,54094,1706,10,28,35.9656
2012,河南省,鹤壁窑博物馆,文化文物系统国有博物馆,未定级,是,300,0,1,3,0.1
2013,河南省,红二十五军长征出发地纪念馆,文化文物系统国有博物馆,未定级,是,111,11,1,157,50.12
2014,河南省,红旗渠纪念馆,其他行业国有博物馆,未定级,否,1123,0,5,663,190.103
2015,河南省,红四方面军将士纪念馆,文化文物系统国有博物馆,未定级,是,583,583,2,2,5.4215
2016,河南省,滑县民俗博物院,文化文物系统国有博物馆,未定级,是,1199,20,17,40,9.7625
2017,河南省,淮滨县淮河博物馆,文化文物系统国有博物馆,三级,是,5670,170,2,39,7.8
2018,河南省,淮海战役陈官庄纪念馆,其他行业国有博物馆,未定级,是,881,38,3,30,38
2019,河南省,淮河源文化陈列馆,其他行业国有博物馆,未定级,是,230,13,3,3,19
2020,河南省,淮阳博物馆,文化文物系统国有博物馆,未定级,是,42535,2533,0,0,0
2021,河南省,淮阳平粮台古城遗址博物馆,文化文物系统国有博物馆,未定级,是,473,0,8,12,14.325
2022,河南省,黄泛区博物馆,其他行业国有博物馆,未定级,是,3821,0,1,21,1.0025
2023,河南省,黄河博物馆,其他行业国有博物馆,未定级,是,12455,43,3,11,7.0081
2024,河南省,潢川县黄国故城博物馆,文化文物系统国有博物馆,未定级,是,533,425,1,32,20
2025,河南省,潢川县抗日战争纪念馆,文化文物系统国有博物馆,未定级,是,14,0,1,10,1.5
2026,河南省,辉县市博物馆,文化文物系统国有博物馆,未定级,是,14646,1468,6,80,19.2
2027,河南省,济源市博物馆,文化文物系统国有博物馆,三级,是,15159,3548,7,22,9.4474
2028,河南省,济源市黄河奇石博物馆,非国有博物馆,未定级,是,1000,0,11,10,0.05
2029,河南省,济源市扑克博物馆,非国有博物馆,未定级,是,78,0,1,0,0.03
2030,河南省,冀鲁豫边区颜村铺革命旧址纪念馆,文化文物系统国有博物馆,未定级,是,126,0,3,2,13.5721
2031,河南省,郏县八路军豫西抗日纪念馆,其他行业国有博物馆,未定级,是,290,0,1,0,3
2032,河南省,郏县博物馆,文化文物系统国有博物馆,未定级,是,439,273,15,12,4.1
2033,河南省,郏县广阔天地大有作为纪念馆,其他行业国有博物馆,未定级,否,3825,0,1,30,1.5
2034,河南省,郏县临沣古寨生态博物馆,其他行业国有博物馆,未定级,是,0,0,1,0,16
2035,河南省,郏县任坚钧瓷艺术博物馆,非国有博物馆,未定级,是,303,0,4,5,2.25
2036,河南省,郏县三苏纪念馆,文化文物系统国有博物馆,未定级,否,450,0,1,10,12.3
2037,河南省,郏县文庙博物馆,文化文物系统国有博物馆,未定级,是,0,0,1,54,1.2
2038,河南省,箭厂河革命纪念馆,文化文物系统国有博物馆,未定级,是,64,8,3,10,7.6
2039,河南省,焦作市博物馆,文化文物系统国有博物馆,二级,是,18895,2923,15,81,57.9
2040,河南省,焦作市古怀州博物馆,非国有博物馆,未定级,是,314,0,1,26,2.693
2041,河南省,焦作市树广古典家具博物馆,非国有博物馆,未定级,是,137,0,2,8,0.1321
2042,河南省,焦作雅正历史博物馆,非国有博物馆,未定级,是,327,0,4,0,0.03
2043,河南省,浚县博物馆,文化文物系统国有博物馆,未定级,是,2322,1381,4,8,12.284
2044,河南省,开封北宋官瓷艺术博物馆,非国有博物馆,未定级,是,306,0,1,17,6.484
2045,河南省,开封警察博物馆,其他行业国有博物馆,未定级,是,5479,33,2,10,0.9678
2046,河南省,开封市包公司法文化博物馆,其他行业国有博物馆,未定级,是,310,0,1,0,18.6
2047,河南省,开封市报纸博物馆,其他行业国有博物馆,未定级,是,920,0,1,0,0
2048,河南省,开封市汴梁婚俗文证博物馆,非国有博物馆,未定级,是,380,0,10,12,46.5841
2049,河南省,开封市博物馆,文化文物系统国有博物馆,一级,是,23272,6875,29,299,171.7088
2050,河南省,开封市常明古灯博物馆,非国有博物馆,未定级,是,360,0,3,3,100.9976
2051,河南省,开封市大朴造像博物馆,非国有博物馆,未定级,是,306,0,3,10,42.7278
2052,河南省,开封市大宋皮影博物馆,非国有博物馆,未定级,是,305,0,1,30,76.5472
2053,河南省,开封市德庄陶瓷博物馆,非国有博物馆,未定级,是,316,0,4,11,46.1939
2054,河南省,开封市电子显微镜博物馆,其他行业国有博物馆,未定级,是,310,0,5,0,6.9535
2055,河南省,开封市抚古轩传统家具博物馆,非国有博物馆,未定级,是,302,0,5,3,8.0354
2056,河南省,开封市建森建筑艺术博物馆,非国有博物馆,未定级,是,303,0,1,3,21.9634
2057,河南省,开封市兰生电影艺术博物馆,非国有博物馆,未定级,是,400,0,1,6,53.2481
2058,河南省,开封市刘青霞故居纪念馆,文化文物系统国有博物馆,未定级,是,36,0,10,401,7.2319
2059,河南省,开封市仁俊酒文化博物馆,非国有博物馆,未定级,是,301,0,0,0,0
2060,河南省,开封市荣圣堂冷兵器博物馆,非国有博物馆,未定级,是,301,0,1,4,42.3871
2061,河南省,开封市盛泉民国钱币博物馆,非国有博物馆,未定级,是,375,0,1,10,11.1333
2062,河南省,开封市石庵木艺博物馆,非国有博物馆,未定级,是,303,0,1,2,39.883
2063,河南省,开封市宋韵书画艺术博物馆,非国有博物馆,未定级,是,305,0,1,17,6.484
2064,河南省,开封市素花宋绣博物馆,非国有博物馆,未定级,是,312,0,1,41,0.781
2065,河南省,开封市小张打铁博物馆,非国有博物馆,未定级,是,300,0,1,4,29.1003
2066,河南省,开封市弋古堂文房博物馆,非国有博物馆,未定级,是,310,0,8,2,28.5701
2067,河南省,开封市艺术博物馆,文化文物系统国有博物馆,未定级,否,0,0,2,0,22.8352
2068,河南省,开封市语哲茶文化博物馆,非国有博物馆,未定级,是,321,0,8,30,11.9751
2069,河南省,开封市至和宋代钱币博物馆,非国有博物馆,未定级,是,311,0,7,4,39.3729
2070,河南省,开封市至善围棋博物馆,非国有博物馆,未定级,是,320,0,3,28,5.5765
2071,河南省,兰考县焦裕禄纪念馆,文化文物系统国有博物馆,二级,是,1509,2,7,35,163.753
2072,河南省,兰考县刘岘纪念馆,文化文物系统国有博物馆,未定级,是,83,7,12,7,0.58
2073,河南省,粮食博物馆,其他行业国有博物馆,未定级,是,27800,0,5,3,4.6053
2074,河南省,林州市博物馆,文化文物系统国有博物馆,三级,是,5199,1409,5,59,12.6507
2075,河南省,临颍县博物馆,文化文物系统国有博物馆,未定级,是,2472,262,1,1,4.55
2076,河南省,灵宝市博物馆,文化文物系统国有博物馆,未定级,是,119,44,2,24,3.6
2077,河南省,刘邓大军千里跃进大别山纪念馆,其他行业国有博物馆,未定级,是,260,0,1,400,3.1
2078,河南省,刘邓大军司令部旧址纪念馆,文化文物系统国有博物馆,未定级,是,87,0,1,70,7
2079,河南省,刘少奇在开封陈列馆,其他行业国有博物馆,未定级,是,163,23,0,0,0
2080,河南省,柳林革命纪念馆,文化文物系统国有博物馆,未定级,是,95,0,1,18,4.28
2081,河南省,鲁山豫西革命纪念馆,其他行业国有博物馆,未定级,是,6,0,2,200,11.8
2082,河南省,鹿邑县博物馆,文化文物系统国有博物馆,未定级,是,1124,1055,13,6,28
2083,河南省,鹿邑县老子历史博物馆,非国有博物馆,三级,否,680,0,25,82,12
2084,河南省,栾川县常氏石刻艺术博物馆,文化文物系统国有博物馆,未定级,是,38,38,1,7,0.22
2085,河南省,洛阳白河书斋晁氏藏书博物馆,非国有博物馆,未定级,是,1487,0,5,20,0.5
2086,河南省,洛阳百年留声博物馆,非国有博物馆,未定级,是,360,0,3,200,3.6
2087,河南省,洛阳保险文化博物馆,非国有博物馆,未定级,是,419,0,2,63,1.0369
2088,河南省,洛阳匾额博物馆,文化文物系统国有博物馆,未定级,是,8154,173,5,208,40.1271
2089,河南省,洛阳博物馆,文化文物系统国有博物馆,一级,是,21792,5445,20,562,361.6
2090,河南省,洛阳古典红木家具博物馆,非国有博物馆,未定级,是,313,0,3,360,6.53
2091,河南省,洛阳古雒斋艺术博物馆,非国有博物馆,未定级,是,674,0,5,1,0.12
2092,河南省,洛阳古墓博物馆（河南古代壁画馆）,文化文物系统国有博物馆,一级,是,10440,331,7,631,205.88
2093,河南省,洛阳汉画艺术博物馆,非国有博物馆,未定级,是,92,0,2,57,1.7
2094,河南省,洛阳汉林古代珍藏博物馆,非国有博物馆,未定级,是,5200,0,3,3,11.85
2095,河南省,洛阳河洛石文化博物馆,非国有博物馆,未定级,是,356,0,4,2,1.38
2096,河南省,洛阳华夏金石文化博物馆,非国有博物馆,未定级,是,465,0,3,15,3.2
2097,河南省,洛阳华夏酒文化博物馆,非国有博物馆,未定级,是,614,0,1,0,0.25
2098,河南省,洛阳华夏文房文化博物馆,非国有博物馆,未定级,是,358,0,1,0,1.4
2099,河南省,洛阳华夏喜庆文化博物馆,非国有博物馆,未定级,是,369,0,1,2,2.48
2100,河南省,洛阳华夏香山文化艺术博物馆,非国有博物馆,未定级,是,411,0,1,3,2.2
2101,河南省,洛阳华源艺术博物馆,非国有博物馆,未定级,是,157,0,3,1,0.0235
2102,河南省,洛阳金石文字博物馆,非国有博物馆,未定级,是,1183,0,13,20,9.2
2103,河南省,洛阳警察博物馆,其他行业国有博物馆,未定级,是,1760,61,1,4,0.7075
2104,河南省,洛阳九朝刻石文字博物馆,非国有博物馆,未定级,是,300,0,2,0,0.3
2105,河南省,洛阳老龙门农家博物馆,非国有博物馆,未定级,是,739,0,1,0,0.32
2106,河南省,洛阳老雒阳饮食文化博物馆,非国有博物馆,未定级,是,186,11,1,3,9.5
2107,河南省,洛阳理工学院博物馆,其他行业国有博物馆,未定级,是,2496,11,5,16,0.2452
2108,河南省,洛阳龙门博物馆,非国有博物馆,二级,否,2045,0,14,28,36.0509
2109,河南省,洛阳洛卫军品博物馆,非国有博物馆,未定级,是,889,0,4,15,5.2
2110,河南省,洛阳民俗博物馆,文化文物系统国有博物馆,二级,是,72308,1463,7,223,46.578
2111,河南省,洛阳鸣鹤博物馆,其他行业国有博物馆,未定级,是,1000,0,6,15,0.8
2112,河南省,洛阳牡丹瓷博物馆,非国有博物馆,三级,是,623,0,5,120,8.8395
2113,河南省,洛阳平乐正骨博物馆,非国有博物馆,三级,是,468,0,7,32,10.785
2114,河南省,洛阳日记博物馆,其他行业国有博物馆,未定级,是,6420,0,9,25,12.51
2115,河南省,洛阳三彩艺术博物馆,非国有博物馆,二级,是,2010,0,32,254,124.059
2116,河南省,洛阳上阳宫文化博物馆,非国有博物馆,未定级,是,194,0,1,4,0.41
2117,河南省,洛阳胜利唐白瓷艺术博物馆,非国有博物馆,未定级,是,318,0,1,0,0.2
2118,河南省,洛阳石画艺术博物馆,非国有博物馆,未定级,是,300,0,1,0,0.3
2119,河南省,洛阳市瀍河古代艺术品博物馆,非国有博物馆,未定级,是,300,0,5,1,0.2568
2120,河南省,洛阳市洛阳铲博物馆,非国有博物馆,未定级,是,308,0,4,1,4.1
2121,河南省,洛阳市隋唐城遗址博物馆,文化文物系统国有博物馆,二级,是,11353,1616,3,78,21.1921
2122,河南省,洛阳市铁军博物馆,非国有博物馆,未定级,是,310,0,4,15,1.5
2123,河南省,洛阳市伊龙凡石艺术博物馆,非国有博物馆,未定级,是,307,0,1,6,1.2
2124,河南省,洛阳市伊龙砖雕艺术博物馆,非国有博物馆,未定级,是,374,0,1,5,0.2336
2125,河南省,洛阳树威古瓷鉴藏博物馆,非国有博物馆,未定级,是,408,23,9,29,15.693
2126,河南省,洛阳隋唐大运河文化博物馆,文化文物系统国有博物馆,二级,是,6253,30,8,296,215
2127,河南省,洛阳唐三彩陶艺博物馆,非国有博物馆,未定级,是,312,0,19,86,18.2
2128,河南省,洛阳唐艺金银器博物馆,非国有博物馆,未定级,是,451,0,7,20,2.4286
2129,河南省,洛阳围棋博物馆,非国有博物馆,未定级,是,472,0,6,20,2.4
2130,河南省,洛阳无篱园石雕艺术博物馆,非国有博物馆,未定级,是,503,0,7,31,2.3
2131,河南省,洛阳星月紫砂博物馆,非国有博物馆,未定级,是,493,0,1,0,1.98
2132,河南省,洛阳烟云涧青铜工艺博物馆,非国有博物馆,未定级,是,339,0,3,30,6.3
2133,河南省,洛阳驿站博物馆,非国有博物馆,未定级,是,300,0,8,1,3.47
2134,河南省,洛阳真不同水席博物馆,非国有博物馆,未定级,是,318,0,1,2,10.05
2135,河南省,洛阳志成酒器博物馆,非国有博物馆,未定级,是,1270,0,5,1,2.8
2136,河南省,洛阳钟鼎青铜艺术博物馆,非国有博物馆,未定级,是,333,0,1,0,0.85
2137,河南省,洛阳周公庙博物馆,文化文物系统国有博物馆,二级,是,11784,469,8,278,52.1894
2138,河南省,洛阳周王城天子驾六博物馆,文化文物系统国有博物馆,二级,否,70,61,1,42,49.1
2139,河南省,漯河粮源农耕文化博物馆,非国有博物馆,未定级,是,500,0,1,1,0.1734
2140,河南省,漯河市博物馆,文化文物系统国有博物馆,二级,是,2256,2120,2,78,27.5168
2141,河南省,漯河市德泽陶瓷博物馆,非国有博物馆,二级,是,1031,1,10,35,11.5
2142,河南省,漯河市许慎文化博物馆,文化文物系统国有博物馆,未定级,否,5906,0,4,351,47.68
2143,河南省,漯河市郾城区博物馆,文化文物系统国有博物馆,未定级,是,711,72,3,3,2.1
2144,河南省,漯河市郾城区许慎纪念馆,文化文物系统国有博物馆,未定级,是,1,0,2,1,5.856
2145,河南省,漯河中观博古史前文化博物馆,非国有博物馆,未定级,是,375,0,1,0,0.2042
2146,河南省,漯河中州抗战纪念馆,非国有博物馆,三级,是,1510,0,1,98,7.051
2147,河南省,毛主席纪念馆,其他行业国有博物馆,未定级,是,170,0,1,80,2.8
2148,河南省,孟津博物馆,文化文物系统国有博物馆,未定级,是,6405,1125,1,4,2.39
2149,河南省,孟州市博物馆,文化文物系统国有博物馆,未定级,是,2914,711,15,20,7.7639
2150,河南省,渑池县博物馆,文化文物系统国有博物馆,未定级,是,173,117,3,4,7.6
2151,河南省,渑池县仰韶文化博物馆,文化文物系统国有博物馆,三级,是,760,0,3,6,12
2152,河南省,民权县博物馆,文化文物系统国有博物馆,未定级,是,147,147,13,20,6.2
2153,河南省,牡丹博物馆,其他行业国有博物馆,未定级,否,176,0,2,7,49
2154,河南省,南乐县博物馆,文化文物系统国有博物馆,未定级,是,2,2,0,0,0
2155,河南省,南乐县仓颉文化博物馆,文化文物系统国有博物馆,未定级,是,16,0,3,8,37.5
2156,河南省,南阳市博物院,文化文物系统国有博物馆,一级,是,25329,6261,14,431,106
2157,河南省,南阳市汉画馆,文化文物系统国有博物馆,一级,是,2268,1506,12,380,58.4
2158,河南省,南阳市张衡博物馆,文化文物系统国有博物馆,未定级,是,1196,566,10,8,25.6
2159,河南省,南阳唐王府博物馆,非国有博物馆,未定级,是,434,0,11,35,11.2
2160,河南省,南阳万世之宝博物馆,非国有博物馆,未定级,是,327,0,1,5,15.6872
2161,河南省,南阳武侯祠博物馆,文化文物系统国有博物馆,未定级,否,4200,1260,16,22,37.62
2162,河南省,南阳知府衙门博物馆,文化文物系统国有博物馆,三级,否,135,0,1,87,28.93
2163,河南省,南召县博物馆,文化文物系统国有博物馆,未定级,是,1380,503,1,7,0.93
2164,河南省,内黄县三杨庄遗址博物馆,文化文物系统国有博物馆,未定级,是,29,10,1,0,0.18
2165,河南省,内乡县菊潭古瓷博物馆,非国有博物馆,未定级,是,504,2,2,12,2.3
2166,河南省,内乡县衙博物馆,文化文物系统国有博物馆,二级,否,1194,466,11,10,91
2167,河南省,宁陵县博物馆,文化文物系统国有博物馆,未定级,是,232,143,2,3,0.9
2168,河南省,平顶山博物馆,文化文物系统国有博物馆,一级,是,51502,1853,8,37,40.5205
2169,河南省,平舆县挚都民俗文化博物馆,非国有博物馆,未定级,是,400,0,8,26,15.8132
2170,河南省,濮阳市博物馆,文化文物系统国有博物馆,二级,是,5501,1743,19,30,25.6
2171,河南省,濮阳市仁德艺术博物馆,非国有博物馆,未定级,是,365,0,2,0,1.238
2172,河南省,濮阳市子路博物馆,文化文物系统国有博物馆,未定级,是,19,0,2,2,1
2173,河南省,戚城博物馆,文化文物系统国有博物馆,未定级,是,174,19,4,34,148.5096
2174,河南省,淇县博物馆,文化文物系统国有博物馆,三级,是,3631,2193,6,19,1.9856
2175,河南省,沁阳曹谨纪念馆,文化文物系统国有博物馆,未定级,是,130,1,3,88,22.8346
2176,河南省,沁阳市博物馆,文化文物系统国有博物馆,三级,是,4851,2301,8,62,33
2177,河南省,沁阳市朱载堉纪念馆,文化文物系统国有博物馆,未定级,是,0,0,5,45,16.5
2178,河南省,清丰县火车站旧址博物馆,文化文物系统国有博物馆,未定级,是,504,0,4,3,11.8
2179,河南省,清丰县冀鲁豫边区革命根据地旧址纪念馆,文化文物系统国有博物馆,三级,是,1261,43,6,500,84.8
2180,河南省,确山县临时治安委员会纪念馆,文化文物系统国有博物馆,三级,是,491,141,9,10,11.51
2181,河南省,确山县竹沟烈士陵园,其他行业国有博物馆,未定级,是,32,3,1,1440,18
2182,河南省,确山竹沟革命纪念馆,文化文物系统国有博物馆,二级,是,6346,1547,6,18,102.2
2183,河南省,汝州青瓷博物馆,非国有博物馆,二级,是,705,0,11,60,36.1257
2184,河南省,汝州市汝瓷博物馆,文化文物系统国有博物馆,三级,是,1871,1710,14,59,30.8
2185,河南省,三门峡庙底沟博物馆,文化文物系统国有博物馆,未定级,是,552,0,8,182,32.95
2186,河南省,三门峡市博物馆,文化文物系统国有博物馆,二级,是,5576,1747,5,22,31.25
2187,河南省,三门峡市虢国博物馆（三门峡市文物陈列馆）,文化文物系统国有博物馆,二级,否,4355,1247,10,12,31.638
2188,河南省,商城县革命纪念馆,文化文物系统国有博物馆,未定级,是,0,0,3,18,7.36
2189,河南省,商丘博物馆,文化文物系统国有博物馆,二级,是,2620,1246,10,13,39.5217
2190,河南省,商丘淮海战役总前委旧址纪念馆,文化文物系统国有博物馆,未定级,是,57,0,1,5,11.8
2191,河南省,商丘市华夏酒文化博物馆,非国有博物馆,未定级,是,441,0,0,0,0
2192,河南省,商丘市睢阳区博物馆,文化文物系统国有博物馆,未定级,是,4711,2041,7,50,14.9
2193,河南省,商丘市豫东隋唐大运河古陶瓷博物馆,非国有博物馆,未定级,是,231,0,1,1,2.35
2194,河南省,商水县叶氏庄园民俗博物馆,文化文物系统国有博物馆,未定级,是,1750,0,3,12,33.5569
2195,河南省,社旗县博物馆,文化文物系统国有博物馆,未定级,是,821,605,8,5,1.0527
2196,河南省,石林会议旧址纪念馆,其他行业国有博物馆,未定级,是,600,0,2,12,25
2197,河南省,嵩山地质公园博物馆,其他行业国有博物馆,未定级,是,722,0,3,15,2.8956
2198,河南省,嵩县博物馆,文化文物系统国有博物馆,未定级,是,1478,216,2,4,1.35
2199,河南省,嵩县古陶文化博物馆,非国有博物馆,未定级,是,226,0,1,5,2.5
2200,河南省,嵩县嵩州古灯博物馆,非国有博物馆,未定级,是,624,0,1,1,3.92
2201,河南省,睢县博物馆（睢县文物保护管理办公室）,文化文物系统国有博物馆,未定级,是,253,111,1,8,11
2202,河南省,遂平县嵖岈山卫星人民公社旧址博物馆,文化文物系统国有博物馆,三级,是,1886,37,6,30,26.1694
2203,河南省,遂平县豫中抗日根据地旧址纪念馆,文化文物系统国有博物馆,未定级,是,72,0,6,30,10.01
2204,河南省,台前县将军渡纪念馆,文化文物系统国有博物馆,三级,是,337,9,9,14,32.5
2205,河南省,汤阴博物馆,文化文物系统国有博物馆,三级,是,3119,1312,2,17,16.2065
2206,河南省,汤阴县羑里周易博物馆,文化文物系统国有博物馆,未定级,否,0,0,1,85,23.5799
2207,河南省,汤阴县岳飞纪念馆,文化文物系统国有博物馆,三级,否,1435,9,2,436,74.0722
2208,河南省,唐河县博物馆,文化文物系统国有博物馆,三级,是,2379,1066,6,19,14.5
2209,河南省,桐柏革命纪念馆,文化文物系统国有博物馆,未定级,是,1078,0,2,895,29.6
2210,河南省,桐丘古陶瓷博物馆,非国有博物馆,未定级,是,794,0,11,22,16.452
2211,河南省,宛梆戏曲艺术博物馆,文化文物系统国有博物馆,未定级,是,1050,0,1,15,0.26
2212,河南省,宛西地方自治博物馆,文化文物系统国有博物馆,未定级,是,130,0,0,0,0
2213,河南省,卫辉市博物馆,文化文物系统国有博物馆,未定级,是,3219,2353,9,12,10.165
2214,河南省,尉氏县刘青霞纪念馆,文化文物系统国有博物馆,未定级,是,2406,1082,4,125,10.94
2215,河南省,温县博物馆,文化文物系统国有博物馆,未定级,是,4110,923,2,27,7.2496
2216,河南省,吴焕先故居纪念馆,文化文物系统国有博物馆,未定级,是,66,2,2,5,6
2217,河南省,吴其濬故居纪念馆,文化文物系统国有博物馆,未定级,是,0,0,3,6,6.833
2218,河南省,五虎岔羊战斗旧址纪念馆,文化文物系统国有博物馆,未定级,是,2800,0,1,150,18.7
2219,河南省,武陟县博物馆,文化文物系统国有博物馆,三级,是,3597,566,13,120,12.16
2220,河南省,武陟县嘉应观黄河文化博物馆,文化文物系统国有博物馆,未定级,否,355,0,5,35,28
2221,河南省,舞钢市博物馆,文化文物系统国有博物馆,未定级,是,228,80,1,45,1.0826
2222,河南省,舞阳民俗文化博物馆,非国有博物馆,未定级,是,1180,0,1,2,0.056
2223,河南省,舞阳县博物馆,文化文物系统国有博物馆,三级,是,980,979,10,31,11.2787
2224,河南省,舞阳县贾湖遗址博物馆,文化文物系统国有博物馆,未定级,是,948,16,1,32,22.4722
2225,河南省,西华县杜岗会师纪念馆,文化文物系统国有博物馆,未定级,是,78,16,1,89,11.91
2226,河南省,西峡县博物馆,文化文物系统国有博物馆,未定级,是,1185,522,3,9,9.7997
2227,河南省,息县刘邓大军渡淮纪念馆,文化文物系统国有博物馆,未定级,是,144,0,1,5,20
2228,河南省,淅川丹江移民民俗博物馆,非国有博物馆,未定级,是,520,0,1,110,10.6
2229,河南省,淅川县博物馆,文化文物系统国有博物馆,未定级,是,2520,1967,2,28,7.1
2230,河南省,淅川县荆紫关镇民俗博物馆,文化文物系统国有博物馆,未定级,是,389,0,1,0,1.02
2231,河南省,夏邑县博物馆,文化文物系统国有博物馆,未定级,是,642,345,6,6,16.3
2232,河南省,夏邑县彭雪枫将军纪念馆,其他行业国有博物馆,未定级,是,0,0,1,8,7.5
2233,河南省,襄城县毛主席视察纪念馆,文化文物系统国有博物馆,未定级,是,432,0,4,2,12.9
2234,河南省,襄城县毛主席绣像博物馆,非国有博物馆,未定级,是,303,0,1,3,1.1315
2235,河南省,项城市博物馆,文化文物系统国有博物馆,未定级,是,861,271,6,51,15.6
2236,河南省,项城市德高民俗博物馆,非国有博物馆,三级,是,535,0,5,52,8.0627
2237,河南省,项城市东芳酒文化博物馆,非国有博物馆,未定级,是,2327,0,3,2,0.4235
2238,河南省,小商桥桥梁博物馆,文化文物系统国有博物馆,未定级,是,0,0,1,2,37.5
2239,河南省,新安县博物馆,文化文物系统国有博物馆,三级,是,5624,766,6,82,10.6
2240,河南省,新安县千唐志斋博物馆,文化文物系统国有博物馆,二级,是,2024,580,3,45,2.48
2241,河南省,新蔡县问津博物馆,非国有博物馆,未定级,是,508,0,2,8,12.6
2242,河南省,新密市博物馆,文化文物系统国有博物馆,未定级,是,3925,1968,3,19,2.6
2243,河南省,新密市国辰艺术博物馆,非国有博物馆,未定级,是,455,0,5,9,0.98
2244,河南省,新县鄂豫皖革命根据地首府旧址纪念馆,文化文物系统国有博物馆,未定级,是,629,32,3,22,46.2
2245,河南省,新县鄂豫皖苏区烈士纪念馆,其他行业国有博物馆,未定级,是,738,155,4,80,55.09
2246,河南省,新县许世友将军纪念馆（挂靠田铺乡产业发展服务中心）,文化文物系统国有博物馆,三级,是,202,17,3,8,52.15
2247,河南省,新乡市博物馆,文化文物系统国有博物馆,二级,是,32212,30281,12,84,40.6
2248,河南省,新乡市凤泉区诚城诚信博物馆,非国有博物馆,未定级,是,326,0,1,31,3.1
2249,河南省,新乡市凤泉区汉风博物馆,文化文物系统国有博物馆,未定级,是,1445,133,2,9,2.4132
2250,河南省,新乡市郭峰中医药博物馆,非国有博物馆,未定级,是,338,0,4,3,0.1
2251,河南省,新乡市老城民俗博物馆,非国有博物馆,未定级,否,146,0,0,0,0
2252,河南省,新乡市潞简王墓博物馆,文化文物系统国有博物馆,未定级,否,0,0,1,2,17.8
2253,河南省,新乡市赵林陶瓷博物馆,非国有博物馆,未定级,是,310,0,2,2,0.3
2254,河南省,新乡市中原石刻艺术博物馆,非国有博物馆,未定级,是,580,0,4,5,2
2255,河南省,新乡县历代石刻艺术博物馆,文化文物系统国有博物馆,未定级,是,26,25,1,3,0.4673
2256,河南省,新野县博物馆,文化文物系统国有博物馆,未定级,是,724,675,9,5,14
2257,河南省,新郑市博物馆,文化文物系统国有博物馆,二级,是,14560,4539,7,21,34.55
2258,河南省,新郑市郑国车马坑遗址博物馆,文化文物系统国有博物馆,未定级,否,0,0,6,16,22.883
2259,河南省,信阳博物馆,文化文物系统国有博物馆,二级,是,4462,2022,21,83,59.8592
2260,河南省,荥阳市博物馆,文化文物系统国有博物馆,未定级,是,15293,2862,3,0,0
2261,河南省,修武县博物馆,文化文物系统国有博物馆,未定级,是,1369,543,3,18,2.083
2262,河南省,修武县云台山地质博物馆,其他行业国有博物馆,未定级,是,299,0,2,6,2.4
2263,河南省,许昌金雨古陶瓷博物馆,非国有博物馆,未定级,是,316,0,3,0,1.5
2264,河南省,许昌铃铛文化博物馆,非国有博物馆,未定级,是,317,0,1,60,0.15
2265,河南省,许昌市博物馆,文化文物系统国有博物馆,二级,是,12691,2200,21,37,50.5177
2266,河南省,许昌市建安区杨水才纪念馆,文化文物系统国有博物馆,未定级,是,135,0,1,35,10.2028
2267,河南省,许昌市裕丰金丝楠博物馆,非国有博物馆,未定级,是,342,0,2,10,1
2268,河南省,许昌塔文化博物馆,文化文物系统国有博物馆,未定级,是,735,13,8,40,13.29
2269,河南省,许昌喜根根艺博物馆,非国有博物馆,未定级,是,313,0,1,4,0.1689
2270,河南省,鄢陵县博物馆,文化文物系统国有博物馆,未定级,是,1244,560,2,2,0.0989
2271,河南省,延津县博物馆,文化文物系统国有博物馆,未定级,是,476,251,5,4,10.4
2272,河南省,延津县陈玉成纪念馆,文化文物系统国有博物馆,未定级,是,0,0,1,3,1.9
2273,河南省,偃师博物馆,文化文物系统国有博物馆,二级,是,29290,1930,12,20,19.51
2274,河南省,偃师市白云居耕读博物馆,非国有博物馆,未定级,是,683,0,3,5,0.02
2275,河南省,叶县文庙博物馆,文化文物系统国有博物馆,未定级,否,22,0,1,15,3.165
2276,河南省,叶县县衙博物馆,文化文物系统国有博物馆,未定级,否,30,7,13,62,40.8424
2277,河南省,伊川县博物馆,文化文物系统国有博物馆,未定级,是,3442,607,1,4,0.36
2278,河南省,宜阳县博物馆,文化文物系统国有博物馆,未定级,是,8501,1506,4,62,1.81
2279,河南省,殷墟博物馆（殷墟研究院）,文化文物系统国有博物馆,未定级,否,4218,2,12,503,155.0073
2280,河南省,应天门遗址博物馆,其他行业国有博物馆,未定级,否,200,0,11,120,189.26
2281,河南省,永城市博物馆,文化文物系统国有博物馆,未定级,是,2603,739,0,0,0
2282,河南省,虞城县博物馆,文化文物系统国有博物馆,未定级,是,613,421,3,3,0.76
2283,河南省,禹州钧瓷文化博物馆,非国有博物馆,二级,是,1037,0,9,11,42.9
2284,河南省,禹州钧瓷窑炉博物馆,非国有博物馆,未定级,是,821,0,3,5,3.2
2285,河南省,禹州钧官窑址博物馆（河南古陶瓷博物馆、河南钧瓷博物馆）,文化文物系统国有博物馆,二级,是,1645,323,8,110,64.2178
2286,河南省,禹州市唐钧博物馆,非国有博物馆,未定级,是,422,0,1,12,4.3
2287,河南省,禹州宋元钧瓷标本博物馆,非国有博物馆,未定级,是,321,0,1,52,3.5
2288,河南省,禹州宣和陶瓷博物馆,非国有博物馆,未定级,是,500,0,6,6,1.56
2289,河南省,禹州中医药文化博物馆,文化文物系统国有博物馆,未定级,是,520,62,4,8,3.441
2290,河南省,岳飞故宅纪念馆,文化文物系统国有博物馆,未定级,否,0,0,1,0,0.18
2291,河南省,张仲景博物院,其他行业国有博物馆,未定级,否,18,18,7,28,67.4
2292,河南省,长垣市烹饪文化博物馆,文化文物系统国有博物馆,三级,是,672,0,9,174,9.4
2293,河南省,柘城县博物馆,文化文物系统国有博物馆,未定级,否,825,375,0,7,0.18
2294,河南省,镇平县彭雪枫纪念馆,文化文物系统国有博物馆,三级,是,1821,808,7,65,40.011
2295,河南省,镇平县紫绿玛瑙博物馆,非国有博物馆,未定级,是,320,0,13,18,6.28
2296,河南省,正阳县博物馆,文化文物系统国有博物馆,未定级,是,416,29,5,2,1.523
2297,河南省,正阳县黄叔度纪念馆,文化文物系统国有博物馆,未定级,是,34,0,2,2,4.8
2298,河南省,正阳县刘邓大军强渡汝河纪念馆,文化文物系统国有博物馆,未定级,是,85,0,1,0,5.6
2299,河南省,郑州博金书画艺术博物馆,非国有博物馆,未定级,是,342,0,5,18,2.8311
2300,河南省,郑州博物馆,文化文物系统国有博物馆,一级,是,53816,9555,34,860,123.4347
2301,河南省,郑州博物馆古荥汉代冶铁遗址分馆,文化文物系统国有博物馆,未定级,是,479,241,4,240,5.8429
2302,河南省,郑州城外城陶瓷艺术博物馆,非国有博物馆,二级,是,640,167,10,44,22.3612
2303,河南省,郑州瓷源博物馆,非国有博物馆,三级,是,1008,398,8,44,17.8357
2304,河南省,郑州大象陶瓷博物馆,非国有博物馆,二级,是,1173,989,2,78,5.9287
2305,河南省,郑州大信厨房博物馆,非国有博物馆,二级,是,1196,244,9,80,25.3866
2306,河南省,郑州鼎藏钱币博物馆,非国有博物馆,未定级,是,349,175,12,52,3.0816
2307,河南省,郑州二七纪念馆,文化文物系统国有博物馆,二级,是,4529,1561,11,103,99
2308,河南省,郑州共襄润德文化艺术博物馆,非国有博物馆,未定级,是,301,0,0,0,0
2309,河南省,郑州红木文化博物馆,非国有博物馆,未定级,是,316,64,6,53,3.128
2310,河南省,郑州华彩艺术博物馆,非国有博物馆,未定级,是,341,112,9,79,25.1031
2311,河南省,郑州建彰围棋博物馆,非国有博物馆,未定级,是,320,17,5,86,2.9308
2312,河南省,郑州晶石造器博物馆,非国有博物馆,未定级,是,325,31,5,40,1.7565
2313,河南省,郑州镜像艺术博物馆,非国有博物馆,未定级,是,301,0,2,70,23.793
2314,河南省,郑州聚瓷博物馆,非国有博物馆,三级,是,797,407,3,51,12.3207
2315,河南省,郑州明月家居艺术博物馆,非国有博物馆,未定级,是,369,241,9,78,25.0169
2316,河南省,郑州木华苑民居博物馆,非国有博物馆,未定级,是,325,87,4,45,5.35
2317,河南省,郑州启原木雕艺术博物馆,非国有博物馆,未定级,是,491,0,2,77,24.7918
2318,河南省,郑州仁清金石传拓艺术博物馆,非国有博物馆,未定级,是,1205,312,6,67,4.0851
2319,河南省,郑州赛思齿艺博物馆,非国有博物馆,未定级,是,310,12,4,22,4.6569
2320,河南省,郑州山海砗磲博物馆,非国有博物馆,二级,是,759,366,14,16,12.0008
2321,河南省,郑州商代都城遗址博物院,文化文物系统国有博物馆,未定级,是,410,302,13,88,61.8765
2322,河南省,郑州市大河村遗址博物馆,文化文物系统国有博物馆,二级,是,2764,1007,2,306,8.7609
2323,河南省,郑州市登封窑陶瓷博物馆,非国有博物馆,未定级,是,448,116,16,43,4
2324,河南省,郑州市东方翰典文化博物馆,非国有博物馆,未定级,是,1272,0,0,0,0
2325,河南省,郑州市管城回族区文物保护与研究中心（郑州商城东城垣遗址博物馆）,文化文物系统国有博物馆,未定级,是,45,0,2,50,6.214
2326,河南省,郑州市华夏文化艺术博物馆,非国有博物馆,未定级,是,1520,178,3,18,2.855
2327,河南省,郑州市黄淮艺术博物馆,非国有博物馆,未定级,是,484,0,4,14,2.45
2328,河南省,郑州市丝路文化博物馆,非国有博物馆,未定级,是,1117,234,2,34,1.9618
2329,河南省,郑州市天中艺术博物馆,非国有博物馆,三级,是,315,65,8,59,4.5217
2330,河南省,郑州天成博物馆,非国有博物馆,未定级,是,425,0,0,0,0
2331,河南省,郑州天祥博物馆,非国有博物馆,未定级,是,321,103,3,28,12.8152
2332,河南省,郑州旭日青铜博物馆,非国有博物馆,未定级,是,308,219,5,60,8.3253
2333,河南省,郑州瞻世客家文化博物馆,非国有博物馆,三级,是,500,141,6,44,3.3752
2334,河南省,郑州正弘博物馆,非国有博物馆,未定级,是,440,0,0,0,0
2335,河南省,郑州自然博物馆,其他行业国有博物馆,未定级,是,13454,0,15,4,8.6
2336,河南省,中共洛阳组诞生地纪念馆,其他行业国有博物馆,未定级,是,1040,0,3,366,15.0228
2337,河南省,中国文字博物馆,文化文物系统国有博物馆,一级,是,31596,3726,56,98,216
2338,河南省,中原军区暨中原野战军司令部旧址陈列馆,文化文物系统国有博物馆,三级,是,162,3,3,575,22.5
2339,河南省,中原农耕文化博物馆,其他行业国有博物馆,未定级,是,3857,0,2,56,4.798
2340,河南省,中原杂技博物馆,其他行业国有博物馆,未定级,是,488,0,51,3,2.6
2341,河南省,周口华威民俗文化博物苑,非国有博物馆,二级,是,5748,0,15,20,17.8
2342,河南省,周口市博物馆,文化文物系统国有博物馆,二级,是,6381,1883,8,218,52.3
2343,河南省,周口市关帝庙民俗博物馆,文化文物系统国有博物馆,三级,是,363,363,4,30,89
2344,河南省,驻马店市博物馆,文化文物系统国有博物馆,二级,是,11146,1996,11,63,34
2345,河南省,驻马店市防洪博物馆（河南省防洪教育基地）,其他行业国有博物馆,未定级,是,1894,0,7,10,7.53
2346,河南省,驻马店市杨靖宇烈士纪念馆,其他行业国有博物馆,未定级,是,1170,0,1,30,58.5
2347,黑龙江省,爱辉区新生乡岭上人展览馆,文化文物系统国有博物馆,未定级,是,184,0,1,2,1.5
2348,黑龙江省,瑷珲海关历史陈列馆,文化文物系统国有博物馆,未定级,是,183,0,1,20,1.5
2349,黑龙江省,瑷珲卫国英雄园,非国有博物馆,未定级,否,350,0,3,0,0.23
2350,黑龙江省,安达市孙秀英剪纸博物馆,非国有博物馆,未定级,是,2216,0,5,9,1.93
2351,黑龙江省,安重根义士纪念馆,文化文物系统国有博物馆,未定级,是,10,0,2,9,6.1426
2352,黑龙江省,昂昂溪遗址博物馆,文化文物系统国有博物馆,三级,是,3327,330,2,15,3.6008
2353,黑龙江省,八女投江遗址纪念馆,文化文物系统国有博物馆,未定级,是,310,85,1,8,6.9451
2354,黑龙江省,八五〇军垦开发建设博物馆,其他行业国有博物馆,未定级,是,513,0,7,17,0.7537
2355,黑龙江省,拜泉县生态文化博物馆,非国有博物馆,未定级,是,301,0,8,3,0.5
2356,黑龙江省,宝清县博物馆,文化文物系统国有博物馆,未定级,是,50051,115,4,2,5.1232
2357,黑龙江省,宝清县石器博物馆,非国有博物馆,未定级,是,5000,0,2,2,2
2358,黑龙江省,北安博物馆,文化文物系统国有博物馆,未定级,是,5108,408,12,5,34
2359,黑龙江省,北安市庆华军工遗址博物馆,文化文物系统国有博物馆,二级,是,5700,1101,8,28,19.8
2360,黑龙江省,北大荒博物馆,其他行业国有博物馆,三级,是,5322,346,1,36,5.26
2361,黑龙江省,北大荒开发建设纪念馆,其他行业国有博物馆,未定级,是,1100,46,5,112,17
2362,黑龙江省,北大荒齐齐哈尔博物馆,其他行业国有博物馆,未定级,是,47,23,0,0,0
2363,黑龙江省,北林区大自然奇石博物馆,非国有博物馆,未定级,是,500,0,1,1,0.11
2364,黑龙江省,宾县二龙山艺术馆,文化文物系统国有博物馆,未定级,是,930,0,4,23,4.15
2365,黑龙江省,勃利县吉祥民俗博物馆,非国有博物馆,未定级,是,2404,0,5,3,0.3
2366,黑龙江省,朝阳山抗联博物馆,文化文物系统国有博物馆,未定级,是,0,0,1,0,0
2367,黑龙江省,大庆石油馆,其他行业国有博物馆,未定级,是,2246,0,4,101,3.7
2368,黑龙江省,大庆石油科技馆,其他行业国有博物馆,三级,是,3770,40,6,66,7.16
2369,黑龙江省,大庆市博物馆,文化文物系统国有博物馆,一级,是,55049,1568,21,204,87.1647
2370,黑龙江省,大庆市大同区历史陈列馆,文化文物系统国有博物馆,三级,是,5145,130,11,5,2.314
2371,黑龙江省,大庆铁人王进喜纪念馆,其他行业国有博物馆,一级,是,22918,355,12,900,143.8
2372,黑龙江省,大庆油田历史陈列馆,其他行业国有博物馆,二级,是,8768,325,8,95,33.5194
2373,黑龙江省,大箐山县博物馆,文化文物系统国有博物馆,未定级,是,711,0,2,3,0.601
2374,黑龙江省,大兴安岭资源馆,其他行业国有博物馆,三级,是,243,2,3,0,0
2375,黑龙江省,第四野战军纪念馆,文化文物系统国有博物馆,未定级,是,565,14,1,5,20
2376,黑龙江省,东北烈士纪念馆（东北抗联博物馆、中共黑龙江历史纪念馆、革命领袖视察黑龙江纪念馆、东北抗联精神陈列馆）,文化文物系统国有博物馆,一级,是,13892,7240,54,59,18.0382
2377,黑龙江省,东宁市博物馆,文化文物系统国有博物馆,三级,是,5000,290,4,3,5.3001
2378,黑龙江省,东宁市要塞博物馆,文化文物系统国有博物馆,三级,是,2148,593,5,14,29.2871
2379,黑龙江省,杜尔伯特蒙古族自治县博物馆,文化文物系统国有博物馆,三级,是,6254,817,18,3,11.2
2380,黑龙江省,富锦市博物馆,文化文物系统国有博物馆,未定级,是,3697,1,10,6,38
2381,黑龙江省,富裕牧场柯尔克孜民俗馆,其他行业国有博物馆,未定级,是,624,0,0,0,0
2382,黑龙江省,富裕县博物馆,文化文物系统国有博物馆,未定级,是,477,24,10,25,3.2
2383,黑龙江省,哈尔滨冰雪文化博物馆,其他行业国有博物馆,未定级,是,24920,0,15,403,8.2506
2384,黑龙江省,哈尔滨城史文物馆,非国有博物馆,未定级,是,1403,0,1,3,5.3158
2385,黑龙江省,哈尔滨工业大学博物馆,其他行业国有博物馆,未定级,是,27030,0,19,367,20.367
2386,黑龙江省,哈尔滨历史博物馆,其他行业国有博物馆,未定级,是,4721,0,5,5,5.2626
2387,黑龙江省,哈尔滨龙江龙博物馆,非国有博物馆,未定级,是,343,0,5,0,0.78
2388,黑龙江省,哈尔滨三五将军文化博物馆,非国有博物馆,未定级,是,31500,0,6,186,5.8582
2389,黑龙江省,哈尔滨三五企业文化博物馆,非国有博物馆,未定级,是,2000,0,1,2,0.12
2390,黑龙江省,哈尔滨圣安齿科博物馆,非国有博物馆,未定级,是,1000,0,0,0,0
2391,黑龙江省,哈尔滨世纪汽车历史博物馆,非国有博物馆,二级,否,383,0,7,62,18.72
2392,黑龙江省,哈尔滨市阿城区金上京历史博物馆,文化文物系统国有博物馆,二级,是,3016,1116,6,18,33.5092
2393,黑龙江省,哈尔滨市八旗满族服饰博物馆,非国有博物馆,未定级,是,300,0,3,1,29.7741
2394,黑龙江省,"哈尔滨市博物馆（哈尔滨市文物保护中心,哈尔滨党史纪念馆）",文化文物系统国有博物馆,二级,是,101040,1307,26,212,104.4811
2395,黑龙江省,哈尔滨市朝鲜族民俗博物馆,文化文物系统国有博物馆,未定级,是,430,108,2,9,2.6222
2396,黑龙江省,哈尔滨市东宝地球矿物化石博物馆,非国有博物馆,未定级,是,2916,0,4,10,1.02
2397,黑龙江省,哈尔滨市凤跃俄罗斯油画美术馆,非国有博物馆,未定级,是,300,0,12,1,5.2
2398,黑龙江省,哈尔滨市呼兰区萧红故居纪念馆,文化文物系统国有博物馆,三级,是,1300,22,17,165,32
2399,黑龙江省,哈尔滨市华夏鞋文化博物馆,非国有博物馆,未定级,是,5200,232,3,0,0.195
2400,黑龙江省,哈尔滨市经典中俄美术馆,非国有博物馆,未定级,是,200,0,7,0,0.8
2401,黑龙江省,哈尔滨市南岗博物馆,文化文物系统国有博物馆,三级,是,946,340,11,63,19.14
2402,黑龙江省,哈尔滨市啓兵坊刀剑博物馆,非国有博物馆,未定级,是,191,0,2,2,1.95
2403,黑龙江省,哈尔滨市钱币博物馆,文化文物系统国有博物馆,三级,是,6438,542,1,212,72.8912
2404,黑龙江省,哈尔滨市侵华日军第七三一部队罪证陈列馆,文化文物系统国有博物馆,一级,是,104295,1061,7,83,310.1471
2405,黑龙江省,哈尔滨市日月星少数民族博物馆,非国有博物馆,未定级,是,0,0,0,0,0
2406,黑龙江省,哈尔滨市双城区博物馆,文化文物系统国有博物馆,未定级,是,428,19,1,0,20.8
2407,黑龙江省,哈尔滨市文园古生物化石博物馆,非国有博物馆,未定级,是,3000,0,0,0,0
2408,黑龙江省,哈尔滨市文园酒文化博物馆,非国有博物馆,未定级,是,5000,0,0,0,0
2409,黑龙江省,哈尔滨市于志学美术馆,非国有博物馆,未定级,是,365,0,0,0,0
2410,黑龙江省,哈尔滨音乐学院博物馆,其他行业国有博物馆,未定级,是,5936,0,5,6,0.045
2411,黑龙江省,哈军工纪念馆,其他行业国有博物馆,二级,是,12290,186,4,12,20
2412,黑龙江省,海伦市博物馆,文化文物系统国有博物馆,未定级,是,739,12,1,6,3.462
2413,黑龙江省,鹤岗城市记忆博物馆,文化文物系统国有博物馆,未定级,是,2310,5,1,94,13.7632
2414,黑龙江省,鹤岗市博物馆,文化文物系统国有博物馆,二级,是,10414,1129,5,33,28.15
2415,黑龙江省,黑河博物馆,文化文物系统国有博物馆,三级,是,8690,651,11,16,12.1685
2416,黑龙江省,黑河旅俄华侨纪念馆,文化文物系统国有博物馆,二级,是,4805,625,38,156,63.471
2417,黑龙江省,黑河市瑷珲记忆馆,非国有博物馆,未定级,是,500,0,3,5,0.05
2418,黑龙江省,黑河市瑷珲历史陈列馆,文化文物系统国有博物馆,一级,是,9560,2402,29,143,93.5745
2419,黑龙江省,黑河市城市规划历史陈列馆,其他行业国有博物馆,未定级,是,420,0,1,0,0.0062
2420,黑龙江省,黑河学院中苏抗战历史纪念馆,其他行业国有博物馆,未定级,是,960,0,1,5,0.35
2421,黑龙江省,黑河知青博物馆,文化文物系统国有博物馆,二级,是,14048,1193,6,4,46.8166
2422,黑龙江省,黑河中俄艺术陈列馆,文化文物系统国有博物馆,未定级,是,318,0,8,5,2.321
2423,黑龙江省,黑龙江北方民俗博物馆,非国有博物馆,二级,是,40744,0,30,90,52
2424,黑龙江省,黑龙江大学博物馆,其他行业国有博物馆,未定级,是,5000,249,13,20,2
2425,黑龙江省,黑龙江工程学院工程文化博物馆,其他行业国有博物馆,未定级,是,500,0,6,2,0.6
2426,黑龙江省,黑龙江国粹戏剧艺术博物馆,非国有博物馆,未定级,是,300,0,1,1,0.62
2427,黑龙江省,黑龙江韩建民中俄油画收藏馆,非国有博物馆,未定级,是,300,0,3,3,38.56
2428,黑龙江省,黑龙江红太阳展览馆,非国有博物馆,未定级,是,300,0,1,0,0.012
2429,黑龙江省,黑龙江佳艺鱼皮文化博物馆,非国有博物馆,未定级,是,5122,0,1,13,6
2430,黑龙江省,黑龙江流域博物馆,文化文物系统国有博物馆,二级,是,9200,193,14,25,35.3
2431,黑龙江省,黑龙江三五国防文化博物馆,非国有博物馆,未定级,是,3698,0,6,18,5.8582
2432,黑龙江省,黑龙江森林博物馆,其他行业国有博物馆,二级,是,6614,94,2,6,14.1987
2433,黑龙江省,黑龙江社稷古陶博物馆,非国有博物馆,未定级,是,300,0,1,4,0.8
2434,黑龙江省,黑龙江省爱民青铜器博物馆,非国有博物馆,未定级,是,302,0,1,0,0.2
2435,黑龙江省,黑龙江省北国农民书画艺术馆,非国有博物馆,未定级,是,400,0,12,3,0.12
2436,黑龙江省,黑龙江省博物馆,文化文物系统国有博物馆,一级,是,217575,11956,36,209,122.1173
2437,黑龙江省,黑龙江省渤海上京遗址博物馆,文化文物系统国有博物馆,三级,否,3260,920,3,12,6.26
2438,黑龙江省,黑龙江省春红昆虫博物馆,非国有博物馆,未定级,是,699,0,1,5,0.3
2439,黑龙江省,黑龙江省道合满族火锅文化博物馆,非国有博物馆,未定级,是,500,0,1,0,0.0358
2440,黑龙江省,黑龙江省地质资料档案馆（黑龙江省地质博物馆）,其他行业国有博物馆,未定级,是,49500,0,7,17,7
2441,黑龙江省,黑龙江省甘南县金代长城博物馆,文化文物系统国有博物馆,未定级,是,833,50,4,2,0.085
2442,黑龙江省,黑龙江省浩源地方文献博物馆,非国有博物馆,未定级,是,1000,0,4,12,1.3
2443,黑龙江省,黑龙江省计量博物馆,其他行业国有博物馆,未定级,是,2000,0,6,1,0.12
2444,黑龙江省,黑龙江省龙人知青文化博物馆,非国有博物馆,未定级,是,388,0,2,2,0.93
2445,黑龙江省,黑龙江省民族博物馆,文化文物系统国有博物馆,一级,是,6164,2176,9,264,44.9263
2446,黑龙江省,黑龙江省政府旧址陈列馆,文化文物系统国有博物馆,未定级,是,30,5,2,2,10
2447,黑龙江省,黑龙江同镇艺术博物馆,非国有博物馆,未定级,是,2315,0,1,0,0.22
2448,黑龙江省,黑龙江伍连德纪念馆,其他行业国有博物馆,未定级,是,76,0,4,0,0.2117
2449,黑龙江省,黑龙江艺术职业学院校史馆（黑龙江省艺术博物馆）,其他行业国有博物馆,未定级,是,1484,0,5,0,0.4891
2450,黑龙江省,黑龙江邮政博物馆,其他行业国有博物馆,未定级,是,11467,64,5,18,0.5311
2451,黑龙江省,黑龙江中医药博物馆,其他行业国有博物馆,未定级,是,30300,0,2,17,0.8064
2452,黑龙江省,红兴隆博物馆,其他行业国有博物馆,未定级,是,8248,62,0,0,0
2453,黑龙江省,呼玛博物馆,文化文物系统国有博物馆,未定级,是,1631,4,10,7,2.8056
2454,黑龙江省,虎林市森之源博物馆,非国有博物馆,未定级,是,3008,39,1,15,1.2688
2455,黑龙江省,桦川县博物馆,文化文物系统国有博物馆,未定级,是,231,36,1,42,0.89
2456,黑龙江省,桦南县博物馆,文化文物系统国有博物馆,三级,是,5377,367,14,29,17.38
2457,黑龙江省,鸡西市博物馆（鸡西市侵华日军罪证陈列馆）,文化文物系统国有博物馆,二级,是,13374,520,27,10,33.129
2458,黑龙江省,鸡西市东北民俗博物馆,非国有博物馆,未定级,是,43042,1,4,10,1.2365
2459,黑龙江省,鸡西市小四平山博物馆,非国有博物馆,未定级,是,10495,0,1,1,1.53
2460,黑龙江省,鸡西市兴凯湖民俗石器博物馆,文化文物系统国有博物馆,未定级,是,369,0,1,16,0.3
2461,黑龙江省,集贤县文博馆,其他行业国有博物馆,未定级,是,11,0,1,1,2.9
2462,黑龙江省,佳木斯市博物馆,文化文物系统国有博物馆,二级,是,11489,535,32,40,34.092
2463,黑龙江省,嘉荫县博物馆,文化文物系统国有博物馆,未定级,是,358,3,6,5,0.0505
2464,黑龙江省,嘉荫县神州恐龙博物馆,其他行业国有博物馆,三级,是,813,117,12,50,21
2465,黑龙江省,郊区赫哲族文博馆,文化文物系统国有博物馆,未定级,是,269,9,10,1,7.1
2466,黑龙江省,九三博物馆,其他行业国有博物馆,未定级,是,61,0,1,0,0.03
2467,黑龙江省,克山县毛岸青纪念馆,其他行业国有博物馆,未定级,是,2803,58,1,4,1.8372
2468,黑龙江省,拉哈苏苏海关旧址博物馆,其他行业国有博物馆,未定级,是,204,9,1,10,1.5
2469,黑龙江省,兰西锡伯民族博物馆,非国有博物馆,未定级,是,430,0,2,1,6.9
2470,黑龙江省,兰西县挂钱博物馆,文化文物系统国有博物馆,未定级,是,308,30,8,60,4.86
2471,黑龙江省,梨树博物馆,文化文物系统国有博物馆,未定级,是,302,12,1,120,4.62
2472,黑龙江省,李兆麟将军纪念馆,文化文物系统国有博物馆,未定级,是,171,0,2,10,2.1
2473,黑龙江省,林甸东北国防文化博物馆,非国有博物馆,未定级,是,1002,136,3,3,0.45
2474,黑龙江省,林口县博物馆,文化文物系统国有博物馆,未定级,是,5168,503,16,35,8.7541
2475,黑龙江省,柳河五七干校历史博物馆,其他行业国有博物馆,未定级,是,191,36,10,0,0.35
2476,黑龙江省,龙江县博物馆,文化文物系统国有博物馆,未定级,是,1751,540,13,2,3.1
2477,黑龙江省,马永顺纪念馆,其他行业国有博物馆,未定级,是,3000,84,4,170,2.887
2478,黑龙江省,密山市博物馆（密山市东北老航校纪念馆）,文化文物系统国有博物馆,未定级,是,1108,47,13,11,15.2
2479,黑龙江省,漠河鄂伦春民族博物馆,文化文物系统国有博物馆,未定级,是,547,17,1,5,5.9127
2480,黑龙江省,漠河市五六火灾纪念馆,文化文物系统国有博物馆,三级,是,113,0,1,14,29.7781
2481,黑龙江省,牡丹江市博物馆和烈士纪念馆,其他行业国有博物馆,三级,是,4574,58,5,20,7.198
2482,黑龙江省,牡丹江市新时代年画博物馆,非国有博物馆,未定级,是,2405,0,6,0,0.22
2483,黑龙江省,木兰县博物馆,文化文物系统国有博物馆,未定级,是,654,188,15,9,0.8
2484,黑龙江省,穆棱市博物馆,文化文物系统国有博物馆,未定级,是,430,70,5,2,1.5347
2485,黑龙江省,穆棱市抗日战争纪念馆,非国有博物馆,未定级,是,431,0,3,3,0.19
2486,黑龙江省,讷河市博物馆,文化文物系统国有博物馆,未定级,是,1005,91,6,2,3.36
2487,黑龙江省,嫩江市博物馆,文化文物系统国有博物馆,未定级,是,69,37,1,15,19.82
2488,黑龙江省,嫩江市墨尔根古道驿站博物馆,文化文物系统国有博物馆,二级,是,1601,87,10,21,19.82
2489,黑龙江省,宁安市马骏纪念馆,文化文物系统国有博物馆,未定级,是,177,73,12,19,17.46
2490,黑龙江省,宁安市宁古塔历史文化博物馆,文化文物系统国有博物馆,未定级,是,255,0,3,16,7.52
2491,黑龙江省,七台河市博物馆,文化文物系统国有博物馆,未定级,是,1022,142,8,24,8.2536
2492,黑龙江省,齐齐哈尔市博物馆,文化文物系统国有博物馆,二级,是,5746,847,12,15,15
2493,黑龙江省,齐齐哈尔市红太阳博物馆,非国有博物馆,未定级,是,3000,0,7,0,1.915
2494,黑龙江省,齐齐哈尔市文亮艺术博物馆,非国有博物馆,未定级,是,1016,0,7,20,2.607
2495,黑龙江省,齐齐哈尔市阳光相机收藏博物馆,非国有博物馆,未定级,是,420,0,1,1,0.1
2496,黑龙江省,侵华日军虎头要塞博物馆,文化文物系统国有博物馆,二级,是,10000,114,5,22,46.562
2497,黑龙江省,青冈县第四纪东北野牛化石博物馆,非国有博物馆,未定级,是,400,0,1,1,0.012
2498,黑龙江省,青冈县第四纪古生物化石博物馆,文化文物系统国有博物馆,未定级,是,312,12,1,35,8.266
2499,黑龙江省,青冈县马玉祥纪念馆,文化文物系统国有博物馆,未定级,是,1419,9,1,28,9.875
2500,黑龙江省,庆安县博物馆,文化文物系统国有博物馆,未定级,是,1052,108,5,2,2.985
2501,黑龙江省,庆安县朝鲜族博物馆,文化文物系统国有博物馆,未定级,是,80,0,1,1,1.405
2502,黑龙江省,饶河县博物馆,文化文物系统国有博物馆,未定级,是,350,33,11,9,1.7
2503,黑龙江省,人民音乐家郑律成纪念馆,文化文物系统国有博物馆,未定级,是,605,86,4,10,2.6222
2504,黑龙江省,十八站古驿道驿站博物馆,其他行业国有博物馆,未定级,是,1000,0,0,0,0
2505,黑龙江省,双鸭山市博物馆,文化文物系统国有博物馆,三级,是,8706,501,18,12,10.83
2506,黑龙江省,松江省史迹陈列馆,文化文物系统国有博物馆,未定级,是,1500,0,1,10,0.55
2507,黑龙江省,绥滨县博物馆,文化文物系统国有博物馆,未定级,是,1373,75,4,8,0.1561
2508,黑龙江省,绥芬河红色国际通道纪念馆,文化文物系统国有博物馆,未定级,是,121,16,4,3,5.2412
2509,黑龙江省,绥芬河市博物馆,文化文物系统国有博物馆,三级,是,2550,413,23,20,42.0619
2510,黑龙江省,绥化市博物馆,文化文物系统国有博物馆,三级,是,6915,239,9,17,30
2511,黑龙江省,绥化市泥河陶艺陈列馆,非国有博物馆,未定级,是,1200,3,1,2,2.8
2512,黑龙江省,绥棱县博物馆,文化文物系统国有博物馆,未定级,是,600,221,4,8,6.442
2513,黑龙江省,孙吴抗日战争纪念馆,非国有博物馆,未定级,是,8000,0,2,1,0.8
2514,黑龙江省,孙吴日本侵华罪证陈列馆,文化文物系统国有博物馆,三级,是,2102,154,9,6,1.9742
2515,黑龙江省,孙吴胜山要塞博物馆,文化文物系统国有博物馆,未定级,是,55,0,1,3,0.856
2516,黑龙江省,孙吴县闯关东纪念馆,文化文物系统国有博物馆,未定级,是,270,4,4,0,0.12
2517,黑龙江省,孙吴县侵华日军军人会馆遗址陈列馆,文化文物系统国有博物馆,未定级,是,180,0,2,6,1.9742
2518,黑龙江省,泰来九八抗洪纪念馆,文化文物系统国有博物馆,未定级,是,400,0,1,0,2.3994
2519,黑龙江省,泰来塔子城遗址博物馆,文化文物系统国有博物馆,未定级,是,400,2,1,2,2.76
2520,黑龙江省,泰来县博物馆,文化文物系统国有博物馆,未定级,是,1965,205,1,6,2.7
2521,黑龙江省,泰来县江桥抗战纪念馆,文化文物系统国有博物馆,未定级,是,725,3,2,6,12
2522,黑龙江省,汤原县博物馆,文化文物系统国有博物馆,二级,是,6702,873,26,95,52.3143
2523,黑龙江省,汤原县引汤工程纪念馆,其他行业国有博物馆,未定级,是,1705,23,7,10,1.5446
2524,黑龙江省,桃山博物馆,其他行业国有博物馆,未定级,是,3013,123,4,3,0.63
2525,黑龙江省,铁力市博物馆,文化文物系统国有博物馆,未定级,是,1056,106,4,59,7.4
2526,黑龙江省,同江市博物馆,文化文物系统国有博物馆,三级,是,4330,527,5,8,15.1269
2527,黑龙江省,图强林业博物馆,其他行业国有博物馆,三级,是,3050,9,0,0,0
2528,黑龙江省,王爷府民俗博物馆,其他行业国有博物馆,未定级,是,571,0,3,2,0.05
2529,黑龙江省,王以哲将军纪念馆,文化文物系统国有博物馆,未定级,是,23,0,1,20,1.8653
2530,黑龙江省,望奎县林枫同志故居纪念馆（望奎博物馆）,文化文物系统国有博物馆,三级,是,10137,312,11,8,10.73
2531,黑龙江省,望奎县满族博物馆,文化文物系统国有博物馆,二级,是,16003,1625,2,2,3.44
2532,黑龙江省,吴大澂纪念馆,文化文物系统国有博物馆,未定级,是,410,155,3,11,0.2123
2533,黑龙江省,梧桐河抗联纪念馆,其他行业国有博物馆,未定级,是,61,61,1,1,1.3
2534,黑龙江省,五常市京旗文化博物馆（拉林副都统衙门）,文化文物系统国有博物馆,未定级,是,59,0,1,7,0.236
2535,黑龙江省,五大连池世界地质公园博物馆,文化文物系统国有博物馆,二级,是,22,22,8,6,42.3108
2536,黑龙江省,五大连池市博物馆,文化文物系统国有博物馆,未定级,是,1127,35,7,2,2.6931
2537,黑龙江省,西满英烈纪念馆,其他行业国有博物馆,未定级,是,511,35,1,1,4.93
2538,黑龙江省,新开流文化陈列馆,文化文物系统国有博物馆,未定级,是,0,0,0,0,0
2539,黑龙江省,新林区开发文化博物馆,文化文物系统国有博物馆,未定级,是,1337,0,1,5,0.315
2540,黑龙江省,逊克县鄂伦春民族博物馆,文化文物系统国有博物馆,未定级,是,1157,254,13,1,1
2541,黑龙江省,延寿县历史博物馆,文化文物系统国有博物馆,未定级,是,95,44,0,0,0
2542,黑龙江省,杨子荣纪念馆,文化文物系统国有博物馆,未定级,是,318,171,3,23,40.238
2543,黑龙江省,伊春林都文化博物馆,非国有博物馆,未定级,是,3800,0,3,20,2.2
2544,黑龙江省,伊春森林博物馆,其他行业国有博物馆,二级,是,13321,0,7,12,19
2545,黑龙江省,伊春市博物馆,文化文物系统国有博物馆,二级,是,10506,511,15,33,26.1
2546,黑龙江省,依安陶瓷博物馆,其他行业国有博物馆,未定级,是,675,0,1,1,0.5609
2547,黑龙江省,依兰县博物馆,文化文物系统国有博物馆,未定级,是,10234,331,9,23,15.5
2548,黑龙江省,友谊县友谊博物馆,文化文物系统国有博物馆,未定级,是,4316,7,11,2,1.3722
2549,黑龙江省,远东林木博物馆,文化文物系统国有博物馆,三级,是,803,2,4,2,1.3268
2550,黑龙江省,张闻天工作室旧址纪念馆,文化文物系统国有博物馆,未定级,是,45,0,5,8,6.41
2551,黑龙江省,赵尚志赵一曼烈士纪念馆,文化文物系统国有博物馆,未定级,是,86,84,1,12,28.5
2552,黑龙江省,肇东市博物馆,文化文物系统国有博物馆,未定级,是,160,160,2,2,1.45
2553,黑龙江省,肇源博物馆,文化文物系统国有博物馆,三级,是,5111,732,16,8,8.26
2554,黑龙江省,肇州县博物馆,文化文物系统国有博物馆,未定级,是,3031,20,12,20,10.8
2555,黑龙江省,中东铁路博物馆,文化文物系统国有博物馆,三级,是,1274,59,4,6,54.63
2556,黑龙江省,中东铁路历史文化穆棱陈列馆,文化文物系统国有博物馆,未定级,是,1412,63,5,4,2.8068
2557,黑龙江省,中俄友好纪念馆,文化文物系统国有博物馆,未定级,是,380,0,1,1,1.0264
2558,黑龙江省,中共北满分局旧址及史迹陈列馆,文化文物系统国有博物馆,未定级,是,368,98,1,22,2.93
2559,黑龙江省,中共黑龙江省工作委员会旧址陈列馆,文化文物系统国有博物馆,未定级,是,28,13,1,3,15
2560,黑龙江省,中共满洲省委机关旧址纪念馆,文化文物系统国有博物馆,未定级,是,28,0,2,29,6.0211
2561,黑龙江省,中国青年志愿垦荒纪念馆,其他行业国有博物馆,未定级,是,3500,59,2,50,0.7694
2562,黑龙江省,中国书法文化博物馆（尚志市碑林管理处）,文化文物系统国有博物馆,三级,是,11160,1181,22,12,28.5
2563,湖北省,安陆市博物馆,文化文物系统国有博物馆,未定级,是,5564,217,3,9,15.51
2564,湖北省,安陆市李白纪念馆,文化文物系统国有博物馆,未定级,是,415,0,3,20,21.2285
2565,湖北省,八路军武汉办事处旧址纪念馆（汉口新四军军部旧址纪念馆）,文化文物系统国有博物馆,三级,是,4970,8,22,35,37.9376
2566,湖北省,八七会议会址纪念馆,文化文物系统国有博物馆,三级,是,782,7,7,34,33.4089
2567,湖北省,巴东县博物馆,文化文物系统国有博物馆,二级,是,11349,449,6,10,27.8443
2568,湖北省,保康县博物馆,文化文物系统国有博物馆,未定级,是,2309,1,5,5,4.1327
2569,湖北省,保康县尧治河博物馆,非国有博物馆,未定级,否,1756,0,2,428,36.15
2570,湖北省,赤壁市博物馆,文化文物系统国有博物馆,三级,是,19953,96,4,15,14.8688
2571,湖北省,崇阳县博物馆,文化文物系统国有博物馆,未定级,是,734,46,5,12,27.9
2572,湖北省,大悟县革命博物馆,文化文物系统国有博物馆,三级,是,2294,105,10,18,15.3628
2573,湖北省,大悟县新四军第五师纪念馆,文化文物系统国有博物馆,未定级,是,37,31,5,298,31.5
2574,湖北省,大悟县徐海东故居及亲属烈士纪念馆,文化文物系统国有博物馆,未定级,是,0,0,2,35,11.5
2575,湖北省,大悟县中原突围纪念馆,文化文物系统国有博物馆,未定级,是,311,81,9,51,68.5648
2576,湖北省,大冶市博物馆,文化文物系统国有博物馆,未定级,是,3155,609,1,9,4.325
2577,湖北省,大冶铁矿博物馆,其他行业国有博物馆,未定级,否,0,0,0,0,0
2578,湖北省,丹江口市博物馆,文化文物系统国有博物馆,三级,是,22007,2562,6,255,12.2323
2579,湖北省,当阳博物馆,文化文物系统国有博物馆,未定级,否,6490,348,3,2,4.9871
2580,湖北省,当阳市淯溪民俗博物馆,文化文物系统国有博物馆,未定级,是,1700,0,7,54,3.83
2581,湖北省,东湖荷花博物馆,其他行业国有博物馆,未定级,否,721,0,1,0,0
2582,湖北省,东湖毛泽东故居陈列馆,其他行业国有博物馆,未定级,是,951,0,1,26,3.4928
2583,湖北省,鄂菜博物馆,其他行业国有博物馆,未定级,是,317,0,3,5,1.3458
2584,湖北省,鄂州市博物馆,文化文物系统国有博物馆,一级,是,80252,4751,24,149,40.8597
2585,湖北省,鄂州市临空经济区民俗文化博物馆,非国有博物馆,未定级,是,412,0,2,8,0.5012
2586,湖北省,恩施市巴蜀民族民俗文化博物馆,非国有博物馆,未定级,是,1905,0,1,1,3.1058
2587,湖北省,恩施市博物馆,文化文物系统国有博物馆,三级,是,730,38,7,10,22.1842
2588,湖北省,恩施市夷水民族民俗博物馆,非国有博物馆,未定级,是,1851,0,5,2,0.5621
2589,湖北省,恩施土家族苗族自治州博物馆,文化文物系统国有博物馆,一级,是,112590,511,16,78,53.5745
2590,湖北省,房县博物馆,文化文物系统国有博物馆,二级,是,2046,247,6,12,11.4685
2591,湖北省,房县汉唐古砖石雕博物馆,非国有博物馆,未定级,是,4000,23,3,17,2.656
2592,湖北省,公安县博物馆,文化文物系统国有博物馆,未定级,是,1323,522,2,2,40.562
2593,湖北省,谷城县博物馆,文化文物系统国有博物馆,未定级,是,1582,177,4,10,1.86
2594,湖北省,广水市博物馆,文化文物系统国有博物馆,未定级,是,984,207,3,42,8.6781
2595,湖北省,汉川市博物馆,文化文物系统国有博物馆,未定级,是,3243,43,10,11,4.9702
2596,湖北省,汉口中华全国总工会旧址纪念馆,其他行业国有博物馆,未定级,是,698,0,2,215,5.3713
2597,湖北省,鹤峰县博物馆,文化文物系统国有博物馆,三级,是,15962,93,5,6,12.8975
2598,湖北省,横渡长江博物馆,其他行业国有博物馆,未定级,是,763,0,3,11,9.593
2599,湖北省,红安县博物馆（七里坪革命纪念馆、董必武故居纪念馆）,文化文物系统国有博物馆,未定级,是,14937,116,8,22,26.4017
2600,湖北省,红三军团建军纪念馆,文化文物系统国有博物馆,未定级,是,16,0,2,16,8.6432
2601,湖北省,洪湖市博物馆（洪湖市湘鄂西革命根据地旧址纪念馆、洪湖市文物保护中心）,文化文物系统国有博物馆,未定级,是,7610,543,20,8,90.3687
2602,湖北省,湖北大学博物馆,其他行业国有博物馆,未定级,是,6396,245,12,5,0.4879
2603,湖北省,湖北地质博物馆,其他行业国有博物馆,三级,是,18054,0,10,59,8.321
2604,湖北省,湖北佳和当代艺术博物馆,非国有博物馆,未定级,是,390,0,2,0,0.8
2605,湖北省,湖北警察史博物馆,其他行业国有博物馆,未定级,是,2309,3,2,1,1.187
2606,湖北省,湖北军民抗战博物馆,非国有博物馆,未定级,是,594,0,6,37,2.48
2607,湖北省,湖北考古博物馆,文化文物系统国有博物馆,未定级,是,11058,0,12,8,0.714
2608,湖北省,湖北明清古建筑博物馆,文化文物系统国有博物馆,二级,是,25463,1329,24,28,20.6748
2609,湖北省,湖北省博物馆,文化文物系统国有博物馆,一级,是,461539,38856,33,1169,505.8282
2610,湖北省,湖北省电力博物馆,其他行业国有博物馆,未定级,是,9604,298,2,68,3.8569
2611,湖北省,湖北省兰文化博物馆,非国有博物馆,未定级,是,1000,0,17,6,2.63
2612,湖北省,湖北逸龙崖柏文化博物馆,非国有博物馆,未定级,是,890,0,1,0,0.1015
2613,湖北省,湖北音乐博物馆,其他行业国有博物馆,未定级,是,40154,18,3,25,0.6
2614,湖北省,湖北邮政文史展馆,其他行业国有博物馆,未定级,是,589,0,1,4,0.0985
2615,湖北省,华中农业大学博物馆,其他行业国有博物馆,二级,是,310006,0,4,97,12
2616,湖北省,华中师范大学博物馆,其他行业国有博物馆,三级,是,270213,326,15,5,11.8
2617,湖北省,黄冈革命纪念馆,其他行业国有博物馆,未定级,是,189,0,2,648,51.0411
2618,湖北省,黄冈市博物馆,文化文物系统国有博物馆,二级,是,41277,1182,16,85,47.112
2619,湖北省,黄冈市黄州区陈潭秋故居纪念馆,文化文物系统国有博物馆,未定级,是,4,0,4,2,52.3915
2620,湖北省,黄冈市民俗博物馆,文化文物系统国有博物馆,未定级,是,1550,0,6,41,4.8976
2621,湖北省,黄麻起义和鄂豫皖苏区革命纪念馆,其他行业国有博物馆,二级,是,5193,140,15,15,231.526
2622,湖北省,黄梅县博物馆,文化文物系统国有博物馆,未定级,是,18144,125,6,48,49.7027
2623,湖北省,黄石市博物馆,文化文物系统国有博物馆,二级,是,29372,1006,12,87,26.954
2624,湖北省,黄州区博物馆,文化文物系统国有博物馆,三级,是,3563,609,8,16,21.359
2625,湖北省,嘉鱼县博物馆,文化文物系统国有博物馆,三级,是,6583,8,5,60,10.5
2626,湖北省,监利市革命历史博物馆（周老嘴湘鄂西革命根据地纪念馆）,文化文物系统国有博物馆,三级,是,5464,345,3,9,53.8522
2627,湖北省,建始县博物馆,文化文物系统国有博物馆,三级,是,2316,182,4,6,10.0512
2628,湖北省,建筑博物馆,其他行业国有博物馆,未定级,是,323,0,9,18,23.6163
2629,湖北省,江汉关博物馆（武汉国民政府旧址纪念馆、詹天佑故居博物馆）,文化文物系统国有博物馆,二级,是,4152,385,15,22,59.6485
2630,湖北省,江陵县博物馆,文化文物系统国有博物馆,未定级,是,2066,0,2,2,17.0344
2631,湖北省,京山市博物馆,文化文物系统国有博物馆,三级,是,24277,493,5,16,6.1723
2632,湖北省,荆门市博物馆,文化文物系统国有博物馆,二级,是,63187,1019,15,109,35.2562
2633,湖北省,荆门市屈家岭遗址博物馆,文化文物系统国有博物馆,未定级,是,1095,0,1,18,9.3327
2634,湖北省,荆门伟铭博物馆,非国有博物馆,未定级,是,302,0,2,0,0.5321
2635,湖北省,荆州博物馆,文化文物系统国有博物馆,一级,是,199903,18175,16,44,210.8327
2636,湖北省,荆州市荆楚非物质文化遗产博物馆,非国有博物馆,未定级,否,757,0,6,31,1.7712
2637,湖北省,荆州市荆州区博物馆,文化文物系统国有博物馆,未定级,是,5543,65,2,0,23.21
2638,湖北省,空降兵军史馆,其他行业国有博物馆,二级,是,12513,0,18,38,22.6783
2639,湖北省,来凤县民族博物馆,文化文物系统国有博物馆,未定级,是,1404,158,13,67,13.2297
2640,湖北省,老河口市博物馆,文化文物系统国有博物馆,未定级,是,4067,165,2,12,21.6558
2641,湖北省,李先念故居纪念馆(红安长丰纪念馆),文化文物系统国有博物馆,未定级,是,36,4,3,2,30.2969
2642,湖北省,梁子湖张裕钊书法文化博物馆,非国有博物馆,未定级,是,389,0,6,39,7.4217
2643,湖北省,罗田县文物局（罗田县博物馆）,文化文物系统国有博物馆,三级,是,9025,179,3,13,33.3209
2644,湖北省,麻城市博物馆,文化文物系统国有博物馆,三级,是,12634,134,3,39,50.223
2645,湖北省,麻城市乘马会馆纪念馆(中央农民运动讲习所学生军指挥部旧址,文化文物系统国有博物馆,未定级,是,47,0,5,206,45.1773
2646,湖北省,米芾纪念馆,文化文物系统国有博物馆,未定级,否,203,0,7,26,9.95
2647,湖北省,南山头革命纪念馆,文化文物系统国有博物馆,未定级,是,43,0,1,13,8.2976
2648,湖北省,南漳县博物馆,文化文物系统国有博物馆,未定级,是,1594,73,2,18,23.75
2649,湖北省,盘龙城遗址博物院,文化文物系统国有博物馆,未定级,是,2304,200,27,151,94.597
2650,湖北省,蕲春县博物馆,文化文物系统国有博物馆,未定级,是,5101,622,6,5,30.1435
2651,湖北省,蕲春县李时珍纪念馆,文化文物系统国有博物馆,三级,是,334,8,2,218,149.9867
2652,湖北省,钱学森与武汉生物工程学院博物馆,非国有博物馆,三级,是,642,0,2,155,3.227
2653,湖北省,潜江市博物馆,文化文物系统国有博物馆,三级,是,15517,192,5,21,27.3593
2654,湖北省,潜江市餐饮历史博物馆,非国有博物馆,未定级,是,475,0,1,4,3.45
2655,湖北省,潜江市曹禺纪念馆,文化文物系统国有博物馆,三级,是,512,44,8,9,19.8
2656,湖北省,潜江市曹禺祖居博物馆,文化文物系统国有博物馆,未定级,是,493,0,12,9,18.3
2657,湖北省,潜江市龙湾遗址博物院,文化文物系统国有博物馆,未定级,否,367,0,5,13,51.3692
2658,湖北省,桥梁博物馆,其他行业国有博物馆,未定级,是,2082,0,9,217,10.039
2659,湖北省,硚口民族工业博物馆,其他行业国有博物馆,未定级,是,126,0,4,13,1.3343
2660,湖北省,三峡工程博物馆,其他行业国有博物馆,未定级,是,5600,134,9,325,55.3307
2661,湖北省,沙洋油菜博物馆,非国有博物馆,未定级,是,566,0,3,50,12.4319
2662,湖北省,神农架林区林业历史馆,其他行业国有博物馆,未定级,是,260,0,4,1,0.031
2663,湖北省,神农架自然博物馆,文化文物系统国有博物馆,三级,是,1857,7,15,11,17.1
2664,湖北省,施洋烈士纪念馆,其他行业国有博物馆,未定级,是,41,0,11,45,1.1379
2665,湖北省,十堰市博物馆,文化文物系统国有博物馆,二级,是,39127,478,12,44,37.8936
2666,湖北省,石首市博物馆,文化文物系统国有博物馆,未定级,是,3988,895,4,16,7.5
2667,湖北省,首义元勋张振武纪念馆,其他行业国有博物馆,未定级,是,260,0,1,47,0.8759
2668,湖北省,松滋市博物馆（松滋市贺炳炎同志纪念馆）,文化文物系统国有博物馆,未定级,是,2,2,2,4,21.06
2669,湖北省,宋庆龄汉口旧居纪念馆,非国有博物馆,未定级,是,188,0,4,41,34.1719
2670,湖北省,苏东坡纪念馆,其他行业国有博物馆,未定级,是,318,0,5,448,9.3575
2671,湖北省,随县博物馆,文化文物系统国有博物馆,未定级,是,438,7,1,1,1.0059
2672,湖北省,随州市博物馆,文化文物系统国有博物馆,一级,是,10183,1674,13,18,30.8175
2673,湖北省,随州市曾都区九口堰新四军第五师革命旧址纪念馆,文化文物系统国有博物馆,未定级,是,1380,0,2,43,42
2674,湖北省,随州市曾侯乙墓遗址博物馆,文化文物系统国有博物馆,未定级,否,58,0,1,7,1.7317
2675,湖北省,随州市久洲艺术博物馆,非国有博物馆,未定级,是,4026,0,3,1,1.352
2676,湖北省,天门市博物馆,文化文物系统国有博物馆,三级,是,26291,161,11,21,29.83
2677,湖北省,通城县博物馆,文化文物系统国有博物馆,三级,是,5118,30,4,58,23.22
2678,湖北省,通山县博物馆,文化文物系统国有博物馆,三级,是,11691,54,5,12,10.7351
2679,湖北省,铜绿山古铜矿遗址博物馆,文化文物系统国有博物馆,未定级,是,10010,160,9,115,54.9623
2680,湖北省,团风县博物馆,文化文物系统国有博物馆,未定级,是,1898,0,7,20,11.633
2681,湖北省,王昭君纪念馆,其他行业国有博物馆,未定级,否,17,0,1,116,16.6858
2682,湖北省,问津博物馆,文化文物系统国有博物馆,未定级,是,364,0,7,11,13.5433
2683,湖北省,五峰土家族自治县民族博物馆,文化文物系统国有博物馆,未定级,是,2220,26,1,5,9.4784
2684,湖北省,武当山旅游经济特区博物馆,文化文物系统国有博物馆,二级,是,2668,1500,10,15,16.8663
2685,湖北省,武钢博物馆,其他行业国有博物馆,未定级,是,799,18,0,0,0
2686,湖北省,武汉白求恩纪念馆,其他行业国有博物馆,未定级,是,191,0,1,27,0.1026
2687,湖北省,武汉博物馆,文化文物系统国有博物馆,一级,是,52953,16493,31,85,56.7834
2688,湖北省,武汉谌安明蝴蝶博物馆,非国有博物馆,未定级,是,40000,0,28,272,2.839
2689,湖北省,武汉楚天黄民俗博物馆,非国有博物馆,未定级,是,600,0,5,0,0.015
2690,湖北省,武汉达临性学博物馆,非国有博物馆,未定级,否,3181,1,3,10,3.5
2691,湖北省,武汉大唐陶瓷博物馆,非国有博物馆,未定级,是,1555,0,1,2,2
2692,湖北省,武汉大学万林艺术博物馆,其他行业国有博物馆,二级,是,15361,0,6,7,70
2693,湖北省,武汉大余湾社区博物馆,非国有博物馆,未定级,是,300,0,10,20,12
2694,湖北省,武汉点点打字机博物馆,非国有博物馆,未定级,是,0,0,0,0,0
2695,湖北省,武汉东湖梅花博物馆,其他行业国有博物馆,未定级,否,335,0,1,0,16.3
2696,湖北省,武汉二七纪念馆,其他行业国有博物馆,三级,是,5700,20,3,992,18.3202
2697,湖北省,武汉凡氏老相机博物馆,非国有博物馆,未定级,是,310,0,2,1,0.4896
2698,湖北省,武汉高龙博物馆,非国有博物馆,未定级,是,155,0,1,3,4.66
2699,湖北省,武汉革命博物馆,文化文物系统国有博物馆,一级,是,27999,1005,24,134,241.832
2700,湖北省,武汉汉绣博物馆,非国有博物馆,未定级,是,300,0,1,1,4.45
2701,湖北省,武汉汉正街博物馆,其他行业国有博物馆,未定级,是,515,0,0,0,0
2702,湖北省,武汉壶语堂博物馆,非国有博物馆,未定级,是,3300,0,13,10,5
2703,湖北省,武汉槐川博物馆,非国有博物馆,未定级,是,415,0,14,5,5.136
2704,湖北省,武汉金楠雅苑金丝楠木博物馆,非国有博物馆,未定级,是,1002,0,7,2,9.8867
2705,湖北省,武汉经济技术开发区（汉南区）博物馆,文化文物系统国有博物馆,未定级,是,112,0,1,4,2.7987
2706,湖北省,武汉荆楚金石博物馆,非国有博物馆,未定级,是,448,0,8,80,0.78
2707,湖北省,武汉警察博物馆,其他行业国有博物馆,未定级,是,6000,0,6,218,8.7608
2708,湖北省,武汉康思农蜜蜂博物馆,非国有博物馆,未定级,是,1250,0,9,74,4.801
2709,湖北省,武汉蓝鼎和鼻烟壶博物馆,非国有博物馆,未定级,是,368,0,2,0,1.9
2710,湖北省,武汉老门茶器博物馆,非国有博物馆,未定级,是,405,0,2,2,2
2711,湖北省,武汉黎黄陂文化博物馆,非国有博物馆,未定级,是,346,0,3,17,1.642
2712,湖北省,武汉李庄古建筑博物馆,非国有博物馆,未定级,是,1282,0,10,4,16.7519
2713,湖北省,武汉龙源红色报刊博物馆,非国有博物馆,未定级,是,380,0,2,28,3.4083
2714,湖北省,武汉奇石文化博物馆,其他行业国有博物馆,未定级,是,3553,0,1,49,3.28
2715,湖北省,武汉巧巧扑克牌博物馆,非国有博物馆,未定级,是,0,0,0,0,0
2716,湖北省,武汉琴台钢琴博物馆,非国有博物馆,三级,否,303,0,8,32,6.6528
2717,湖北省,武汉三汉雕塑艺术博物馆,非国有博物馆,未定级,是,426,0,2,7,0.3087
2718,湖北省,武汉市蔡甸区博物馆,文化文物系统国有博物馆,未定级,是,358,208,2,12,1.34
2719,湖北省,武汉市陈氏酒文化博物馆,非国有博物馆,未定级,是,524,0,2,0,0.022
2720,湖北省,武汉市德森地契博物馆,非国有博物馆,未定级,是,43321,0,1,11,14.56
2721,湖北省,武汉市蜂之巢蜜蜂博物馆,非国有博物馆,未定级,是,304,0,6,60,2.2
2722,湖北省,武汉市黄陂区博物馆,文化文物系统国有博物馆,未定级,是,1314,333,1,4,1.5
2723,湖北省,武汉市黄陂区桃源集儿童博物馆,非国有博物馆,未定级,否,326,0,3,110,7
2724,湖北省,武汉市江城印象民俗博物馆,非国有博物馆,未定级,是,2195,0,17,20,5.2
2725,湖北省,武汉市江夏区博物馆（武汉市江夏区文物管理所）,文化文物系统国有博物馆,未定级,是,3067,526,1,5,7.1
2726,湖北省,武汉市精益眼镜博物馆,非国有博物馆,未定级,是,400,0,9,0,1.2879
2727,湖北省,武汉市青菱文农艺术博物馆,非国有博物馆,未定级,是,13477,0,2,18,1.0261
2728,湖北省,武汉市晴川阁管理处（武汉大禹文化博物馆）,文化文物系统国有博物馆,二级,是,841,26,5,35,125.3382
2729,湖北省,武汉市秋枫记忆博物馆,非国有博物馆,未定级,是,1261,0,5,28,3.8926
2730,湖北省,武汉市新洲区博物馆,文化文物系统国有博物馆,三级,是,532,138,5,55,9.7652
2731,湖北省,武汉市新洲区凤凰民俗博物馆,非国有博物馆,未定级,是,500,0,2,3,2.4512
2732,湖北省,武汉市袁家店红色文化博物馆,非国有博物馆,未定级,是,330,0,5,3,1.8956
2733,湖北省,武汉市贞元博物馆,非国有博物馆,未定级,是,350,0,8,7,2.6663
2734,湖北省,武汉市中山舰博物馆,文化文物系统国有博物馆,一级,是,7240,3341,22,55,46.3932
2735,湖北省,武汉市紫阳汉剧博物馆,非国有博物馆,未定级,是,3236,0,1,68,13.2312
2736,湖北省,武汉天人合一奇石博物馆,非国有博物馆,未定级,是,300,0,8,28,4.3305
2737,湖北省,武汉铁盾书画艺术博物馆,非国有博物馆,未定级,是,707,0,5,2,1.0925
2738,湖北省,武汉杨楼子老榨坊博物馆,非国有博物馆,未定级,是,305,0,1,3,3.0018
2739,湖北省,武汉屹苑盆景文化艺术博物馆,非国有博物馆,未定级,是,800,0,18,3,2.39
2740,湖北省,武汉益合当代书画艺术博物馆,非国有博物馆,未定级,是,338,0,25,24,5.86
2741,湖北省,武汉永庭石画博物馆,非国有博物馆,未定级,是,13000,0,1,0,2
2742,湖北省,武汉长庭陶瓷博物馆,非国有博物馆,未定级,是,3109,0,24,5,4.615
2743,湖北省,武汉中部兰亭艺术博物馆,非国有博物馆,未定级,是,358,0,1,0,0.0436
2744,湖北省,武汉中共中央机关旧址纪念馆,文化文物系统国有博物馆,二级,是,5198,32,12,46,29.23
2745,湖北省,武汉侏儒山战役博物馆,非国有博物馆,未定级,是,558,0,12,896,6.1263
2746,湖北省,武汉竹韵堂竹雕博物馆,非国有博物馆,未定级,是,2000,0,9,19,6.8163
2747,湖北省,武汉钻石艺术博物馆,非国有博物馆,未定级,是,859,0,1,0,0.0342
2748,湖北省,武穴市博物馆,文化文物系统国有博物馆,三级,是,14814,139,4,23,27.5
2749,湖北省,浠水县博物馆,文化文物系统国有博物馆,三级,是,22983,515,7,168,28.9756
2750,湖北省,浠水县大别山民俗博物馆,非国有博物馆,未定级,是,3900,0,1,6,0.737
2751,湖北省,浠水县闻一多纪念馆,文化文物系统国有博物馆,三级,是,5952,30,4,300,36.3871
2752,湖北省,仙桃市博物馆（仙桃市陈友谅纪念馆、仙桃市沔阳名人馆）,文化文物系统国有博物馆,未定级,是,1638,116,6,4,44.3423
2753,湖北省,咸丰县民族博物馆,文化文物系统国有博物馆,三级,是,2055,101,10,41,8.4723
2754,湖北省,咸宁市博物馆,文化文物系统国有博物馆,二级,是,5636,33,12,205,16.7723
2755,湖北省,咸宁市咸安区博物馆,文化文物系统国有博物馆,未定级,是,2138,40,2,4,16.62
2756,湖北省,襄阳市博物馆（襄阳市文物考古研究所、襄阳市文物修复中心）,文化文物系统国有博物馆,一级,是,74125,5241,9,103,21.8638
2757,湖北省,襄阳市襄州区博物馆,文化文物系统国有博物馆,未定级,是,13607,137,2,20,46.8879
2758,湖北省,孝昌县博物馆,文化文物系统国有博物馆,三级,是,1265,24,5,10,16.5862
2759,湖北省,孝感麻糖米酒博物馆,非国有博物馆,未定级,是,318,0,1,0,1.7931
2760,湖北省,孝感市博物馆,文化文物系统国有博物馆,二级,是,17900,106,14,25,37.4
2761,湖北省,孝感市孝南区博物馆,文化文物系统国有博物馆,未定级,是,2591,33,5,41,20.0542
2762,湖北省,辛亥革命博物院（辛亥革命武昌起义纪念馆）,文化文物系统国有博物馆,一级,是,34857,512,18,737,145.6624
2763,湖北省,兴山县民俗博物馆,文化文物系统国有博物馆,未定级,是,7728,18,9,4,3.8121
2764,湖北省,许明清烈士纪念馆,其他行业国有博物馆,未定级,是,70,0,1,14,0.0367
2765,湖北省,宣恩县民族博物馆,文化文物系统国有博物馆,三级,是,1246,309,8,93,8.1
2766,湖北省,阳新县博物馆,文化文物系统国有博物馆,三级,是,4030,312,17,3,22.082
2767,湖北省,阳新县龙港革命历史纪念馆,文化文物系统国有博物馆,未定级,是,214,126,2,20,14.2212
2768,湖北省,阳新县彭德怀纪念馆,文化文物系统国有博物馆,未定级,是,175,0,1,30,11.2212
2769,湖北省,宜昌博物馆,文化文物系统国有博物馆,一级,是,59110,2295,19,125,81.97
2770,湖北省,宜昌车溪农家博物馆,其他行业国有博物馆,未定级,否,2092,0,1,0,19.7
2771,湖北省,宜昌三峡步步升布鞋博物馆,非国有博物馆,未定级,是,686,0,1,1,4.203
2772,湖北省,宜昌市夷陵区博物馆,文化文物系统国有博物馆,三级,是,12587,135,15,14,22.5
2773,湖北省,宜昌市裕孝家庭博物馆,非国有博物馆,三级,是,30264,0,6,33,9.0021
2774,湖北省,宜城市博物馆（宜城市楚皇城文物保护工作站）,文化文物系统国有博物馆,三级,是,11504,337,4,17,14.23
2775,湖北省,宜城市张自忠将军纪念馆,其他行业国有博物馆,未定级,是,20,0,1,180,30
2776,湖北省,宜都市博物馆,文化文物系统国有博物馆,三级,是,17440,156,6,40,18.3502
2777,湖北省,宜都市潘家湾土家族乡民俗文化博物馆,文化文物系统国有博物馆,未定级,是,354,0,9,3,3.0152
2778,湖北省,宜都市杨守敬纪念馆,文化文物系统国有博物馆,未定级,是,171,3,3,0,4.0101
2779,湖北省,宜都市正国民俗博物馆,非国有博物馆,未定级,是,30005,0,4,0,1.12
2780,湖北省,逸休堂博物馆,非国有博物馆,未定级,是,6224,0,3,0,2.0011
2781,湖北省,应城市博物馆,文化文物系统国有博物馆,未定级,是,846,48,7,5,25.3618
2782,湖北省,英山县博物馆,文化文物系统国有博物馆,三级,是,8170,100,6,42,23.8756
2783,湖北省,远安县博物馆,文化文物系统国有博物馆,未定级,是,541,33,7,10,13.697
2784,湖北省,云梦县博物馆,文化文物系统国有博物馆,二级,是,4288,320,8,30,43.6
2785,湖北省,郧西县博物馆,文化文物系统国有博物馆,未定级,是,1639,43,13,24,27.3
2786,湖北省,郧阳博物馆,文化文物系统国有博物馆,三级,是,12865,1647,6,13,14.8
2787,湖北省,郧阳培长报纸博物馆,非国有博物馆,未定级,是,6206,0,4,12,2.6
2788,湖北省,枣阳市博物馆,文化文物系统国有博物馆,未定级,是,5835,59,7,10,11.9724
2789,湖北省,张居正纪念馆,文化文物系统国有博物馆,未定级,是,343,9,2,4,4.0976
2790,湖北省,长江文明馆（武汉自然博物馆）,文化文物系统国有博物馆,一级,是,14277,153,12,584,118.4486
2791,湖北省,长阳土家族自治县博物馆,文化文物系统国有博物馆,三级,是,11894,1144,9,60,13.8
2792,湖北省,枝江市博物馆,文化文物系统国有博物馆,三级,是,10572,152,4,40,8.6
2793,湖北省,中国地质大学逸夫博物馆,其他行业国有博物馆,二级,否,47368,0,14,65,50.1044
2794,湖北省,中南财经政法大学货币金融历史博物馆,其他行业国有博物馆,未定级,是,4691,31,5,235,4.3959
2795,湖北省,中南民族大学民族学博物馆,其他行业国有博物馆,三级,是,10510,0,13,34,5.0616
2796,湖北省,钟祥市博物馆,文化文物系统国有博物馆,三级,是,26925,450,9,15,25.0154
2797,湖北省,钟祥市大柴湖移民纪念馆,其他行业国有博物馆,未定级,是,971,0,9,292,10.36
2798,湖北省,竹山秦巴民俗博物馆,非国有博物馆,未定级,是,33328,0,10,5,5.285
2799,湖北省,竹山县博物馆,文化文物系统国有博物馆,未定级,是,550,69,2,203,11.3293
2800,湖北省,秭归县屈原纪念馆（秭归县博物馆）,文化文物系统国有博物馆,三级,是,8079,49,6,23,80
2801,湖南省,“半条被子的温暖”专题陈列馆,文化文物系统国有博物馆,未定级,是,112,0,1,0,35.2138
2802,湖南省,《三大纪律六项注意》颁布旧址纪念馆,文化文物系统国有博物馆,未定级,是,0,0,3,4,39.9011
2803,湖南省,安化黑茶博物馆（安化县博物馆）,文化文物系统国有博物馆,三级,是,6286,452,4,3,67.4142
2804,湖南省,安仁县博物馆,文化文物系统国有博物馆,未定级,是,702,146,3,9,21.2752
2805,湖南省,保靖县迁陵博物馆,文化文物系统国有博物馆,未定级,是,5026,239,1,2,0.419
2806,湖南省,蔡和森纪念馆,文化文物系统国有博物馆,三级,是,133,29,6,9,32.4286
2807,湖南省,茶陵县革命纪念馆,其他行业国有博物馆,未定级,是,431,31,1,10,20.5612
2808,湖南省,茶陵县工农兵政府旧址纪念馆,文化文物系统国有博物馆,未定级,是,1647,73,1,10,58.7232
2809,湖南省,常德博物馆,文化文物系统国有博物馆,二级,是,22976,1645,10,154,51.8045
2810,湖南省,常德市丁玲纪念馆,文化文物系统国有博物馆,二级,是,3378,230,7,325,7.3625
2811,湖南省,常德市东方红博物馆,非国有博物馆,三级,否,23863,0,4,300,4.6
2812,湖南省,常德市西洞庭管理区农垦博物馆,文化文物系统国有博物馆,未定级,是,2650,0,2,25,4.0892
2813,湖南省,常德市西湖管理区军垦博物馆,文化文物系统国有博物馆,未定级,是,88,0,1,1,3.8414
2814,湖南省,常德沅州石雕博物馆,非国有博物馆,未定级,是,1465,0,1,0,0
2815,湖南省,常宁市水口山工人运动陈列馆,文化文物系统国有博物馆,未定级,是,67974,0,5,5,11.3359
2816,湖南省,厂窖惨案遇难同胞纪念馆,文化文物系统国有博物馆,未定级,是,306,1,1,12,63.1485
2817,湖南省,郴州市博物馆,文化文物系统国有博物馆,二级,是,9483,1434,5,40,45.1066
2818,湖南省,楚怡高级工业学校新化旧址陈列馆,文化文物系统国有博物馆,未定级,是,172,21,1,4,13.3857
2819,湖南省,慈利县博物馆,文化文物系统国有博物馆,三级,是,6449,1138,2,85,8.3621
2820,湖南省,洞口县高沙文史博物馆,非国有博物馆,未定级,是,520,0,1,0,5.5276
2821,湖南省,丰堆仑革命旧址陈列馆,文化文物系统国有博物馆,未定级,是,43,0,5,13,10.4643
2822,湖南省,凤凰县山江苗族博物馆,非国有博物馆,三级,否,10165,0,11,4,3.5584
2823,湖南省,工农红军在桂东革命活动纪念馆,文化文物系统国有博物馆,未定级,是,989,85,4,7,29.8598
2824,湖南省,汉寿县博汉奇石博物馆,非国有博物馆,未定级,否,591,0,7,2,1.2665
2825,湖南省,何长工同志纪念馆,文化文物系统国有博物馆,未定级,是,498,197,1,129,46.58
2826,湖南省,贺龙纪念馆,文化文物系统国有博物馆,二级,是,3449,165,1,22,52.289
2827,湖南省,衡山县农民运动纪念馆,文化文物系统国有博物馆,未定级,是,39,10,1,56,45.5062
2828,湖南省,衡山岳北农工会旧址陈列馆,文化文物系统国有博物馆,未定级,是,23,2,1,22,22.62
2829,湖南省,衡阳工业博物馆,其他行业国有博物馆,未定级,是,6505,0,1,22,8.6
2830,湖南省,衡阳市博物馆,文化文物系统国有博物馆,二级,是,17830,2391,8,53,44.4144
2831,湖南省,衡阳市奇石文化博物馆,非国有博物馆,未定级,是,10154,0,4,27,64.7504
2832,湖南省,衡阳铁路博物馆,其他行业国有博物馆,未定级,是,1636,0,10,52,7.1808
2833,湖南省,衡阳县恒生钟表文化博物馆,非国有博物馆,未定级,否,348,0,1,1,12.0628
2834,湖南省,红二方面军长征出发地纪念馆,文化文物系统国有博物馆,未定级,是,716,27,6,32,38.6594
2835,湖南省,洪江市杂交水稻发源地博物馆,文化文物系统国有博物馆,未定级,是,380,10,4,0,33.7227
2836,湖南省,胡耀邦同志纪念馆,文化文物系统国有博物馆,一级,是,21114,1862,12,62,105.76
2837,湖南省,湖南·中国书院博物馆,其他行业国有博物馆,未定级,否,2602,264,4,5,40.4
2838,湖南省,湖南博物院（湖南省文物鉴定中心）,文化文物系统国有博物馆,一级,是,548157,41512,29,1673,490.5079
2839,湖南省,湖南淡泊博物馆,非国有博物馆,未定级,是,666,0,7,1,1.0561
2840,湖南省,湖南和平解放史事陈列馆,文化文物系统国有博物馆,未定级,是,452,115,2,218,26.853
2841,湖南省,湖南嘉源砖茶博物馆,非国有博物馆,未定级,是,400,0,4,2,6.5
2842,湖南省,湖南雷锋纪念馆,文化文物系统国有博物馆,二级,是,3979,156,5,193,124.3377
2843,湖南省,湖南浏阳永和菊花石博物馆,非国有博物馆,未定级,是,320,0,7,54,1.8
2844,湖南省,湖南升印轩米升文化博物馆,非国有博物馆,未定级,是,500,0,2,109,4.663
2845,湖南省,湖南省茶叶博物馆,非国有博物馆,二级,是,503,0,3,62,2.2
2846,湖南省,湖南省地质博物馆,其他行业国有博物馆,一级,是,16793,0,11,1187,105.5854
2847,湖南省,湖南省开元博物馆,非国有博物馆,未定级,是,3097,543,4,4,1.8569
2848,湖南省,湖南省沙坪湘绣博物馆,非国有博物馆,未定级,是,1359,0,2,156,4.3
2849,湖南省,湖南省宋旦汉字艺术博物馆,非国有博物馆,三级,是,1112,0,9,309,15.0843
2850,湖南省,湖南省苏维埃政府旧址陈列馆,文化文物系统国有博物馆,未定级,是,146,0,2,3,0.555
2851,湖南省,湖南省谭国斌当代艺术博物馆,非国有博物馆,未定级,是,710,0,9,3,2.8432
2852,湖南省,湖南师范大学博物馆,其他行业国有博物馆,未定级,是,2519,458,4,16,6.5
2853,湖南省,湖南湘绣博物馆,其他行业国有博物馆,未定级,是,4297,309,1,116,5.9127
2854,湖南省,湖南谢子龙摄影博物馆,非国有博物馆,未定级,是,331,0,9,84,76.7405
2855,湖南省,湖南益阳达人纺织工业博物馆,非国有博物馆,未定级,是,500,0,4,1,2.6659
2856,湖南省,湖南再红刺绣艺术博物馆,非国有博物馆,未定级,是,303,0,10,105,3.6067
2857,湖南省,花垣县苗族博物馆,文化文物系统国有博物馆,未定级,是,1030,205,1,5,0.5187
2858,湖南省,华容县博物馆,文化文物系统国有博物馆,未定级,是,1237,203,12,82,24.4247
2859,湖南省,怀化市博物馆,文化文物系统国有博物馆,二级,是,16686,1989,10,8,18.8457
2860,湖南省,怀化市洪江区洪商文化博物馆,文化文物系统国有博物馆,未定级,是,497,71,1,6,8.0453
2861,湖南省,黄兴故居纪念馆,文化文物系统国有博物馆,未定级,是,99,31,1,14,29.9148
2862,湖南省,会同县粟裕同志纪念馆,文化文物系统国有博物馆,二级,是,2017,141,6,331,52.21
2863,湖南省,贾谊故居陈列馆,文化文物系统国有博物馆,未定级,是,135,19,2,150,33.4137
2864,湖南省,津市市博物馆,文化文物系统国有博物馆,三级,是,2187,201,2,6,7.8563
2865,湖南省,津市市红二军团指挥部旧址陈列馆,文化文物系统国有博物馆,未定级,是,87,0,1,9,5.2687
2866,湖南省,靖州苗族侗族自治县博物馆,文化文物系统国有博物馆,未定级,是,3106,271,9,8,14.3527
2867,湖南省,耒阳市蔡伦纪念馆,文化文物系统国有博物馆,未定级,是,10,0,2,11,50.1082
2868,湖南省,耒阳市农耕文化博物馆,文化文物系统国有博物馆,未定级,是,1852,448,1,12,8.9675
2869,湖南省,耒阳市纸博物馆,文化文物系统国有博物馆,未定级,是,321,47,1,5,7.7609
2870,湖南省,李富春故居纪念馆,文化文物系统国有博物馆,未定级,是,335,121,1,19,12.6719
2871,湖南省,李立三同志故居陈列馆,文化文物系统国有博物馆,未定级,是,217,18,3,61,39.956
2872,湖南省,李维汉故居陈列馆,文化文物系统国有博物馆,未定级,是,631,0,1,10,24.5
2873,湖南省,澧县博物馆,文化文物系统国有博物馆,未定级,是,5202,553,11,90,5.9384
2874,湖南省,澧县城头山古文化遗址博物馆,文化文物系统国有博物馆,三级,否,1253,62,1,8,6.2526
2875,湖南省,醴陵市博物馆（毛泽东考察湖南农民运动纪念馆）,文化文物系统国有博物馆,一级,是,29922,1507,10,374,144.2332
2876,湖南省,醴陵市南四区苏维埃革命纪念馆,非国有博物馆,未定级,是,452,0,1,136,10.05
2877,湖南省,涟源市博物馆,文化文物系统国有博物馆,未定级,是,8386,240,1,0,0
2878,湖南省,临澧县博物馆,文化文物系统国有博物馆,三级,是,5048,232,7,2,5.9214
2879,湖南省,临澧县丁玲故居陈列馆,文化文物系统国有博物馆,未定级,是,1194,0,2,51,6.193
2880,湖南省,临澧县林伯渠故居纪念馆,文化文物系统国有博物馆,未定级,是,1221,93,6,224,14.2946
2881,湖南省,临湘市博物馆,文化文物系统国有博物馆,未定级,是,3399,183,4,3,16.5651
2882,湖南省,刘家岭壁画墓陈列馆,文化文物系统国有博物馆,未定级,是,368,49,1,4,4.7759
2883,湖南省,刘少奇同志纪念馆,文化文物系统国有博物馆,一级,是,29602,2790,5,147,230.6978
2884,湖南省,浏阳市博物馆,文化文物系统国有博物馆,二级,是,15123,1571,17,90,123.0266
2885,湖南省,龙山县里耶古城（秦简）博物馆,文化文物系统国有博物馆,二级,是,8687,212,12,56,30.806
2886,湖南省,龙山县湘鄂川黔革命根据地纪念馆,文化文物系统国有博物馆,未定级,是,441,113,3,57,30.5547
2887,湖南省,隆平水稻博物馆,文化文物系统国有博物馆,二级,是,8890,225,5,1031,100.0376
2888,湖南省,娄底市博物馆,文化文物系统国有博物馆,三级,是,3306,250,5,112,32.6154
2889,湖南省,娄底市娄星区博物馆,文化文物系统国有博物馆,未定级,是,200,0,2,2,3.3511
2890,湖南省,罗荣桓故居纪念馆,文化文物系统国有博物馆,未定级,是,331,48,2,24,51.396
2891,湖南省,麻阳苗族自治县博物馆（麻阳苗族自治县滕代远纪念馆）,文化文物系统国有博物馆,未定级,是,721,57,3,10,55.5864
2892,湖南省,毛泽东与第一师范纪念馆,其他行业国有博物馆,未定级,是,465,22,1,489,45.6152
2893,湖南省,汨纺工业文化博物馆,其他行业国有博物馆,未定级,是,447,0,1,5,0.8632
2894,湖南省,汨罗市博物馆,文化文物系统国有博物馆,未定级,是,2157,393,3,3,7.1
2895,湖南省,南县博物馆（段德昌生平业绩陈列馆）,文化文物系统国有博物馆,未定级,是,1260,101,1,19,77.4968
2896,湖南省,南岳衡山博物馆,文化文物系统国有博物馆,未定级,是,1368,454,2,5,26.8483
2897,湖南省,南岳忠烈祠抗战烈士纪念馆,文化文物系统国有博物馆,未定级,是,90,0,1,1,108.4017
2898,湖南省,宁乡市博物馆（炭河里青铜博物馆）,文化文物系统国有博物馆,二级,是,5651,197,5,43,30.2
2899,湖南省,欧阳海故居陈列馆,文化文物系统国有博物馆,未定级,是,76,0,1,0,4.512
2900,湖南省,欧阳海烈士纪念馆,文化文物系统国有博物馆,未定级,是,23,1,1,150,34.56
2901,湖南省,彭德怀纪念馆,文化文物系统国有博物馆,二级,是,2970,211,6,182,169.5208
2902,湖南省,平江起义纪念馆,文化文物系统国有博物馆,未定级,是,170,45,4,46,79.603
2903,湖南省,齐白石纪念馆,文化文物系统国有博物馆,未定级,是,3133,116,19,6,31.6254
2904,湖南省,秋收起义文家市会师纪念馆,文化文物系统国有博物馆,一级,是,1188,469,11,71,83.1127
2905,湖南省,屈原纪念馆,文化文物系统国有博物馆,未定级,是,21,0,20,360,24.9859
2906,湖南省,任弼时纪念馆,文化文物系统国有博物馆,二级,是,2175,256,2,30,29.6511
2907,湖南省,上甘棠博物馆,文化文物系统国有博物馆,未定级,是,85,0,1,15,6.2939
2908,湖南省,韶山灌区陈列馆,文化文物系统国有博物馆,未定级,是,306,0,1,633,11
2909,湖南省,韶山毛泽东同志纪念馆,文化文物系统国有博物馆,一级,是,64296,323,15,1047,1111.2215
2910,湖南省,邵阳市博物馆,文化文物系统国有博物馆,三级,是,5290,460,8,12,53.0903
2911,湖南省,邵阳市大祥区蔡锷生平业绩陈列馆,文化文物系统国有博物馆,未定级,是,669,350,4,720,27.7578
2912,湖南省,邵阳市双清区八路军驻湘通讯处旧址陈列馆,文化文物系统国有博物馆,未定级,是,60,8,2,4,5.8862
2913,湖南省,邵阳薪火抗战历史文物博物馆,非国有博物馆,未定级,是,326,0,5,3,3.5
2914,湖南省,石门县博物馆,文化文物系统国有博物馆,未定级,是,4422,458,8,7,5.328
2915,湖南省,帅孟奇故居陈列馆,文化文物系统国有博物馆,未定级,是,54,1,1,17,4.9382
2916,湖南省,水口山工人运动纪念馆,文化文物系统国有博物馆,未定级,是,503,25,3,34,58.3262
2917,湖南省,谭嗣同纪念馆,文化文物系统国有博物馆,未定级,是,23,0,2,85,29.405
2918,湖南省,唐群英故居陈列馆,文化文物系统国有博物馆,未定级,是,12,11,1,62,32.26
2919,湖南省,桃江县博物馆（桃花江竹文化博物馆）,文化文物系统国有博物馆,未定级,是,2650,476,4,5,25.9184
2920,湖南省,桃源县博物馆,文化文物系统国有博物馆,未定级,是,3379,189,3,2,3.5285
2921,湖南省,桃源县翦伯赞生平业绩陈列馆,文化文物系统国有博物馆,未定级,是,269,0,6,3,4.545
2922,湖南省,陶铸生平事迹陈列馆,文化文物系统国有博物馆,未定级,是,482,110,3,1,2.5032
2923,湖南省,通道转兵纪念馆,文化文物系统国有博物馆,二级,是,1422,108,8,220,41.5
2924,湖南省,王船山纪念馆,文化文物系统国有博物馆,未定级,是,169,0,4,103,6.8016
2925,湖南省,王震故居纪念馆,文化文物系统国有博物馆,未定级,是,40,0,2,67,25.7128
2926,湖南省,武冈市赏石文化博物馆,非国有博物馆,未定级,是,506,0,1,0,0.5
2927,湖南省,夏明翰生平事迹陈列馆,文化文物系统国有博物馆,未定级,是,162,0,6,5,36.0852
2928,湖南省,湘鄂赣革命根据地纪念馆,文化文物系统国有博物馆,未定级,是,484,484,1,0,23.351
2929,湖南省,湘南年关暴动指挥部旧址纪念馆,文化文物系统国有博物馆,未定级,是,700,125,3,6,49.7
2930,湖南省,湘南起义纪念馆,文化文物系统国有博物馆,三级,是,731,40,7,31,44.9322
2931,湖南省,湘南学联纪念馆,文化文物系统国有博物馆,未定级,是,671,131,8,42,128.9325
2932,湖南省,湘潭市博物馆,文化文物系统国有博物馆,二级,是,11033,953,7,2,37.0498
2933,湖南省,湘潭市湖湘槟榔文化博物馆,非国有博物馆,未定级,是,550,3,1,2,0.3162
2934,湖南省,湘西剿匪史料陈列馆（辰溪县博物馆）,文化文物系统国有博物馆,三级,是,7143,191,8,6,0
2935,湖南省,湘西九福堂苗族博物馆,非国有博物馆,未定级,是,1003,0,3,5,2.65
2936,湖南省,湘西民俗风光馆,文化文物系统国有博物馆,未定级,是,20,12,1,2,36.1399
2937,湖南省,湘西土家族苗族自治州博物馆,文化文物系统国有博物馆,二级,是,9040,2200,11,59,46.8148
2938,湖南省,湘西土家族苗族自治州地质公园博物馆,其他行业国有博物馆,三级,是,496,0,14,14,12.6
2939,湖南省,湘乡市博物馆,文化文物系统国有博物馆,未定级,是,4499,425,4,38,5.75
2940,湖南省,湘乡市黄公略故居纪念馆,文化文物系统国有博物馆,未定级,是,121,0,2,120,5.5271
2941,湖南省,湘阴县博物馆,文化文物系统国有博物馆,未定级,是,1193,276,2,1,9.0189
2942,湖南省,向警予同志纪念馆,文化文物系统国有博物馆,未定级,是,1693,190,7,300,45.6891
2943,湖南省,新化县罗盛教纪念馆,文化文物系统国有博物馆,未定级,是,922,87,4,6,8.3387
2944,湖南省,新晃侗族自治县博物馆,文化文物系统国有博物馆,未定级,是,2847,42,1,16,42.1066
2945,湖南省,新民学会成立会旧址陈列馆,文化文物系统国有博物馆,未定级,是,30,12,1,21,11.1883
2946,湖南省,徐特立故居纪念馆,文化文物系统国有博物馆,未定级,是,134,8,1,19,21.3945
2947,湖南省,溆浦县龙潭抗日野战医院旧址陈列馆,非国有博物馆,未定级,是,216,0,8,6,1.67
2948,湖南省,炎陵县博物馆（中国工农红军革命活动炎陵纪念馆）,文化文物系统国有博物馆,未定级,是,290,0,1,0,3.1276
2949,湖南省,炎陵县红军标语博物馆,文化文物系统国有博物馆,未定级,是,863,169,1,12,73.0692
2950,湖南省,杨得志故居陈列馆,文化文物系统国有博物馆,未定级,是,1751,285,3,32,25
2951,湖南省,杨开慧纪念馆,文化文物系统国有博物馆,未定级,是,377,27,1,50,132.8873
2952,湖南省,益阳黑茶（民俗）博物馆,非国有博物馆,未定级,是,3813,0,1,1,2.9655
2953,湖南省,益阳市博物馆,文化文物系统国有博物馆,二级,是,21392,2232,10,129,101.1056
2954,湖南省,益阳市赫山区胡林翼陈列馆,非国有博物馆,未定级,是,663,0,3,26,3.0691
2955,湖南省,益阳市山乡巨变第一村（清溪村）生态博物馆,文化文物系统国有博物馆,未定级,是,130,0,4,44,26.4643
2956,湖南省,永顺县老司城博物馆,文化文物系统国有博物馆,三级,是,11105,452,10,10,5.283
2957,湖南省,永顺县湘鄂川黔革命根据地纪念馆,文化文物系统国有博物馆,未定级,是,263,24,3,342,10.2826
2958,湖南省,永兴县白银艺术博物馆,非国有博物馆,未定级,否,308,0,1,2,2.6417
2959,湖南省,永兴县博物馆,文化文物系统国有博物馆,未定级,是,524,150,1,2,12.8705
2960,湖南省,永州市博物馆,文化文物系统国有博物馆,三级,是,6385,681,8,304,47.9
2961,湖南省,永州市零陵区柳宗元纪念馆,文化文物系统国有博物馆,未定级,否,447,25,5,8,10
2962,湖南省,永州潇湘意摩崖石刻拓片博物馆,非国有博物馆,未定级,是,1533,0,2,1,1.2
2963,湖南省,攸县博物馆（谭震林生平业绩陈列馆）,文化文物系统国有博物馆,三级,是,12394,355,13,62,25.3358
2964,湖南省,沅江市洞庭湖博物馆,文化文物系统国有博物馆,未定级,是,9280,648,15,22,34.0868
2965,湖南省,沅江市洞庭湖洲垸文化博物馆,非国有博物馆,未定级,是,2900,0,7,4,2.68
2966,湖南省,沅陵县博物馆,文化文物系统国有博物馆,未定级,否,2113,436,5,230,30.1523
2967,湖南省,岳阳市博物馆,文化文物系统国有博物馆,二级,是,6490,1225,9,48,45.0236
2968,湖南省,岳阳市屈原管理区罗子国城遗址博物馆,文化文物系统国有博物馆,未定级,是,310,19,1,8,2.2973
2969,湖南省,岳阳县博物馆,文化文物系统国有博物馆,未定级,是,111,1,1,59,22.5632
2970,湖南省,岳阳县张谷英村民俗博物馆,文化文物系统国有博物馆,未定级,是,426,0,1,0,3.8754
2971,湖南省,岳州窑遗址博物馆,文化文物系统国有博物馆,未定级,是,97,70,1,0,4.0312
2972,湖南省,张家界市博物馆,文化文物系统国有博物馆,二级,是,11451,924,9,195,59.1689
2973,湖南省,张家界市永定区博物馆,文化文物系统国有博物馆,未定级,否,10,10,0,0,0
2974,湖南省,张家界市永定区湘鄂川黔革命根据地纪念馆,文化文物系统国有博物馆,未定级,是,711,50,3,477,7.09
2975,湖南省,长沙非物质文化遗产馆,文化文物系统国有博物馆,未定级,是,1461,0,15,620,244
2976,湖南省,长沙简牍博物馆,文化文物系统国有博物馆,一级,是,81518,1371,14,947,99.098
2977,湖南省,长沙梅溪湖艺术博物馆,其他行业国有博物馆,未定级,否,602,0,0,0,0
2978,湖南省,长沙市博物馆,文化文物系统国有博物馆,一级,是,60825,9146,7,786,181.2291
2979,湖南省,长沙市藏湘知纸质文化博物馆,非国有博物馆,未定级,是,300,0,2,10,0.3
2980,湖南省,长沙市大观仓艺术博物馆,非国有博物馆,未定级,否,426,0,1,3,10.0066
2981,湖南省,长沙市国泰古建园林博物馆,非国有博物馆,未定级,是,302,0,1,30,2
2982,湖南省,长沙市华旸艺术博物馆,非国有博物馆,未定级,是,301,0,0,0,0
2983,湖南省,长沙市兰天车辆博物馆,非国有博物馆,未定级,是,332,0,1,126,8.5527
2984,湖南省,长沙市麓山祗园艺术博物馆,非国有博物馆,未定级,是,346,0,1,12,0.1251
2985,湖南省,长沙市盛砚砚台博物馆,非国有博物馆,未定级,是,400,0,1,63,1.911
2986,湖南省,长沙市天心区伯瑜万福源博物馆,非国有博物馆,未定级,是,300,0,7,60,8.3
2987,湖南省,长沙市望城区华夏剪纸博物馆,非国有博物馆,未定级,是,814,0,9,54,2
2988,湖南省,长沙市夏国安艺术博物馆,非国有博物馆,未定级,是,300,0,6,96,6.6
2989,湖南省,长沙铜官窑博物馆,文化文物系统国有博物馆,三级,否,2254,330,8,10,21
2990,湖南省,长沙县田汉故居陈列馆,文化文物系统国有博物馆,未定级,是,153,0,1,32,10.5853
2991,湖南省,长沙玉和醋文化博物馆,非国有博物馆,未定级,是,330,0,1,22,1.6222
2992,湖南省,中共平江县委旧址陈列馆,文化文物系统国有博物馆,未定级,是,54,2,2,15,20
2993,湖南省,中共韶山特别支部历史陈列馆,其他行业国有博物馆,未定级,是,100,0,1,247,35
2994,湖南省,中国共产党湖南历史展览馆,其他行业国有博物馆,二级,是,8071,418,6,107,9.5384
2995,湖南省,中国共产党长沙历史馆,文化文物系统国有博物馆,二级,是,3787,308,6,251,124.076
2996,湖南省,中国人民抗日战争胜利受降纪念馆,文化文物系统国有博物馆,二级,是,5399,387,3,327,76.8929
2997,湖南省,周立波故居纪念馆,文化文物系统国有博物馆,未定级,是,2143,81,2,25,32.2356
2998,湖南省,株洲博物馆（株洲市考古研究和文物保护中心）,文化文物系统国有博物馆,一级,是,21683,215,18,91,139.4809
2999,湖南省,资兴市东江移民博物馆,文化文物系统国有博物馆,未定级,是,761,86,3,9,22.538
3000,湖南省,资兴市五岭农耕文明博物馆,文化文物系统国有博物馆,三级,是,3827,155,3,8,14.2542
3001,吉林省,安图县博物馆,文化文物系统国有博物馆,未定级,是,116,4,2,19,0.0789
3002,吉林省,白城市博物馆,文化文物系统国有博物馆,二级,是,30600,575,14,19,3.3548
3003,吉林省,白城市洮北区博物馆,文化文物系统国有博物馆,未定级,是,260,0,1,1,0.053
3004,吉林省,白山市浑江区七道江会议纪念馆,文化文物系统国有博物馆,未定级,是,133,1,3,35,4.762
3005,吉林省,白山市江源区石人血泪山罹难矿工纪念馆,文化文物系统国有博物馆,未定级,是,697,0,1,2,6.8699
3006,吉林省,白山市江源长白山松花石博物馆（白山市江源区博物馆）,文化文物系统国有博物馆,未定级,是,670,0,8,12,2.1216
3007,吉林省,白山市文化遗产保护中心（白山市博物馆）,文化文物系统国有博物馆,未定级,是,680,0,2,3,2.0247
3008,吉林省,白山市长白山满族文化博物馆,文化文物系统国有博物馆,二级,是,10735,26,8,252,3.8844
3009,吉林省,陈云旧居纪念馆,文化文物系统国有博物馆,未定级,是,243,2,2,38,5.9181
3010,吉林省,成吉思汗召,其他行业国有博物馆,未定级,否,867,0,1,0,4.9186
3011,吉林省,大安市博物馆,文化文物系统国有博物馆,未定级,是,2952,7,11,7,6.7098
3012,吉林省,德惠市博物馆,文化文物系统国有博物馆,未定级,是,1194,45,8,21,3.0183
3013,吉林省,东北沦陷时期辽源矿工墓陈列馆,文化文物系统国有博物馆,未定级,是,233,13,1,106,8.4729
3014,吉林省,东北沦陷史陈列馆,文化文物系统国有博物馆,未定级,是,16659,4342,3,5,236.878
3015,吉林省,东北师范大学东北民族民俗博物馆,其他行业国有博物馆,二级,是,12669,0,4,25,12.4892
3016,吉林省,东北亚金融博物馆,其他行业国有博物馆,未定级,是,6856,0,3,2,0.57
3017,吉林省,东丰县文物管理所（东丰县博物馆）,文化文物系统国有博物馆,未定级,是,325,0,1,0,0
3018,吉林省,东辽县民俗博物馆,文化文物系统国有博物馆,未定级,是,15679,4,16,18,2.3191
3019,吉林省,敦化市博物馆,文化文物系统国有博物馆,未定级,是,1024,46,1,12,1.8756
3020,吉林省,敦化市历史博物馆,文化文物系统国有博物馆,未定级,是,59,0,11,28,2.0726
3021,吉林省,丰满水电博物馆,其他行业国有博物馆,未定级,否,300,0,0,0,0
3022,吉林省,扶余市博物馆,文化文物系统国有博物馆,未定级,是,7548,35,8,9,3.2878
3023,吉林省,扶余市辽金历史文物陈列馆,文化文物系统国有博物馆,未定级,是,171,0,6,5,5.4007
3024,吉林省,抚松人参博物馆,文化文物系统国有博物馆,三级,是,5417,37,3,9,2.777
3025,吉林省,公主岭市博物馆,文化文物系统国有博物馆,未定级,是,12833,8,2,9,0.1577
3026,吉林省,关云德满族民俗博物馆,非国有博物馆,未定级,是,707,0,1,2,1.79
3027,吉林省,郭尔罗斯王府陈列馆,其他行业国有博物馆,未定级,否,1115,0,1,0,7.642
3028,吉林省,和龙市博物馆,文化文物系统国有博物馆,未定级,是,409,0,2,2,1.16
3029,吉林省,桦甸市博物馆,文化文物系统国有博物馆,未定级,是,1790,16,3,20,5.6887
3030,吉林省,珲春市博物馆,文化文物系统国有博物馆,未定级,是,975,11,1,3,0.32
3031,吉林省,辉南县兵工博物馆,其他行业国有博物馆,未定级,是,200,0,5,25,1.343
3032,吉林省,辉南县博物馆,文化文物系统国有博物馆,未定级,是,2479,11,2,2,0.8187
3033,吉林省,吉林大安辽代酿酒文化博物馆,非国有博物馆,未定级,是,2281,0,1,0,0.892
3034,吉林省,吉林大学地质博物馆,其他行业国有博物馆,未定级,否,14769,0,7,7,8.6128
3035,吉林省,吉林大学考古与艺术博物馆,其他行业国有博物馆,未定级,是,8505,458,3,1,1.3678
3036,吉林省,吉林国际动漫博物馆,非国有博物馆,未定级,是,2416,0,8,0,0.3289
3037,吉林省,吉林省宝凤艺术博物馆,非国有博物馆,未定级,是,300,0,2,1,0.205
3038,吉林省,吉林省博物院（东北抗日联军纪念馆）,文化文物系统国有博物馆,一级,是,128828,17910,30,271,111.9356
3039,吉林省,吉林省典籍博物馆,文化文物系统国有博物馆,未定级,是,355659,0,2,4,4.7917
3040,吉林省,吉林省东北二人转博物馆,文化文物系统国有博物馆,未定级,是,151,0,1,19,0.243
3041,吉林省,吉林省酒文化博物馆,非国有博物馆,未定级,是,805,0,4,3,4.7
3042,吉林省,吉林省民间工艺美术馆,非国有博物馆,未定级,是,400,0,13,12,10.1
3043,吉林省,吉林省中医药博物馆,其他行业国有博物馆,二级,是,22076,36,8,115,4.1308
3044,吉林省,吉林省自然博物馆,其他行业国有博物馆,一级,是,100912,0,14,119,40.2829
3045,吉林省,吉林市博物馆（吉林市陨石博物馆）,文化文物系统国有博物馆,一级,是,25536,1001,54,111,90.0633
3046,吉林省,吉林市闯关东葡萄酒博物馆,非国有博物馆,未定级,是,365,0,2,0,0.85
3047,吉林省,吉林市革命烈士纪念馆,其他行业国有博物馆,未定级,是,623,0,1,821,16.15
3048,吉林省,吉林市劳工纪念馆,其他行业国有博物馆,未定级,是,182,0,1,27,3.8191
3049,吉林省,吉林市满族博物馆,文化文物系统国有博物馆,二级,是,2052,81,2,85,44.4493
3050,吉林省,吉林市明清造船厂遗址博物馆,文化文物系统国有博物馆,三级,是,2249,0,27,26,20.85
3051,吉林省,吉林市文庙博物馆,文化文物系统国有博物馆,三级,是,1038,4,8,73,22.2485
3052,吉林省,吉林市吴德义浪木艺术博物馆,非国有博物馆,未定级,是,300,0,2,0,2.7562
3053,吉林省,吉林水师营博物馆,文化文物系统国有博物馆,未定级,是,346,0,1,3,3.471
3054,吉林省,集安市博物馆,文化文物系统国有博物馆,二级,是,10894,251,2,11,9.252
3055,吉林省,蛟河市博物馆,文化文物系统国有博物馆,三级,是,2192,9,7,28,5.6627
3056,吉林省,靖宇火山矿泉群地质博物馆,其他行业国有博物馆,三级,是,5335,0,6,5,3.1
3057,吉林省,靖宇县杨靖宇将军殉国地（纪念馆）,其他行业国有博物馆,未定级,是,819,18,1,12,7.2437
3058,吉林省,梨树县博物馆,文化文物系统国有博物馆,未定级,是,3527,9,4,203,2.1906
3059,吉林省,辽源市博物馆,文化文物系统国有博物馆,三级,是,15577,86,13,122,10
3060,吉林省,辽源市二战盟军高级战俘营旧址展览馆,文化文物系统国有博物馆,未定级,是,402,0,4,185,7.3493
3061,吉林省,辽源市民俗博物馆,非国有博物馆,未定级,是,2200,0,0,0,0
3062,吉林省,临江市“四保临江”战役纪念馆（“四保临江”烈士陵园）,其他行业国有博物馆,未定级,是,5831,44,1,15,19.8
3063,吉林省,柳河县博物馆,文化文物系统国有博物馆,未定级,是,1674,27,2,1,2.972
3064,吉林省,龙井市朝鲜族民俗博物馆,文化文物系统国有博物馆,三级,是,3156,47,3,10,1.91
3065,吉林省,梅河口市博物馆,文化文物系统国有博物馆,未定级,是,5035,16,3,18,9.3248
3066,吉林省,农安县博物馆,文化文物系统国有博物馆,未定级,是,2759,40,0,0,0
3067,吉林省,磐石市博物馆（磐石市抗日斗争纪念馆）,文化文物系统国有博物馆,三级,是,6330,40,16,32,21.27
3068,吉林省,溥仪宣诏退位纪念馆,文化文物系统国有博物馆,未定级,是,87,0,1,36,5.6657
3069,吉林省,前郭尔罗斯查干湖渔猎文化博物馆,其他行业国有博物馆,未定级,否,1402,0,1,0,2.3884
3070,吉林省,前郭尔罗斯蒙古族自治县郭尔罗斯博物馆,文化文物系统国有博物馆,未定级,是,7874,38,2,26,2.59
3071,吉林省,乾安县博物馆,文化文物系统国有博物馆,未定级,是,3300,33,5,2,0.7146
3072,吉林省,仁德北方古代文明博物馆,非国有博物馆,未定级,是,5380,0,1,1,0.6335
3073,吉林省,舒兰市博物馆,文化文物系统国有博物馆,三级,是,1792,55,7,45,8.2612
3074,吉林省,双辽市郑家屯博物馆,文化文物系统国有博物馆,未定级,是,6655,101,20,16,14
3075,吉林省,四平市博物馆,文化文物系统国有博物馆,未定级,是,19487,173,7,14,10.728
3076,吉林省,四平战役纪念馆,文化文物系统国有博物馆,一级,是,11604,237,3,40,63.2232
3077,吉林省,松原市博物馆,文化文物系统国有博物馆,未定级,是,2200,0,5,12,6.3738
3078,吉林省,松原市金原博物馆,非国有博物馆,未定级,是,375,112,2,0,0.9528
3079,吉林省,洮南市博物馆,文化文物系统国有博物馆,未定级,是,772,9,3,2,8.2378
3080,吉林省,通化市博物馆,文化文物系统国有博物馆,未定级,是,6119,80,4,6,10.2703
3081,吉林省,通化市高志航纪念馆,文化文物系统国有博物馆,未定级,是,0,0,4,32,0.729
3082,吉林省,通化县大泉源酒业历史文化博物馆,非国有博物馆,未定级,是,301,49,5,6,1.0735
3083,吉林省,通榆县博物馆,文化文物系统国有博物馆,未定级,是,5990,74,9,3,1.9213
3084,吉林省,图们市博物馆,文化文物系统国有博物馆,未定级,是,1082,0,5,15,1.1514
3085,吉林省,汪清县博物馆,文化文物系统国有博物馆,未定级,是,674,5,1,1,1.562
3086,吉林省,伪满皇宫博物院,文化文物系统国有博物馆,一级,否,56965,11114,47,148,189.9558
3087,吉林省,小四平博物馆,其他行业国有博物馆,未定级,是,500,0,1,324,5.0007
3088,吉林省,延边博物馆,文化文物系统国有博物馆,二级,是,15727,523,13,70,30.3268
3089,吉林省,延边大学博物馆,其他行业国有博物馆,未定级,是,4105,0,1,19,7.5736
3090,吉林省,延吉市博物馆,文化文物系统国有博物馆,未定级,是,3263,13,3,1,0.7043
3091,吉林省,延吉市历史文化博物馆,非国有博物馆,未定级,是,625,0,4,28,4.4952
3092,吉林省,伊通满族自治县博物馆,文化文物系统国有博物馆,三级,是,6039,37,1,21,9.8841
3093,吉林省,永吉县博物馆,文化文物系统国有博物馆,未定级,是,421,125,30,28,6.3157
3094,吉林省,榆树市博物馆,文化文物系统国有博物馆,未定级,是,5003,136,6,6,1.2789
3095,吉林省,榆树市小乡博物馆,其他行业国有博物馆,未定级,是,526,0,1,0,2.3771
3096,吉林省,张鼓峰事件纪念馆,非国有博物馆,未定级,否,1138,0,2,0,2.575
3097,吉林省,长白山民俗博物馆,文化文物系统国有博物馆,未定级,是,1959,0,1,3,3.3258
3098,吉林省,长白山自然博物馆,其他行业国有博物馆,未定级,否,5023,0,2,9,7.9616
3099,吉林省,长春博物馆（长春市文物保护研究所）,文化文物系统国有博物馆,未定级,是,24635,17,8,1121,7.2422
3100,吉林省,长春大学萨满文化博物馆,其他行业国有博物馆,未定级,是,257,0,1,0,0
3101,吉林省,长春市方志馆（长春道台衙门博物馆）,其他行业国有博物馆,未定级,是,18,0,4,17,2.2523
3102,吉林省,长春市双阳区博物馆,文化文物系统国有博物馆,未定级,是,533,14,1,0,4.0043
3103,吉林省,长春市双阳区京华书画博物馆,非国有博物馆,未定级,是,316,0,2,0,0.2035
3104,吉林省,长春市双阳区满医满药博物馆,非国有博物馆,未定级,是,341,0,1,16,3.5192
3105,吉林省,长春市双阳区盛世图腾马文化博物馆,非国有博物馆,未定级,是,300,0,1,14,0.82
3106,吉林省,长春市双阳区亿嘉艺术博物馆,非国有博物馆,未定级,是,312,0,4,72,11.6011
3107,吉林省,长春市文庙博物馆,文化文物系统国有博物馆,二级,是,7030,0,11,329,20.1353
3108,吉林省,长岭县博物馆,文化文物系统国有博物馆,未定级,是,916,0,3,4,6.3013
3109,吉林省,长影旧址博物馆,其他行业国有博物馆,三级,否,5089,0,2,525,69.1373
3110,吉林省,镇赉县博物馆,文化文物系统国有博物馆,三级,是,6507,50,14,19,3.3548
3111,吉林省,职业教育博物馆,其他行业国有博物馆,未定级,是,1300,0,4,5,0.9016
3112,江苏省,阿炳纪念馆,其他行业国有博物馆,未定级,是,400,0,1,0,9.6817
3113,江苏省,阿炳祖居,其他行业国有博物馆,未定级,是,1,0,1,0,39.5197
3114,江苏省,宝应博物馆,文化文物系统国有博物馆,三级,是,3234,346,11,83,21.6733
3115,江苏省,宝应县周恩来少年读书处,文化文物系统国有博物馆,未定级,是,70,0,1,3,13.1425
3116,江苏省,滨海县博物馆,文化文物系统国有博物馆,未定级,是,580,0,5,1,5.92
3117,江苏省,曹用平艺术馆,文化文物系统国有博物馆,未定级,是,142,0,6,64,20.92
3118,江苏省,常熟博物馆,文化文物系统国有博物馆,一级,是,18011,1139,20,123,2.7243
3119,江苏省,常熟市碑刻博物馆,文化文物系统国有博物馆,未定级,是,655,41,1,7,66.5602
3120,江苏省,常熟市江南农家民俗馆,非国有博物馆,未定级,是,3366,0,1,0,2.8367
3121,江苏省,常熟市沙家浜革命历史纪念馆,非国有博物馆,未定级,是,1143,0,3,115,64.5768
3122,江苏省,常熟市文化博览中心,文化文物系统国有博物馆,未定级,否,2386,23,11,285,7.8926
3123,江苏省,常州白氏留青竹刻博物馆,非国有博物馆,未定级,是,303,0,1,0,0.76
3124,江苏省,常州博物馆,文化文物系统国有博物馆,一级,是,34835,3996,24,834,307.6235
3125,江苏省,常州横山博物馆,非国有博物馆,未定级,是,660,0,9,4,8.6532
3126,江苏省,常州荆溪玉陶艺术馆,非国有博物馆,未定级,是,300,0,2,0,2.0571
3127,江苏省,常州牟家村博物馆,非国有博物馆,未定级,是,480,0,3,2,1.2
3128,江苏省,常州三杰纪念馆,文化文物系统国有博物馆,二级,是,1369,19,34,321,72.1241
3129,江苏省,常州市宝盛园博物馆,非国有博物馆,未定级,是,1883,0,3,0,60.1645
3130,江苏省,常州市陈亚先乱针绣博物馆,非国有博物馆,未定级,是,402,0,1,35,1.0682
3131,江苏省,常州市德伊门矿物博物馆,非国有博物馆,未定级,是,303,0,1,50,2.1
3132,江苏省,常州市戈小兴中外烟标烟具博物馆,非国有博物馆,未定级,是,2259,0,6,3,7.3314
3133,江苏省,常州市金坛区博物馆,文化文物系统国有博物馆,二级,是,8673,207,21,46,18.265
3134,江苏省,常州市龙城梳篦博物馆,非国有博物馆,未定级,是,697,0,2,15,0.8536
3135,江苏省,常州市孟河医派博物馆,非国有博物馆,未定级,是,454,0,1,1,0.6998
3136,江苏省,常州市圩墩遗址博物馆,其他行业国有博物馆,未定级,是,274,0,2,52,8.3716
3137,江苏省,常州市武进区博物馆（常州市武进区淹城博物馆、常州市武进区文物保护和考古管理中心）,文化文物系统国有博物馆,二级,是,3822,613,16,127,31.6335
3138,江苏省,常州市武进区藏龙龙文化博物馆,非国有博物馆,未定级,是,484,0,8,3,0.856
3139,江苏省,常州市武进区滆湖民俗博物馆,非国有博物馆,未定级,是,355,0,1,1,1.2
3140,江苏省,常州市武进区湖塘博物馆,非国有博物馆,未定级,是,364,0,7,0,1.342
3141,江苏省,常州市武进区龙承博物馆,非国有博物馆,未定级,是,339,0,0,0,0
3142,江苏省,常州市武进区徐氏竹木刻博物馆,非国有博物馆,未定级,是,300,0,5,2,0.8
3143,江苏省,常州市武进区阳湖宝源博物馆,非国有博物馆,未定级,是,308,0,4,1,0.8835
3144,江苏省,常州市新北区春江博物馆,非国有博物馆,未定级,是,531,0,5,2,1.0027
3145,江苏省,丹阳市博物馆,文化文物系统国有博物馆,未定级,是,1266,156,7,6,2
3146,江苏省,丹阳市怡情轩博物馆,非国有博物馆,未定级,是,1250,0,6,0,0.8
3147,江苏省,丹阳市总前委旧址纪念馆,文化文物系统国有博物馆,未定级,是,651,33,30,56,26.5
3148,江苏省,丁山社区红色记忆电影文化陈列馆,其他行业国有博物馆,未定级,是,86,0,1,12,1.8205
3149,江苏省,东海圣时水晶博物馆,非国有博物馆,未定级,是,820,0,4,2,1.2291
3150,江苏省,东海水晶博物馆,其他行业国有博物馆,未定级,是,545,0,7,25,21.0526
3151,江苏省,东海县博物馆,文化文物系统国有博物馆,三级,是,1165,122,6,5,34.9572
3152,江苏省,东台市博物馆,文化文物系统国有博物馆,二级,是,1725,50,17,20,11.9743
3153,江苏省,丰县博物馆,文化文物系统国有博物馆,三级,是,844,27,4,20,79.192
3154,江苏省,阜宁县博物馆,文化文物系统国有博物馆,未定级,是,365,12,8,22,17.638
3155,江苏省,傅抱石纪念馆,文化文物系统国有博物馆,未定级,是,250,0,3,1,0.1
3156,江苏省,高邮市博物馆,文化文物系统国有博物馆,三级,是,2780,25,19,45,33.6688
3157,江苏省,高邮市集邮家博物馆,文化文物系统国有博物馆,未定级,是,11035,0,6,10,9.1231
3158,江苏省,鼓楼医院历史纪念馆,其他行业国有博物馆,未定级,是,616,0,1,0,0.2565
3159,江苏省,灌南县博物馆,文化文物系统国有博物馆,未定级,是,657,150,4,10,17.55
3160,江苏省,灌南县红色文化博物馆,非国有博物馆,未定级,是,662,69,2,11,5.45
3161,江苏省,灌云县博物馆,文化文物系统国有博物馆,三级,是,3293,162,7,30,24.95
3162,江苏省,海安市博物馆,文化文物系统国有博物馆,二级,是,1234,55,10,72,18.31
3163,江苏省,海安市青墩遗址博物馆,文化文物系统国有博物馆,未定级,是,220,0,1,0,4.1489
3164,江苏省,海安魏建功纪念馆,非国有博物馆,未定级,是,328,0,4,40,4.8
3165,江苏省,海门叠石桥家纺博物馆,其他行业国有博物馆,未定级,是,309,0,1,8,4.2645
3166,江苏省,何振梁与奥林匹克陈列馆,其他行业国有博物馆,未定级,是,2266,22,13,12,2.3206
3167,江苏省,洪泽湖博物馆,文化文物系统国有博物馆,未定级,是,854,11,13,10,5.0342
3168,江苏省,淮安市博物馆,文化文物系统国有博物馆,一级,是,31285,1029,11,60,27.0079
3169,江苏省,淮安市楚州博物馆,文化文物系统国有博物馆,三级,是,7582,380,9,15,49.568
3170,江苏省,淮安市铁霞轩古花盆博物馆,非国有博物馆,未定级,是,309,0,2,12,4.8938
3171,江苏省,淮安市万雅奇石陶瓷博物馆,非国有博物馆,未定级,是,483,0,3,12,0.2658
3172,江苏省,淮安运河博物馆,其他行业国有博物馆,未定级,是,397,4,7,0,49.5736
3173,江苏省,淮海战役纪念馆,其他行业国有博物馆,一级,是,19447,537,11,240,490.1729
3174,江苏省,淮扬菜文化博物馆,其他行业国有博物馆,未定级,是,304,0,1,56,17.7368
3175,江苏省,黄海湿地博物馆,其他行业国有博物馆,未定级,是,320,0,1,190,25.5359
3176,江苏省,建湖县博物馆,文化文物系统国有博物馆,未定级,是,752,43,1,11,11.6281
3177,江苏省,江苏海事职业技术学院海事教育博物馆,文化文物系统国有博物馆,未定级,是,301,0,4,80,0.6856
3178,江苏省,江苏淮剧博物馆,文化文物系统国有博物馆,未定级,是,2738,58,2,11,3.9722
3179,江苏省,江苏警官学院博物馆,其他行业国有博物馆,三级,是,9342,3,6,68,5.4173
3180,江苏省,江苏盆景博物馆,其他行业国有博物馆,未定级,是,780,0,1,3,1.6154
3181,江苏省,江苏省江海博物馆,文化文物系统国有博物馆,二级,是,5211,861,21,50,21.3085
3182,江苏省,江苏省中医药博物馆,其他行业国有博物馆,未定级,是,600,0,9,5,2.5718
3183,江苏省,江苏药学博物馆,其他行业国有博物馆,未定级,是,523,0,1,0,1.6
3184,江苏省,江阴市宝壶斋茶具博物馆,非国有博物馆,未定级,是,1552,0,3,0,1.9414
3185,江苏省,江阴市博物馆,文化文物系统国有博物馆,一级,是,10488,425,15,171,60.7563
3186,江苏省,江阴市革命烈士纪念馆,其他行业国有博物馆,未定级,是,49,0,2,0,3.9936
3187,江苏省,江阴市文物保护和考古研究中心,文化文物系统国有博物馆,未定级,是,2,0,7,5,74.0492
3188,江苏省,江阴市吴文藻冰心故居陈列馆,其他行业国有博物馆,未定级,是,5,0,1,0,10.6287
3189,江苏省,江阴市长泾文化旅游有限公司,其他行业国有博物馆,未定级,是,702,0,3,0,22.1354
3190,江苏省,江阴市中共江阴一大会址纪念馆,其他行业国有博物馆,未定级,是,5,0,1,0,3.1255
3191,江苏省,江阴周少梅故居陈列馆,其他行业国有博物馆,未定级,是,0,0,0,0,0
3192,江苏省,金湖县博物馆,文化文物系统国有博物馆,未定级,是,915,37,1,1,0.2
3193,江苏省,金陵竹刻艺术博物馆,非国有博物馆,未定级,是,505,0,3,192,1.6793
3194,江苏省,靖江市西来镇农耕文化陈列馆,其他行业国有博物馆,未定级,是,855,0,6,38,12.0216
3195,江苏省,句容市博物馆（市先吴文化博物馆）,文化文物系统国有博物馆,三级,是,4092,113,4,6,14.5503
3196,江苏省,抗日山革命烈士纪念馆,其他行业国有博物馆,未定级,是,890,40,1,402,14.482
3197,江苏省,昆山戏曲百戏博物馆,其他行业国有博物馆,未定级,是,3699,0,8,293,30.9113
3198,江苏省,冷遹纪念馆,文化文物系统国有博物馆,未定级,是,450,5,2,13,25.9057
3199,江苏省,李昌钰刑侦科学博物馆,文化文物系统国有博物馆,二级,是,1057,0,9,74,16.4654
3200,江苏省,李可染艺术馆,其他行业国有博物馆,未定级,是,183,47,4,6,4.15
3201,江苏省,李汝珍纪念馆,文化文物系统国有博物馆,未定级,是,131,0,1,90,1.6
3202,江苏省,励志社博物馆,其他行业国有博物馆,未定级,是,368,0,1,19,3.6996
3203,江苏省,溧阳市博物馆,文化文物系统国有博物馆,二级,是,5035,118,8,183,80.9303
3204,江苏省,溧阳市天目湖酒文化博物馆,非国有博物馆,三级,是,6154,0,6,3,8.3168
3205,江苏省,连云港市博物馆,文化文物系统国有博物馆,一级,是,15900,766,19,85,92.8753
3206,江苏省,连云港市赣榆区博物馆,文化文物系统国有博物馆,三级,是,2358,104,9,25,6.6326
3207,江苏省,连云港市革命纪念馆,其他行业国有博物馆,未定级,是,4728,253,4,70,53.9623
3208,江苏省,连云港市民俗博物馆（连云港市非物质文化遗产博物馆、连云港市非物质文化遗产保护中心、连云港市山海文化生态保护中心）,文化文物系统国有博物馆,未定级,是,694,42,8,63,17.6
3209,江苏省,涟水县博物馆,文化文物系统国有博物馆,三级,是,380,31,1,8,49.896
3210,江苏省,柳亚子纪念馆,文化文物系统国有博物馆,未定级,是,891,126,9,15,17.6278
3211,江苏省,陆定一祖居陈列馆,其他行业国有博物馆,未定级,是,13,0,1,125,64.4707
3212,江苏省,陆巷社区博物馆,其他行业国有博物馆,未定级,否,15,0,0,0,0
3213,江苏省,茅山新四军纪念馆,文化文物系统国有博物馆,二级,是,4027,90,12,52,126.4
3214,江苏省,茅以升纪念馆,其他行业国有博物馆,未定级,是,2030,0,3,141,6.4113
3215,江苏省,梅山钢铁博物馆,其他行业国有博物馆,未定级,是,1412,0,6,27,44.6635
3216,江苏省,明孝陵博物馆,其他行业国有博物馆,二级,是,4011,109,11,97,60.1009
3217,江苏省,南京奥林匹克博物馆,非国有博物馆,未定级,是,1635,0,9,136,8.1141
3218,江苏省,南京百家湖博物馆,非国有博物馆,未定级,是,384,0,0,0,0
3219,江苏省,南京博物院,文化文物系统国有博物馆,一级,是,433834,222785,35,958,568.7899
3220,江苏省,南京城墙博物馆,文化文物系统国有博物馆,一级,是,3462,142,22,109,668.22
3221,江苏省,南京大报恩寺遗址博物馆,其他行业国有博物馆,一级,否,1140,0,12,195,171.1448
3222,江苏省,南京大学拉贝与国际安全区纪念馆,其他行业国有博物馆,未定级,是,50,0,2,100,3.0812
3223,江苏省,南京德基艺术博物馆,非国有博物馆,未定级,是,305,0,4,71,92.3771
3224,江苏省,南京地质博物馆,其他行业国有博物馆,二级,是,20060,0,16,38,36.0191
3225,江苏省,南京钢铁博物馆,其他行业国有博物馆,未定级,是,352,0,3,781,5.6897
3226,江苏省,南京古生物博物馆,其他行业国有博物馆,未定级,是,930,0,4,108,48
3227,江苏省,南京海龙红木文化博物馆,非国有博物馆,未定级,是,302,0,1,1,1.9697
3228,江苏省,南京江南丝绸文化博物馆,非国有博物馆,二级,是,643,6,7,96,4.4834
3229,江苏省,南京金都金箔技艺博物馆,非国有博物馆,未定级,是,403,0,0,0,0
3230,江苏省,南京金陵文化博物馆,非国有博物馆,未定级,是,773,0,1,4,0.1673
3231,江苏省,南京镜见律师博物馆,非国有博物馆,未定级,是,300,0,1,9,1.003
3232,江苏省,南京抗日航空烈士纪念馆,其他行业国有博物馆,二级,是,1348,49,15,242,7.9305
3233,江苏省,南京科举博物馆,其他行业国有博物馆,一级,否,4062,143,8,628,122.0151
3234,江苏省,南京历代云锦博物馆,非国有博物馆,二级,是,5271,0,16,110,35.5539
3235,江苏省,南京林业大学博物馆,其他行业国有博物馆,未定级,是,1400,0,5,3,2.3105
3236,江苏省,南京鲁迅纪念馆,其他行业国有博物馆,未定级,是,50,0,1,1,0.408
3237,江苏省,南京麻凡艺术馆,非国有博物馆,未定级,是,305,0,1,0,0.056
3238,江苏省,南京民间抗日战争博物馆,非国有博物馆,未定级,是,6405,0,3,342,1.8621
3239,江苏省,南京名城老字号博物馆,非国有博物馆,未定级,是,396,0,0,0,0
3240,江苏省,南京清城韵翠玉博物馆,非国有博物馆,未定级,是,348,0,1,3,3.8203
3241,江苏省,南京师范大学博物馆,其他行业国有博物馆,未定级,是,1559,0,6,260,3.8018
3242,江苏省,南京市宝缘斋博物馆,非国有博物馆,未定级,是,466,0,1,1,0.0596
3243,江苏省,南京市博物总馆,文化文物系统国有博物馆,一级,否,95161,47274,66,1702,434.3584
3244,江苏省,南京市高淳区博物馆,文化文物系统国有博物馆,二级,是,8066,646,12,246,9.9199
3245,江苏省,南京市高淳区中华绒螯蟹博物馆,非国有博物馆,未定级,是,320,0,3,85,2.2668
3246,江苏省,南京市广凌玉石博物馆,非国有博物馆,未定级,是,0,0,0,0,0
3247,江苏省,南京市江宁区金陵佛教文化博物馆,其他行业国有博物馆,未定级,否,345,0,1,1,571.51
3248,江苏省,南京市江宁区民俗博物馆,文化文物系统国有博物馆,未定级,否,15,0,3,10,0.5547
3249,江苏省,南京市江宁区文化遗产保护中心（南京市江宁区博物馆）,文化文物系统国有博物馆,二级,是,8516,968,10,216,46.5844
3250,江苏省,南京市溧水区博物馆,文化文物系统国有博物馆,三级,是,2691,224,4,26,12.9518
3251,江苏省,南京市六合区博物馆,文化文物系统国有博物馆,未定级,是,577,179,1,0,0.041
3252,江苏省,南京市手语博物馆,其他行业国有博物馆,未定级,是,322,0,6,5,0.1278
3253,江苏省,南京市西善桥历史文化博物馆,其他行业国有博物馆,未定级,是,541,0,0,0,0
3254,江苏省,南京市现代陶瓷博物馆,非国有博物馆,三级,否,416,0,4,57,10.1872
3255,江苏省,南京税收博物馆,其他行业国有博物馆,未定级,是,1179,0,7,184,3.3081
3256,江苏省,南京天文历史博物馆,其他行业国有博物馆,未定级,否,100,0,4,38,13.2996
3257,江苏省,南京条约史料陈列馆（南京静海寺纪念馆）,其他行业国有博物馆,未定级,是,555,0,6,9,8.1679
3258,江苏省,南京消防博物馆,其他行业国有博物馆,未定级,是,305,0,1,0,1.1803
3259,江苏省,南京颜真卿纪念馆,文化文物系统国有博物馆,未定级,是,55,0,8,10,2.2916
3260,江苏省,南京雨花石博物馆,其他行业国有博物馆,未定级,是,791,0,0,0,0
3261,江苏省,南京钰缘泉博物馆,非国有博物馆,未定级,是,338,0,3,12,2.3124
3262,江苏省,南京直立人化石遗址博物馆,其他行业国有博物馆,未定级,否,1281,0,4,257,12.3381
3263,江苏省,南京中国近代史遗址博物馆,其他行业国有博物馆,未定级,否,2647,0,8,123,580.6141
3264,江苏省,南京紫金山昆虫博物馆,非国有博物馆,未定级,否,392,0,2,366,16.2618
3265,江苏省,南通博物苑,文化文物系统国有博物馆,一级,是,23180,1741,24,168,125.98
3266,江苏省,南通城市博物馆,其他行业国有博物馆,未定级,是,2,0,1,39,1.2204
3267,江苏省,南通纺织博物馆,文化文物系统国有博物馆,未定级,是,3076,80,1,2,4.3087
3268,江苏省,南通飞响板鹞博物馆,非国有博物馆,未定级,是,1149,0,1,86,1.1225
3269,江苏省,南通风筝博物馆,非国有博物馆,未定级,是,437,0,0,50,0
3270,江苏省,南通蓝印花布博物馆,非国有博物馆,未定级,是,5516,134,3,95,10.6512
3271,江苏省,南通市富美帽饰博物馆,非国有博物馆,未定级,是,1048,0,7,113,12.5037
3272,江苏省,南通市个簃艺术馆,文化文物系统国有博物馆,未定级,是,1117,7,21,21,7.1241
3273,江苏省,南通市海门张謇纪念馆,其他行业国有博物馆,三级,是,46,23,3,20,9.9843
3274,江苏省,南通市沈绣博物馆,非国有博物馆,未定级,是,585,0,11,12,7.32
3275,江苏省,南通市通州忠孝博物馆,其他行业国有博物馆,未定级,是,315,0,8,9,4.9001
3276,江苏省,南通通有明清家具博物馆,非国有博物馆,未定级,是,1292,0,1,1,1.5114
3277,江苏省,南通通作家具博物馆,非国有博物馆,未定级,是,387,0,2,89,16.9
3278,江苏省,南通中国珠算博物馆,其他行业国有博物馆,三级,是,4110,0,7,35,47.003
3279,江苏省,南通中华慈善博物馆,其他行业国有博物馆,二级,是,5666,128,1,91,12.16
3280,江苏省,南通中医药文化博物馆,非国有博物馆,三级,是,1224,0,1,88,15.38
3281,江苏省,倪瓒纪念馆,其他行业国有博物馆,未定级,是,23,0,22,16,62.7851
3282,江苏省,沛县博物馆,文化文物系统国有博物馆,二级,是,1753,35,10,35,38.3876
3283,江苏省,邳州市博物馆,文化文物系统国有博物馆,二级,是,2685,158,9,43,70.0422
3284,江苏省,启东博物馆,文化文物系统国有博物馆,未定级,是,690,0,3,81,13
3285,江苏省,侵华日军南京大屠杀遇难同胞纪念馆,其他行业国有博物馆,一级,是,106298,1222,34,396,612.3546
3286,江苏省,求雨山文化名人纪念馆,文化文物系统国有博物馆,三级,是,2979,143,18,21,54.082
3287,江苏省,如东县博物馆,文化文物系统国有博物馆,未定级,是,581,0,8,40,25.12
3288,江苏省,如皋市博物馆,文化文物系统国有博物馆,二级,是,2955,113,11,70,41.81
3289,江苏省,如皋市红十四军纪念馆,其他行业国有博物馆,未定级,是,336,0,1,4,15.822
3290,江苏省,如皋丝毯艺术博物馆,非国有博物馆,未定级,是,309,0,6,6,4.5296
3291,江苏省,审计博物馆,其他行业国有博物馆,三级,是,6705,0,9,5,5.028
3292,江苏省,施耐庵纪念馆,文化文物系统国有博物馆,未定级,是,1017,0,7,12,10.81
3293,江苏省,史可法纪念馆,文化文物系统国有博物馆,三级,是,1069,6,19,83,61.4861
3294,江苏省,沭阳县博物馆,文化文物系统国有博物馆,未定级,是,776,89,8,26,35.8562
3295,江苏省,泗洪木化石博物馆,非国有博物馆,未定级,是,300,0,1,0,0.12
3296,江苏省,泗洪县博物馆,文化文物系统国有博物馆,二级,是,1356,61,2,105,42.468
3297,江苏省,泗阳棉花博物馆,其他行业国有博物馆,未定级,是,330,0,1,1,0.5
3298,江苏省,泗阳县博物馆,文化文物系统国有博物馆,未定级,是,453,23,1,12,24.7
3299,江苏省,泗阳杨树博物馆,文化文物系统国有博物馆,未定级,是,305,0,1,4,33.9075
3300,江苏省,宋文治艺术馆（太仓名人馆）,文化文物系统国有博物馆,未定级,是,756,9,11,112,6.4665
3301,江苏省,苏皖边区政府旧址纪念馆,文化文物系统国有博物馆,三级,是,890,151,8,12,15.5869
3302,江苏省,苏中七战七捷纪念馆,其他行业国有博物馆,未定级,是,225,24,1,100,15.94
3303,江苏省,苏州碑刻博物馆（苏州文庙管理所）,文化文物系统国有博物馆,二级,是,7444,1192,14,402,79.548
3304,江苏省,苏州博物馆（苏州民俗博物馆、苏州工艺美术博物馆）,文化文物系统国有博物馆,一级,是,34381,9742,59,1619,484.1101
3305,江苏省,苏州城墙博物馆,其他行业国有博物馆,未定级,是,483,0,6,74,38.6978
3306,江苏省,苏州东吴博物馆,文化文物系统国有博物馆,未定级,是,1786,952,7,88,3.4483
3307,江苏省,苏州革命博物馆,其他行业国有博物馆,未定级,是,642,27,9,54,15.7073
3308,江苏省,苏州古丰阁门窗家具民艺博物馆,非国有博物馆,未定级,是,473,5,4,114,2.9772
3309,江苏省,苏州基金博物馆,非国有博物馆,未定级,是,325,0,8,35,1.1381
3310,江苏省,苏州江南茶文化博物馆,非国有博物馆,未定级,是,606,0,4,26,6.4328
3311,江苏省,苏州教育博物馆,其他行业国有博物馆,未定级,是,3429,0,22,960,8.5944
3312,江苏省,苏州历史货币博物馆,非国有博物馆,未定级,是,303,0,1,0,0.1027
3313,江苏省,苏州南社纪念馆,非国有博物馆,未定级,是,353,0,7,41,5.1614
3314,江苏省,苏州巧生炉博物馆,非国有博物馆,未定级,是,449,0,3,9,3.0157
3315,江苏省,苏州生肖邮票博物馆,非国有博物馆,三级,是,14204,0,12,63,19.4211
3316,江苏省,苏州市苏帮菜餐饮文化博物馆,非国有博物馆,未定级,是,455,0,5,8,12.5732
3317,江苏省,苏州市吴江区江悦古代木雕造像艺术博物馆,非国有博物馆,未定级,是,303,0,3,2,19
3318,江苏省,苏州市吴江区六悦博物馆,非国有博物馆,未定级,是,516,0,1,24,4.7552
3319,江苏省,苏州市吴江区吴根越角中医药博物馆,非国有博物馆,未定级,是,563,0,17,12,7.9541
3320,江苏省,苏州丝绸博物馆,文化文物系统国有博物馆,一级,是,6555,218,19,140,52.2153
3321,江苏省,苏州苏扇博物馆,非国有博物馆,未定级,是,665,0,0,0,0
3322,江苏省,苏州无言斋民俗博物馆,非国有博物馆,未定级,是,1032,0,3,2,5.062
3323,江苏省,苏州吴文化博物馆,文化文物系统国有博物馆,一级,是,5764,297,21,266,35.6963
3324,江苏省,苏州戏曲博物馆,文化文物系统国有博物馆,二级,是,8354,641,5,542,45.2812
3325,江苏省,苏州谢杏生戏曲服饰博物馆,非国有博物馆,未定级,是,419,0,3,0,15
3326,江苏省,苏州御窑金砖博物馆,其他行业国有博物馆,二级,是,1458,79,3,538,39.8796
3327,江苏省,苏州园林博物馆,其他行业国有博物馆,未定级,是,1066,13,12,40,38.59
3328,江苏省,苏州中学西马博物馆,其他行业国有博物馆,未定级,是,300,0,7,8,0.62
3329,江苏省,苏州中医药博物馆,其他行业国有博物馆,未定级,是,20919,0,8,26,5.2084
3330,江苏省,苏州砖雕博物馆,非国有博物馆,未定级,是,320,0,4,0,1
3331,江苏省,苏州状元博物馆,其他行业国有博物馆,未定级,是,395,0,5,25,15.745
3332,江苏省,宿北大战纪念馆（宿迁市烈士陵园管理处）,其他行业国有博物馆,未定级,是,403,0,1,2,3
3333,江苏省,宿迁市博物馆,文化文物系统国有博物馆,二级,是,6184,150,25,91,54.6249
3334,江苏省,宿迁市宿城区博物馆,文化文物系统国有博物馆,未定级,是,649,0,1,1,3.7
3335,江苏省,宿迁市宿豫区博物馆,文化文物系统国有博物馆,未定级,是,31,0,1,5,3.6
3336,江苏省,睢宁县博物馆,文化文物系统国有博物馆,三级,是,3631,44,4,300,43.6805
3337,江苏省,孙冶方纪念馆,其他行业国有博物馆,未定级,是,204,0,1,11,58.4011
3338,江苏省,孙中山纪念馆,其他行业国有博物馆,二级,是,1946,47,8,211,220.6308
3339,江苏省,太仓市博物馆,文化文物系统国有博物馆,二级,是,1958,153,24,65,31.7171
3340,江苏省,太仓市顺宝斋钟表博物馆,非国有博物馆,未定级,是,316,0,4,5,1.7258
3341,江苏省,太仓维新遗址陈列馆,其他行业国有博物馆,未定级,是,27,0,2,46,4.1869
3342,江苏省,太仓郑和纪念馆,其他行业国有博物馆,未定级,是,83,0,1,30,42.0253
3343,江苏省,泰兴市博物馆,文化文物系统国有博物馆,二级,是,1225,45,11,9,22.8555
3344,江苏省,泰兴市革命烈士纪念馆,其他行业国有博物馆,未定级,是,234,0,1,5,3.6445
3345,江苏省,泰兴市观道博物馆,非国有博物馆,未定级,是,818,0,2,5,1.9334
3346,江苏省,泰州传统建筑风水博物馆,其他行业国有博物馆,未定级,否,128,0,1,0,0.15
3347,江苏省,泰州单声珍藏文物馆,其他行业国有博物馆,未定级,是,492,0,2,4,1.496
3348,江苏省,泰州市博物馆,文化文物系统国有博物馆,二级,是,11680,1002,15,166,51.1234
3349,江苏省,泰州市姜堰区博物馆,文化文物系统国有博物馆,三级,是,6510,164,15,115,12.5669
3350,江苏省,泰州市姜堰区美术馆（泰州市姜堰区高二适纪念馆）,文化文物系统国有博物馆,未定级,是,391,0,23,36,14.1391
3351,江苏省,泰州市烈士陵园（泰州市革命历史纪念馆）,其他行业国有博物馆,未定级,是,185,64,1,40,5.5
3352,江苏省,泰州市梅兰芳纪念馆,其他行业国有博物馆,未定级,是,1358,0,9,6,42.3223
3353,江苏省,泰州市三生万赏石博物馆,非国有博物馆,未定级,是,308,0,11,29,10.9875
3354,江苏省,泰州市学政试院管理处（科举院试博物馆）,其他行业国有博物馆,未定级,否,108,8,7,5,1.6662
3355,江苏省,陶行知纪念馆,其他行业国有博物馆,未定级,是,1617,118,2,40,5.8
3356,江苏省,王昆仑故居陈列馆,其他行业国有博物馆,未定级,是,71,0,1,0,1.059
3357,江苏省,王选事迹陈列馆,其他行业国有博物馆,未定级,是,300,0,1,0,2.8328
3358,江苏省,无锡博物院,文化文物系统国有博物馆,一级,是,34760,1469,37,295,111.4766
3359,江苏省,无锡慈善博物馆,其他行业国有博物馆,未定级,是,310,0,5,97,12.0362
3360,江苏省,无锡得一堂民间艺术品博物馆,非国有博物馆,未定级,是,3577,0,3,0,7.7136
3361,江苏省,无锡华蘅芳故居陈列馆,其他行业国有博物馆,未定级,是,1,0,1,0,76.143
3362,江苏省,无锡华夏生肖博物馆,非国有博物馆,未定级,是,11163,0,4,0,2.7947
3363,江苏省,无锡美术馆（无锡市书画院、书画艺术杂志社）,文化文物系统国有博物馆,未定级,是,1290,0,25,50,57.8
3364,江苏省,无锡民乐博物馆,其他行业国有博物馆,未定级,是,993,8,0,0,0
3365,江苏省,无锡泥人博物馆,其他行业国有博物馆,未定级,否,1950,88,1,0,3.8802
3366,江苏省,无锡市滨湖区灵山博物馆,其他行业国有博物馆,未定级,是,309,0,8,0,180.2753
3367,江苏省,无锡市东林书院和名人故居管理中心,文化文物系统国有博物馆,未定级,是,870,53,17,361,158.7805
3368,江苏省,无锡市鸿山遗址博物馆,文化文物系统国有博物馆,二级,是,1173,85,7,71,55.7103
3369,江苏省,无锡市梅里遗址博物馆,其他行业国有博物馆,未定级,是,355,0,7,30,148.3875
3370,江苏省,无锡市民间蓝印花布博物馆,非国有博物馆,未定级,是,500,0,1,20,0.2
3371,江苏省,无锡帅元紫砂博物馆,非国有博物馆,未定级,是,141,0,3,0,9.6258
3372,江苏省,无锡丝业博物馆,其他行业国有博物馆,未定级,否,200,0,1,0,8.8237
3373,江苏省,无锡吴都阖闾城遗址博物馆,其他行业国有博物馆,三级,否,713,0,11,86,5.8933
3374,江苏省,无锡锡剧艺术中心,其他行业国有博物馆,未定级,是,0,0,23,0,12.8338
3375,江苏省,无锡乡镇企业博物馆,其他行业国有博物馆,未定级,是,1651,0,1,85,27.8572
3376,江苏省,无锡新四军江抗东进纪念馆,其他行业国有博物馆,未定级,是,305,0,1,288,2.2472
3377,江苏省,无锡新四军六师师部旧址陈列馆,其他行业国有博物馆,未定级,是,196,0,3,0,46.1118
3378,江苏省,无锡信利博物馆,非国有博物馆,三级,是,719,0,15,35,12.2664
3379,江苏省,无锡薛南溟故居陈列馆,其他行业国有博物馆,未定级,否,20,0,1,0,0.4396
3380,江苏省,无锡阳山桃文化博览馆,其他行业国有博物馆,未定级,是,318,0,0,0,0
3381,江苏省,无锡窑群遗址博物馆,其他行业国有博物馆,未定级,否,200,0,1,0,13.8829
3382,江苏省,无锡中共中山中学旧址纪念馆,其他行业国有博物馆,未定级,是,8,0,1,0,21.6799
3383,江苏省,无锡祝大椿故居陈列馆,其他行业国有博物馆,未定级,否,150,0,1,0,7.0243
3384,江苏省,吴江博物馆（苏州市吴江区苏州湾博物馆）,文化文物系统国有博物馆,二级,是,27925,729,10,89,20.3437
3385,江苏省,西舍红色文化陈列馆,其他行业国有博物馆,未定级,是,303,0,1,80,12.7987
3386,江苏省,新四军黄桥战役纪念馆,其他行业国有博物馆,三级,是,1169,33,6,85,48.8922
3387,江苏省,新四军纪念馆,文化文物系统国有博物馆,一级,是,17186,566,13,85,150.03
3388,江苏省,新四军江南指挥部纪念馆,其他行业国有博物馆,二级,是,12620,368,3,23,128.674
3389,江苏省,新四军四县抗敌总会纪念馆,文化文物系统国有博物馆,未定级,是,256,6,5,13,26.607
3390,江苏省,新沂市博物馆,文化文物系统国有博物馆,三级,是,2527,33,4,90,49.9658
3391,江苏省,兴化市博物馆,文化文物系统国有博物馆,二级,是,2909,167,24,100,50.0269
3392,江苏省,盱眙县博物馆,文化文物系统国有博物馆,三级,是,2821,429,2,10,15.2872
3393,江苏省,盱眙县黄花塘新四军军部纪念馆,文化文物系统国有博物馆,未定级,是,988,57,2,898,32.5
3394,江苏省,盱眙县考古和文物保护中心,文化文物系统国有博物馆,未定级,是,592,0,1,10,40.14
3395,江苏省,徐州博物馆,文化文物系统国有博物馆,一级,是,28152,1203,27,172,222.4572
3396,江苏省,徐州龟山汉墓陈列馆,其他行业国有博物馆,未定级,否,3,0,1,27,80.3215
3397,江苏省,徐州汉兵马俑博物馆,文化文物系统国有博物馆,二级,否,291,19,5,23,37.8026
3398,江苏省,徐州圣博匾额楹联文化博物馆,非国有博物馆,未定级,是,350,0,2,1,19.6485
3399,江苏省,徐州圣旨博物馆,非国有博物馆,二级,否,4898,49,9,50,49.4921
3400,江苏省,徐州市非物质文化遗产馆,其他行业国有博物馆,未定级,否,552,12,8,36,20.0293
3401,江苏省,徐州市鼓楼区辰申古陶博物馆,非国有博物馆,未定级,是,574,0,0,0,0
3402,江苏省,徐州市贾汪区白集汉墓陈列馆（徐州市贾汪区白集汉墓管理处）,文化文物系统国有博物馆,未定级,是,119,21,1,0,11.4775
3403,江苏省,徐州市铜山区北洞山汉墓陈列馆,文化文物系统国有博物馆,未定级,是,14,0,2,32,5.2591
3404,江苏省,徐州市紫砂博物馆,非国有博物馆,未定级,是,335,0,3,2,1.0222
3405,江苏省,薛暮桥纪念馆,其他行业国有博物馆,未定级,是,30,0,1,8,57.1665
3406,江苏省,盐城市大丰区博物馆,文化文物系统国有博物馆,未定级,是,1126,48,8,22,10
3407,江苏省,盐城市大丰区上海知青纪念馆,文化文物系统国有博物馆,未定级,是,590,0,6,0,11.7012
3408,江苏省,盐城市大丰区野鹿荡本场人文化博物馆,非国有博物馆,未定级,否,425,0,3,1,0.1
3409,江苏省,盐城市水街酒文化博物馆,非国有博物馆,未定级,是,700,0,1,0,0.5
3410,江苏省,盐城市盐都区博物馆,文化文物系统国有博物馆,三级,是,3021,10,9,42,74.6617
3411,江苏省,盐城中国海盐博物馆(盐城市博物馆）,文化文物系统国有博物馆,一级,是,14696,344,22,371,152.937
3412,江苏省,扬派盆景博物馆,其他行业国有博物馆,未定级,是,980,0,4,53,55.5602
3413,江苏省,扬中市博物馆,文化文物系统国有博物馆,三级,是,1149,24,8,21,51.5274
3414,江苏省,扬中市陈履生竹器博物馆,非国有博物馆,未定级,是,417,0,1,180,6.2
3415,江苏省,扬州八怪纪念馆,文化文物系统国有博物馆,未定级,否,356,0,29,62,17.1676
3416,江苏省,扬州博物馆,文化文物系统国有博物馆,一级,是,17618,1529,37,126,100.494
3417,江苏省,扬州佛教文化博物馆,其他行业国有博物馆,未定级,是,12,0,1,0,6.6692
3418,江苏省,扬州杭集牙刷博物馆,其他行业国有博物馆,未定级,是,46,0,1,0,0.2026
3419,江苏省,扬州市江都区博物馆,文化文物系统国有博物馆,三级,是,3480,89,7,20,10.187
3420,江苏省,扬州市蜀冈唐子城风景区管理处（扬州唐城遗址博物馆、扬州汉广陵王墓博物馆、崔致远纪念馆）,其他行业国有博物馆,三级,否,827,18,12,85,51.296
3421,江苏省,扬州中国大运河博物馆,文化文物系统国有博物馆,一级,是,9041,1114,47,5322,460.3593
3422,江苏省,杨根思烈士陵园,其他行业国有博物馆,未定级,是,29,12,4,2,23.5
3423,江苏省,姚桐斌故居陈列馆,其他行业国有博物馆,未定级,是,130,0,8,0,46.8167
3424,江苏省,仪征市博物馆,文化文物系统国有博物馆,二级,是,8327,684,13,65,15.235
3425,江苏省,宜兴市博物馆,文化文物系统国有博物馆,一级,是,35845,137,17,149,137.9328
3426,江苏省,宜兴市美术馆,文化文物系统国有博物馆,未定级,是,724,103,2,26,85.213
3427,江苏省,宜兴市陶乐源美术陶瓷博物馆,非国有博物馆,未定级,是,3728,0,2,0,0.0805
3428,江苏省,宜兴陶瓷博物馆,文化文物系统国有博物馆,二级,否,16278,104,47,105,32
3429,江苏省,雨花台烈士纪念馆,其他行业国有博物馆,一级,是,6123,608,22,328,558.7129
3430,江苏省,张家港博物馆（长江文化博物馆）,文化文物系统国有博物馆,二级,是,5942,597,15,194,33.1483
3431,江苏省,镇江博物馆,文化文物系统国有博物馆,一级,是,22921,3562,17,334,102.7701
3432,江苏省,镇江醋文化博物馆,其他行业国有博物馆,未定级,否,346,0,1,52,44.563
3433,江苏省,镇江红色金融钱币专题博物馆,文化文物系统国有博物馆,未定级,是,300,0,1,0,0.9
3434,江苏省,镇江焦山碑刻博物馆,文化文物系统国有博物馆,二级,是,2100,80,6,45,108.7697
3435,江苏省,镇江永泰昌博物馆,非国有博物馆,未定级,是,838,0,5,0,0.115
3436,江苏省,中共华中工委纪念馆,其他行业国有博物馆,未定级,是,57,0,1,10,4.1025
3437,江苏省,中共江浙区泰兴独立支部纪念馆,文化文物系统国有博物馆,未定级,是,69,10,3,34,11.7012
3438,江苏省,中国人民解放军海军诞生地纪念馆,文化文物系统国有博物馆,三级,是,602,40,6,86,32.2748
3439,江苏省,中国苏绣艺术博物馆,其他行业国有博物馆,未定级,否,0,0,0,0,0
3440,江苏省,周恩来纪念馆,其他行业国有博物馆,一级,是,41377,660,13,83,216.3371
3441,江苏省,朱屺瞻纪念馆,其他行业国有博物馆,未定级,是,23,0,4,0,4.271
3442,江西省,安福县博物馆,文化文物系统国有博物馆,三级,是,10172,68,20,25,25.6902
3443,江西省,安义县文物所,文化文物系统国有博物馆,未定级,是,544,33,5,16,9.0929
3444,江西省,安源路矿工人运动纪念馆,文化文物系统国有博物馆,一级,是,2653,2181,12,86,91.6236
3445,江西省,安远县博物馆,文化文物系统国有博物馆,未定级,是,1063,125,4,26,8.1902
3446,江西省,八大山人纪念馆,文化文物系统国有博物馆,一级,是,1759,82,15,199,88.2751
3447,江西省,白鹿洞书院博物馆,文化文物系统国有博物馆,未定级,否,322,7,7,32,39.2388
3448,江西省,崇仁县博物馆,文化文物系统国有博物馆,三级,是,1389,62,7,48,16.6642
3449,江西省,崇义县博物馆,文化文物系统国有博物馆,二级,是,824,25,9,72,26.7727
3450,江西省,大余钨都矿物晶体博物馆,非国有博物馆,三级,是,1500,0,17,10,9.8256
3451,江西省,大余县博物馆,文化文物系统国有博物馆,二级,是,2827,404,18,126,52.6409
3452,江西省,德安县博物馆,文化文物系统国有博物馆,二级,是,5254,404,13,58,14.1
3453,江西省,德兴市博物馆,文化文物系统国有博物馆,未定级,是,2977,262,14,57,21.8542
3454,江西省,东固革命根据地博物馆,文化文物系统国有博物馆,三级,是,562,127,13,65,19.7301
3455,江西省,东乡区博物馆（舒同书法院）,文化文物系统国有博物馆,未定级,是,1450,46,11,30,3.9156
3456,江西省,都昌县博物馆,文化文物系统国有博物馆,未定级,是,1387,92,7,17,19.6679
3457,江西省,方志敏纪念馆,其他行业国有博物馆,三级,是,541,60,4,8,25.863
3458,江西省,分宜县博物馆,文化文物系统国有博物馆,未定级,是,1095,141,4,29,6.9381
3459,江西省,丰城市博物馆,文化文物系统国有博物馆,三级,是,4174,2346,11,28,43.3092
3460,江西省,丰城市玉华山航空科普陈列馆,非国有博物馆,未定级,是,375,0,6,37,1.3097
3461,江西省,奉新县博物馆（奉新县宋应星纪念馆）,文化文物系统国有博物馆,未定级,是,235,92,9,18,18.0498
3462,江西省,浮梁县博物馆,文化文物系统国有博物馆,三级,是,1143,140,10,25,11.4691
3463,江西省,浮梁县古县衙茶文化博物馆,非国有博物馆,未定级,是,312,0,1,3,4.0554
3464,江西省,浮梁县天祥号浮梁茶博物馆,非国有博物馆,未定级,是,2002,0,1,3,0.8289
3465,江西省,抚州市博物馆,文化文物系统国有博物馆,二级,是,35229,688,30,101,16.7844
3466,江西省,抚州市临川区博物馆,文化文物系统国有博物馆,未定级,是,9024,418,10,9,20.9568
3467,江西省,抚州市汤显祖纪念馆,文化文物系统国有博物馆,三级,是,3177,200,5,110,16.2218
3468,江西省,抚州市王安石纪念馆,文化文物系统国有博物馆,二级,是,4860,28,14,115,35.5068
3469,江西省,抚州市戏曲博物馆,文化文物系统国有博物馆,未定级,否,407,0,6,6,14.6345
3470,江西省,赣州华邦木艺博物馆,非国有博物馆,未定级,是,350,0,6,2,2.09
3471,江西省,赣州客家民俗博物馆,非国有博物馆,未定级,是,1024,0,5,2,1.988
3472,江西省,赣州市博物馆,文化文物系统国有博物馆,一级,是,11105,2503,23,312,155.7436
3473,江西省,赣州市南康区博物馆,文化文物系统国有博物馆,未定级,是,733,135,9,61,7.1337
3474,江西省,赣州市南康区民间艺术博物馆,非国有博物馆,未定级,是,806,0,3,2,1.0466
3475,江西省,高安品正博物馆,非国有博物馆,未定级,是,500,0,4,4,2.7273
3476,江西省,高安市博物馆（高安元青花博物馆）,文化文物系统国有博物馆,二级,是,8958,2243,9,154,38.1276
3477,江西省,高安市吴有训科教馆,文化文物系统国有博物馆,三级,是,1531,1230,9,85,20.2429
3478,江西省,共青城市博物馆,文化文物系统国有博物馆,未定级,是,1203,22,7,26,9.9768
3479,江西省,灌城民国陶瓷艺术博物馆,非国有博物馆,未定级,是,1010,0,8,3,12.2861
3480,江西省,广昌县博物馆,文化文物系统国有博物馆,三级,是,1294,143,16,91,16.722
3481,江西省,贵溪市文化博物馆,文化文物系统国有博物馆,未定级,是,916,73,5,56,13.8558
3482,江西省,横峰县博物馆,文化文物系统国有博物馆,三级,是,5905,239,6,115,10.0971
3483,江西省,湖口县博物馆,文化文物系统国有博物馆,未定级,是,810,112,9,88,12.3485
3484,江西省,黄秋园纪念馆,非国有博物馆,未定级,是,300,0,3,2,3.8836
3485,江西省,会昌县博物馆,文化文物系统国有博物馆,三级,是,6791,383,14,32,40.2011
3486,江西省,吉安市博物馆,文化文物系统国有博物馆,一级,是,7034,3838,25,66,99.2796
3487,江西省,吉安市刘品三吉州窑陶瓷艺术博物馆,非国有博物馆,未定级,是,1112,0,2,25,5.7082
3488,江西省,吉安县博物馆（吉州窑博物馆）,文化文物系统国有博物馆,二级,是,5185,368,17,173,50.8243
3489,江西省,吉安县文天祥纪念馆,文化文物系统国有博物馆,三级,是,3120,0,13,118,21.8392
3490,江西省,吉水县博物馆,文化文物系统国有博物馆,三级,是,666,81,12,33,15.7272
3491,江西省,吉州区博物馆,文化文物系统国有博物馆,未定级,是,285,0,6,10,6.1763
3492,江西省,吉州窑古茶瓷博物馆,非国有博物馆,未定级,是,302,0,8,91,6.4183
3493,江西省,江西服装学院服饰博物馆,非国有博物馆,未定级,是,375,0,11,10,13.5406
3494,江西省,江西客家博物院,文化文物系统国有博物馆,二级,是,12334,276,13,123,61.1003
3495,江西省,江西鄱阳湖博物馆,文化文物系统国有博物馆,二级,是,12580,326,2,81,20.71
3496,江西省,江西日报社博物馆,其他行业国有博物馆,未定级,是,581,0,1,2,1.0136
3497,江西省,江西省博物馆,文化文物系统国有博物馆,一级,是,60698,10741,16,274,294.6468
3498,江西省,江西省蚕桑丝绸生态博物馆,其他行业国有博物馆,未定级,是,8,0,4,6,3.2025
3499,江西省,江西省地质博物馆,其他行业国有博物馆,未定级,是,2618,0,2,8,0.5985
3500,江西省,江西省革命烈士纪念堂,其他行业国有博物馆,一级,是,12357,242,3,15,23.5632
3501,江西省,江西省乐安县博物馆,文化文物系统国有博物馆,三级,是,1800,144,7,8,8.3
3502,江西省,江西省上犹县博物馆,文化文物系统国有博物馆,二级,是,368,18,12,63,23.8698
3503,江西省,江西省万年县博物馆,文化文物系统国有博物馆,未定级,是,1511,44,10,16,6.2675
3504,江西省,江西省余干县信丰知青博物馆,文化文物系统国有博物馆,未定级,是,2280,0,4,16,2.6098
3505,江西省,江西贤母文化博物馆,文化文物系统国有博物馆,二级,是,5026,0,10,60,30.9388
3506,江西省,金溪县浒湾雕版印刷博物馆,文化文物系统国有博物馆,未定级,是,490,0,9,63,1.3344
3507,江西省,金溪县陆九渊纪念馆,文化文物系统国有博物馆,未定级,是,990,75,9,63,4.9997
3508,江西省,金溪县思明博物馆,非国有博物馆,未定级,是,3600,35,9,32,5.7194
3509,江西省,进贤县文物保护中心（进贤县博物馆）,文化文物系统国有博物馆,未定级,是,2022,355,10,31,14.7911
3510,江西省,井冈山革命博物馆,文化文物系统国有博物馆,一级,是,46913,483,42,160,147.3978
3511,江西省,井冈山民俗博物馆,文化文物系统国有博物馆,未定级,是,1132,158,5,4,14.7085
3512,江西省,井冈山市革命金融博物馆,非国有博物馆,未定级,是,321,0,5,3,1.729
3513,江西省,景德镇蔡玲玲陶瓷艺术博物馆,非国有博物馆,二级,是,603,0,9,0,6.7984
3514,江西省,景德镇昌南粉彩瓷博物馆,非国有博物馆,未定级,是,420,0,5,3,1.6365
3515,江西省,景德镇邓希平颜色釉陶瓷艺术博物馆,非国有博物馆,二级,是,700,0,2,5,2.5569
3516,江西省,景德镇厚森青花瓷博物馆,非国有博物馆,未定级,是,316,0,7,5,1.8136
3517,江西省,景德镇皇窑陶瓷艺术博物馆,非国有博物馆,二级,是,5296,194,6,24,14.8921
3518,江西省,景德镇精益斋陶瓷博物馆,非国有博物馆,未定级,是,876,0,6,1,9.82
3519,江西省,景德镇景东艺术陶瓷珍品博物馆,非国有博物馆,未定级,是,313,0,3,2,2.0528
3520,江西省,景德镇老城博物馆,其他行业国有博物馆,未定级,是,526,0,1,5,0.9085
3521,江西省,景德镇民窑博物馆,文化文物系统国有博物馆,二级,是,382,110,8,49,5.5635
3522,江西省,景德镇宁钢艺术博物馆,非国有博物馆,未定级,是,300,0,3,7,0.9826
3523,江西省,景德镇三宝国际陶艺村博物馆,非国有博物馆,未定级,是,400,0,7,6,25.0085
3524,江西省,景德镇十大瓷厂陶瓷博物馆,非国有博物馆,二级,是,1518,0,14,3,3.8372
3525,江西省,景德镇陶瓷包装历史博物馆,非国有博物馆,未定级,是,477,0,1,42,0.4679
3526,江西省,景德镇陶瓷大学元青花博物馆,其他行业国有博物馆,未定级,是,995,0,1,2,3.6135
3527,江西省,景德镇陶瓷工业遗产博物馆,其他行业国有博物馆,未定级,否,885,0,1,0,1.5389
3528,江西省,景德镇陶瓷民俗博物馆,文化文物系统国有博物馆,二级,是,358,82,16,47,61.7424
3529,江西省,景德镇陶溪川青白瓷博物馆,其他行业国有博物馆,未定级,是,1522,0,4,3,0.8435
3530,江西省,景德镇外销瓷博物馆,非国有博物馆,未定级,是,1216,0,1,9,12.7808
3531,江西省,景德镇玉瓷博物馆,非国有博物馆,未定级,是,518,0,2,1,0.8964
3532,江西省,景德镇御窑博物院,文化文物系统国有博物馆,一级,是,51210,1723,13,30,217.2779
3533,江西省,景德镇御窑文化艺术博物馆,非国有博物馆,未定级,是,195,0,1,0,0
3534,江西省,景德镇中国陶瓷博物馆,文化文物系统国有博物馆,一级,是,53057,1903,15,120,303.111
3535,江西省,靖安县博物馆,文化文物系统国有博物馆,二级,是,5533,413,13,62,33.9082
3536,江西省,九江九八抗洪展陈馆,文化文物系统国有博物馆,未定级,是,421,0,3,388,31.7425
3537,江西省,九江市博物馆,文化文物系统国有博物馆,一级,是,5490,2191,19,247,89.7309
3538,江西省,九江市柴桑区陶渊明纪念馆,文化文物系统国有博物馆,未定级,是,1369,178,2,36,23.5538
3539,江西省,九江市柴桑区植物标本博物馆,非国有博物馆,未定级,是,100100,0,11,12,5.6042
3540,江西省,九江市民俗博物馆,文化文物系统国有博物馆,三级,是,5523,1001,11,86,14.5372
3541,江西省,九江市周敦颐纪念馆,文化文物系统国有博物馆,二级,是,1019,132,11,471,15.07
3542,江西省,九江寻承艺术博物馆,非国有博物馆,未定级,是,5651,0,4,2,8.4868
3543,江西省,乐安县红军标语博物馆,文化文物系统国有博物馆,未定级,是,107,0,5,4,10.6
3544,江西省,乐平市博物馆,文化文物系统国有博物馆,二级,是,11016,101,12,40,19.73
3545,江西省,黎川县博物馆,文化文物系统国有博物馆,未定级,是,593,48,10,12,8.0677
3546,江西省,莲花一枝枪纪念馆,文化文物系统国有博物馆,三级,是,1115,360,8,237,14.756
3547,江西省,龙虎山博物馆,文化文物系统国有博物馆,未定级,是,278,0,12,44,86.4553
3548,江西省,龙南市博物馆（赣南客家围屋博物馆）,文化文物系统国有博物馆,二级,是,671,51,15,64,62.4256
3549,江西省,芦溪县博物馆,文化文物系统国有博物馆,三级,是,2300,95,8,17,6.0865
3550,江西省,庐山博物馆,文化文物系统国有博物馆,一级,是,5158,1570,15,64,128.446
3551,江西省,庐山地质博物馆,文化文物系统国有博物馆,未定级,是,107,0,2,24,5.5835
3552,江西省,庐山会会议旧址纪念馆,文化文物系统国有博物馆,二级,是,617,617,4,32,130
3553,江西省,庐山抗战博物馆,文化文物系统国有博物馆,未定级,是,32,0,6,62,127.1337
3554,江西省,庐山市博物馆,文化文物系统国有博物馆,二级,是,1506,104,6,41,23.1939
3555,江西省,南昌八一起义纪念馆,文化文物系统国有博物馆,一级,是,3953,1364,19,310,268.0849
3556,江西省,南昌宝林书画藏品博物馆,非国有博物馆,未定级,是,305,0,5,4,7.3451
3557,江西省,南昌大学博物馆,其他行业国有博物馆,未定级,是,851,0,4,2,2.0962
3558,江西省,南昌汉代海昏侯国遗址博物馆,文化文物系统国有博物馆,一级,否,50043,1039,6,75,262.7447
3559,江西省,南昌华南博物馆,非国有博物馆,二级,是,311,0,5,23,10.2083
3560,江西省,南昌金九福钱币博物馆,非国有博物馆,二级,是,2388,0,8,42,12.3584
3561,江西省,南昌市博物馆,文化文物系统国有博物馆,二级,是,9882,657,8,145,45.7233
3562,江西省,南昌市曾品堂老酒博物馆,非国有博物馆,未定级,是,440,0,13,15,5.0382
3563,江西省,南昌市鼎窑瓷园博物馆,非国有博物馆,未定级,是,595,0,6,1,2.0365
3564,江西省,南昌市煌上煌酱卤博物馆,非国有博物馆,二级,是,2285,0,7,46,15.6028
3565,江西省,南昌市刘光华自然遗产博物馆,非国有博物馆,未定级,否,1080,0,6,32,8.2521
3566,江西省,南昌市西江陶瓷艺术博物馆,非国有博物馆,未定级,是,311,0,1,0,1.8263
3567,江西省,南昌市小平小道陈列馆,文化文物系统国有博物馆,未定级,是,1719,18,8,225,51.3167
3568,江西省,南昌市中国工艺美术大师博物馆,非国有博物馆,二级,是,1500,0,9,10,21.7063
3569,江西省,南昌松雲书画博物馆,非国有博物馆,未定级,是,305,0,7,8,12.4863
3570,江西省,南昌县博物馆,文化文物系统国有博物馆,二级,是,3011,1031,10,52,27.3271
3571,江西省,南昌新四军军部旧址陈列馆,文化文物系统国有博物馆,二级,是,1279,172,6,166,46.0126
3572,江西省,南昌中山艺术博物馆,非国有博物馆,未定级,是,416,0,16,20,4.4253
3573,江西省,南城县博物馆,文化文物系统国有博物馆,未定级,是,2283,67,12,7,5.5873
3574,江西省,南方红军三年游击战争纪念馆,文化文物系统国有博物馆,二级,是,438,11,9,118,57.0361
3575,江西省,南丰县博物馆,文化文物系统国有博物馆,三级,是,1631,184,7,126,11.1178
3576,江西省,宁都县博物馆,文化文物系统国有博物馆,二级,是,2965,867,8,3,2.0229
3577,江西省,彭泽县博物馆,文化文物系统国有博物馆,三级,是,2493,167,6,50,20.4527
3578,江西省,萍乡博物馆（含萍乡孔庙博物馆）,文化文物系统国有博物馆,一级,是,6299,1086,11,220,53.4633
3579,江西省,萍乡雷锋文化博物馆,非国有博物馆,未定级,是,536,0,2,3,2.7967
3580,江西省,萍乡武功山地质博物馆,其他行业国有博物馆,未定级,是,354,0,3,24,29.9137
3581,江西省,鄱阳县鲁班木艺博物馆,非国有博物馆,未定级,是,230,0,1,5,1.113
3582,江西省,鄱阳县饶州民俗文化博物馆,非国有博物馆,未定级,是,335,0,4,3,0.22
3583,江西省,铅山县博物馆,文化文物系统国有博物馆,未定级,是,918,217,1,8,2.2141
3584,江西省,青原区阳明书院陈列馆,文化文物系统国有博物馆,未定级,是,85,42,10,32,17.8142
3585,江西省,秋收起义铜鼓纪念馆（铜鼓县博物馆、铜鼓县文物保护所）,文化文物系统国有博物馆,三级,是,1482,592,7,87,46.7819
3586,江西省,秋收起义修水纪念馆,文化文物系统国有博物馆,三级,是,410,97,5,88,46.0264
3587,江西省,瑞昌市博物馆,文化文物系统国有博物馆,三级,是,1544,511,6,78,17.07
3588,江西省,瑞金市博物馆,文化文物系统国有博物馆,未定级,是,368,15,3,83,10.8805
3589,江西省,瑞金中央革命根据地纪念馆,文化文物系统国有博物馆,一级,是,11167,1127,14,238,102.7982
3590,江西省,上高县博物馆,文化文物系统国有博物馆,三级,是,2234,457,8,60,26.1363
3591,江西省,上栗博物馆,文化文物系统国有博物馆,未定级,是,644,83,9,39,6.9081
3592,江西省,上饶集中营革命烈士纪念馆,其他行业国有博物馆,二级,是,781,18,9,54,29.7061
3593,江西省,上饶林和顺博物馆,非国有博物馆,未定级,是,1000,0,2,1,0.71
3594,江西省,上饶市博物馆,文化文物系统国有博物馆,一级,是,15809,1155,14,140,32.0553
3595,江西省,上饶市广丰区博物馆,文化文物系统国有博物馆,未定级,是,1457,400,9,12,9.2
3596,江西省,上饶市广信区博物馆,文化文物系统国有博物馆,未定级,是,6329,43,2,42,6.8512
3597,江西省,上饶市广信区三鼎民俗博物馆,非国有博物馆,未定级,是,685,0,10,10,2.15
3598,江西省,上饶市三清山景泰赏石博物馆,非国有博物馆,未定级,是,1200,0,3,8,3.517
3599,江西省,上饶市信江书院博物馆,文化文物系统国有博物馆,未定级,是,324,39,9,15,9.2343
3600,江西省,上饶市信州区博物馆,文化文物系统国有博物馆,未定级,是,1309,75,9,24,6.2531
3601,江西省,上饶市雅齐博物馆,非国有博物馆,未定级,是,1397,0,3,1,1.52
3602,江西省,上饶艺术博物院,文化文物系统国有博物馆,未定级,是,8118,0,21,27,22.8876
3603,江西省,石城县博物馆,文化文物系统国有博物馆,未定级,是,1134,98,16,19,6.0748
3604,江西省,遂川县博物馆,文化文物系统国有博物馆,三级,是,1424,140,10,10,22.99
3605,江西省,泰和县博物馆,文化文物系统国有博物馆,三级,是,5622,486,13,37,35.168
3606,江西省,万安县博物馆,文化文物系统国有博物馆,二级,是,1358,372,24,38,34.5083
3607,江西省,武宁县博物馆,文化文物系统国有博物馆,三级,是,1080,225,14,64,32.2894
3608,江西省,婺源博物馆,文化文物系统国有博物馆,二级,是,10541,1012,12,45,21.0317
3609,江西省,婺源歙砚文化博物馆,文化文物系统国有博物馆,未定级,是,619,0,4,8,6.0137
3610,江西省,婺源县瀚逸民俗博物馆,非国有博物馆,未定级,是,735,0,8,10,10.8478
3611,江西省,峡江县博物馆,文化文物系统国有博物馆,未定级,是,1008,90,5,58,14.2964
3612,江西省,湘鄂赣革命纪念馆,文化文物系统国有博物馆,三级,是,1931,598,13,15,12.5614
3613,江西省,湘赣革命纪念馆（含三湾改编纪念馆、贺子珍纪念馆）,文化文物系统国有博物馆,二级,是,781,296,16,92,36.0293
3614,江西省,新干县博物馆,文化文物系统国有博物馆,二级,是,5226,131,8,62,15.1136
3615,江西省,新建区博物馆,文化文物系统国有博物馆,未定级,是,1425,178,2,4,21.7137
3616,江西省,新余赣西抗战博物馆,非国有博物馆,三级,是,4971,48,10,98,16.7779
3617,江西省,新余市博物馆,文化文物系统国有博物馆,二级,是,8681,430,15,42,49.152
3618,江西省,新余夏布绣博物馆,非国有博物馆,未定级,是,620,39,5,31,6.5399
3619,江西省,信丰县博物馆,文化文物系统国有博物馆,三级,是,1445,160,13,72,45.8999
3620,江西省,兴国革命纪念馆,文化文物系统国有博物馆,三级,是,10638,1815,10,26,16.3846
3621,江西省,兴国将军园管理处,文化文物系统国有博物馆,未定级,是,464,15,8,28,64.0471
3622,江西省,兴国县非物质文化遗产博物馆,非国有博物馆,未定级,是,633,0,9,10,2.2932
3623,江西省,修水县博物馆,文化文物系统国有博物馆,未定级,是,5763,0,6,78,15.8994
3624,江西省,修水县陈宝箴、陈三立故居陈列馆,文化文物系统国有博物馆,三级,是,557,0,4,16,11.8941
3625,江西省,修水县黄庭坚纪念馆,文化文物系统国有博物馆,二级,是,6214,543,10,85,42.0719
3626,江西省,寻乌县博物馆,文化文物系统国有博物馆,未定级,是,615,0,7,52,12.7554
3627,江西省,寻乌县革命历史纪念馆,文化文物系统国有博物馆,三级,是,1010,90,10,71,33.7531
3628,江西省,宜春市博物馆（宜春市文物博物事业管理所、宜春市袁州地方时间博物馆）,文化文物系统国有博物馆,二级,是,11575,1159,15,163,50.7589
3629,江西省,宜丰县博物馆,文化文物系统国有博物馆,三级,是,1304,530,10,11,12.9612
3630,江西省,宜黄县博物馆（谭纶纪念馆）,文化文物系统国有博物馆,未定级,是,249,11,5,17,2.4717
3631,江西省,弋阳县博物馆,文化文物系统国有博物馆,未定级,是,355,43,16,6,3.6524
3632,江西省,鹰潭黄蜡石奇石博物馆,非国有博物馆,未定级,是,600,0,14,6,3.8686
3633,江西省,鹰潭市博物馆,文化文物系统国有博物馆,二级,是,10377,578,21,111,36.8456
3634,江西省,鹰潭市黄蜡石艺术博物馆,非国有博物馆,未定级,是,2028,0,5,6,7.6037
3635,江西省,鹰潭市江南菖蒲文化博物馆,非国有博物馆,未定级,是,1338,0,5,7,7.7347
3636,江西省,鹰潭市余江区博物馆,文化文物系统国有博物馆,未定级,是,5099,46,8,6,41.7522
3637,江西省,鹰潭中鼎錾刻艺术博物馆,非国有博物馆,未定级,是,1500,0,2,482,8.2052
3638,江西省,永丰县博物馆（欧阳修纪念馆）,文化文物系统国有博物馆,二级,是,2222,2050,18,78,72.6621
3639,江西省,永修县博物馆,文化文物系统国有博物馆,三级,是,810,44,5,36,25.4709
3640,江西省,于都中央红军长征集结出发历史博物馆,文化文物系统国有博物馆,一级,是,2633,1013,14,110,118.5626
3641,江西省,余干县博物馆,文化文物系统国有博物馆,未定级,是,1562,102,9,51,4.8329
3642,江西省,余江血防纪念馆,文化文物系统国有博物馆,未定级,是,925,0,3,15,19.7365
3643,江西省,玉山县博物馆,文化文物系统国有博物馆,二级,是,3205,496,20,68,8.5134
3644,江西省,樟树市博物馆,文化文物系统国有博物馆,二级,是,15088,2735,14,153,49.606
3645,江西省,中央苏区反“围剿”战争纪念馆,文化文物系统国有博物馆,二级,是,166,7,12,68,36.4001
3646,江西省,资溪县博物馆,文化文物系统国有博物馆,未定级,是,318,0,10,72,9.0477
3647,辽宁省,鞍钢博物馆,其他行业国有博物馆,一级,是,10682,192,11,58,33.28
3648,辽宁省,鞍山青籽世家玉石博物馆,非国有博物馆,未定级,是,500,0,1,0,0.081
3649,辽宁省,鞍山市博物馆,文化文物系统国有博物馆,二级,是,14588,984,21,34,31.4254
3650,辽宁省,鞍山市岫岩满族博物馆,文化文物系统国有博物馆,未定级,是,1837,7,10,36,0.4598
3651,辽宁省,北票市文旅体育事务服务中心（北票市博物馆、北票市文物考古研究所、北票市尹湛纳希纪念馆）,文化文物系统国有博物馆,未定级,是,1895,357,16,17,12.36
3652,辽宁省,北票毓水博物馆,非国有博物馆,未定级,是,493,0,1,1,1.27
3653,辽宁省,北票战国红博物馆,非国有博物馆,未定级,是,387,0,1,1,1.116
3654,辽宁省,北镇市大朝阳博物馆,非国有博物馆,未定级,是,9162,403,1,100,21.136
3655,辽宁省,本溪满族自治县洞穴博物馆,文化文物系统国有博物馆,未定级,是,183,0,2,1,1.1559
3656,辽宁省,本溪满族自治县杨靖宇纪念馆,文化文物系统国有博物馆,未定级,是,45,0,1,12,3.5454
3657,辽宁省,本溪市博物馆,文化文物系统国有博物馆,三级,是,5124,1259,7,19,4.9152
3658,辽宁省,朝阳博物馆（朝阳市文物考古研究所）,文化文物系统国有博物馆,三级,是,4553,1376,3,10,24.2147
3659,辽宁省,朝阳民间艺术博物馆,非国有博物馆,未定级,是,560,0,8,4,0.15
3660,辽宁省,朝阳牛河梁遗址博物馆,文化文物系统国有博物馆,未定级,否,652,0,6,48,9.2145
3661,辽宁省,朝阳市北塔博物馆,文化文物系统国有博物馆,未定级,否,1665,98,4,4,5.321
3662,辽宁省,朝阳市德辅博物馆,非国有博物馆,未定级,是,6091,254,6,30,5.389
3663,辽宁省,朝阳市佛教文化博物馆,文化文物系统国有博物馆,未定级,是,1,0,1,1,9.865
3664,辽宁省,朝阳市龙城区博物馆,文化文物系统国有博物馆,未定级,是,400,144,1,10,2.135
3665,辽宁省,朝阳市双塔区博物馆,文化文物系统国有博物馆,未定级,是,645,68,2,11,2.4322
3666,辽宁省,朝阳县博物馆（朝阳县文物考古研究所）,文化文物系统国有博物馆,未定级,是,1238,240,3,1,0.664
3667,辽宁省,朝阳侏罗纪古生物化石博物馆,非国有博物馆,未定级,是,302,0,7,16,10.524
3668,辽宁省,大连贝壳博物馆,非国有博物馆,三级,否,50186,0,3,42,20.3442
3669,辽宁省,大连博物馆,文化文物系统国有博物馆,一级,是,21816,149,23,397,90.2
3670,辽宁省,大连大学博物馆,其他行业国有博物馆,未定级,是,10000,0,12,18,1.3588
3671,辽宁省,大连古乐楼留声机博物馆,非国有博物馆,未定级,否,10000,0,8,11,6.7904
3672,辽宁省,大连海事大学航海教育博物馆,其他行业国有博物馆,未定级,是,816,0,1,30,0.9717
3673,辽宁省,大连汉墓博物馆,文化文物系统国有博物馆,未定级,是,3214,106,2,6,0.5224
3674,辽宁省,大连华夏古文化博物馆,非国有博物馆,未定级,是,286,0,0,0,0
3675,辽宁省,大连惠丰博物馆,非国有博物馆,未定级,是,354,0,1,0,0
3676,辽宁省,大连金州博物馆,文化文物系统国有博物馆,二级,是,12113,135,7,422,19.7242
3677,辽宁省,大连旅顺潜艇博物馆,非国有博物馆,未定级,否,364,0,1,11,27.473
3678,辽宁省,大连美术馆（大连画院）,文化文物系统国有博物馆,未定级,是,507,0,15,5,32.7004
3679,辽宁省,大连聂潍枢景泰蓝唐卡博物馆,非国有博物馆,未定级,是,342,0,2,198,0.2568
3680,辽宁省,大连市东方音乐文化博物馆,非国有博物馆,未定级,是,316,0,1,55,5.77
3681,辽宁省,大连市普兰店区博物馆,文化文物系统国有博物馆,未定级,是,3286,852,3,1,1.0308
3682,辽宁省,大连市千川俄罗斯艺术博物馆,非国有博物馆,未定级,是,1792,0,1,2,0.0327
3683,辽宁省,大连市世纪留声音乐文化博物馆,非国有博物馆,二级,否,12006,0,16,20,50.0947
3684,辽宁省,大连市张立旗雕塑艺术博物馆,非国有博物馆,未定级,否,491,0,24,2,0.6216
3685,辽宁省,大连体育博物馆,非国有博物馆,未定级,是,496,0,1,0,0
3686,辽宁省,大连吴越楼博物馆,非国有博物馆,未定级,是,610,0,2,1,0.1412
3687,辽宁省,大连武术文化博物馆,文化文物系统国有博物馆,三级,是,555,0,5,40,4.1968
3688,辽宁省,大连庄河市花园口民俗博物馆,非国有博物馆,三级,否,12000,0,11,2,0.9567
3689,辽宁省,大连紫檀艺术博物馆,非国有博物馆,未定级,是,0,0,0,0,0
3690,辽宁省,大连自然博物馆,其他行业国有博物馆,一级,是,154152,0,17,156,114.4595
3691,辽宁省,大石桥市金牛山博物馆,文化文物系统国有博物馆,未定级,是,307,20,1,5,1.668
3692,辽宁省,丹东市博物馆,文化文物系统国有博物馆,未定级,是,4410,0,1,17,0
3693,辽宁省,东北抗联史实陈列馆,文化文物系统国有博物馆,未定级,是,1155,44,4,237,30.3185
3694,辽宁省,东港市博物馆,文化文物系统国有博物馆,未定级,是,523,43,1,4,0.6843
3695,辽宁省,抚顺平顶山惨案纪念馆,文化文物系统国有博物馆,二级,是,1500,82,4,19,37.9061
3696,辽宁省,抚顺市博物馆,文化文物系统国有博物馆,未定级,是,4776,1502,1,1,0
3697,辽宁省,抚顺市雷锋纪念馆,其他行业国有博物馆,二级,是,2347,15,2,48,85.3357
3698,辽宁省,阜新查海遗址博物馆,文化文物系统国有博物馆,未定级,是,70,0,4,32,9.8725
3699,辽宁省,阜新蒙古族自治县民族博物馆,文化文物系统国有博物馆,未定级,是,1015,130,2,1,5.8369
3700,辽宁省,阜新市博物馆,文化文物系统国有博物馆,未定级,是,1845,186,3,11,8.5295
3701,辽宁省,阜新市福宇博物馆,非国有博物馆,未定级,是,8660,0,1,0,3.4568
3702,辽宁省,阜新万人坑死难矿工纪念馆,文化文物系统国有博物馆,未定级,是,199,0,2,15,28.0352
3703,辽宁省,关向应故居纪念馆,文化文物系统国有博物馆,未定级,是,466,0,1,20,47.9255
3704,辽宁省,海城市博物馆,文化文物系统国有博物馆,未定级,是,230,0,15,43,7.15
3705,辽宁省,黑山阻击战烈士陵园（黑山阻击战纪念馆）,文化文物系统国有博物馆,未定级,是,202,0,11,205,23.23
3706,辽宁省,葫芦岛关东民俗博物馆,非国有博物馆,未定级,是,336,0,2,182,35.6151
3707,辽宁省,葫芦岛市博物馆,文化文物系统国有博物馆,未定级,是,1142,352,10,8,0.587
3708,辽宁省,建平县博物馆,文化文物系统国有博物馆,三级,是,3437,168,6,44,1.2372
3709,辽宁省,锦州道光廿五文化博物馆,非国有博物馆,未定级,是,1284,0,2,6,0.8953
3710,辽宁省,锦州烧烤博物馆,非国有博物馆,未定级,是,310,0,1,0,0
3711,辽宁省,锦州市博物馆（锦州市考古和文物保护研究所）,文化文物系统国有博物馆,二级,是,6752,4036,5,48,16
3712,辽宁省,喀喇沁左翼蒙古族自治县博物馆（喀喇沁左翼蒙古族自治县文物考古研究所）,文化文物系统国有博物馆,未定级,是,1583,214,7,32,6.35
3713,辽宁省,喀左县东蒙博物馆,非国有博物馆,未定级,是,473,0,3,20,1.253
3714,辽宁省,抗美援朝纪念馆（丹东市抗美援朝研究中心）,文化文物系统国有博物馆,一级,是,49237,5736,50,187,303.12
3715,辽宁省,宽甸满族自治县博物馆,文化文物系统国有博物馆,未定级,是,318,18,2,7,1.74
3716,辽宁省,辽河博物馆,文化文物系统国有博物馆,未定级,是,458,0,1,75,11.08
3717,辽宁省,辽宁东北抗日义勇军纪念馆,文化文物系统国有博物馆,未定级,是,1075,148,4,22,19.123
3718,辽宁省,辽宁古生物博物馆,其他行业国有博物馆,二级,是,39137,542,14,58,50.7653
3719,辽宁省,辽宁农业博物馆,其他行业国有博物馆,未定级,是,1439,10,6,15,2.346
3720,辽宁省,辽宁省博物馆,文化文物系统国有博物馆,一级,是,118378,63794,58,678,332.5
3721,辽宁省,辽宁省华宝辽砚博物馆,非国有博物馆,未定级,是,312,0,2,6,1.1137
3722,辽宁省,辽宁省中医药博物馆（辽宁中医药大学博物馆）,其他行业国有博物馆,未定级,是,1007,0,3,20,0.5467
3723,辽宁省,辽宁天巳历史博物馆,非国有博物馆,二级,是,30703,0,12,76,37.9075
3724,辽宁省,辽沈战役纪念馆,文化文物系统国有博物馆,一级,是,21428,939,20,415,240.8969
3725,辽宁省,辽阳博物馆,文化文物系统国有博物馆,二级,是,8730,1000,28,527,60.0893
3726,辽宁省,辽阳雷锋纪念馆（弓长岭区博物馆）,文化文物系统国有博物馆,未定级,是,3033,148,2,21,30.6235
3727,辽宁省,辽阳市冮官窑博物馆,非国有博物馆,未定级,是,400,0,2,0,0.39
3728,辽宁省,辽阳市宏伟区博物馆,文化文物系统国有博物馆,未定级,是,110,0,2,22,1.6
3729,辽宁省,凌海市凌河流域历史文化博物馆,非国有博物馆,未定级,否,354,0,2,0,2.0064
3730,辽宁省,凌海市萧军纪念馆,文化文物系统国有博物馆,三级,是,4510,360,5,17,6.4052
3731,辽宁省,凌源市博物馆（凌源市文物考古研究所）,文化文物系统国有博物馆,未定级,是,1110,327,3,3,1.81
3732,辽宁省,旅顺博物馆,文化文物系统国有博物馆,一级,是,100162,26421,20,690,138.7828
3733,辽宁省,旅顺日俄监狱旧址博物馆,文化文物系统国有博物馆,二级,是,6347,101,9,37,96.4998
3734,辽宁省,旅顺万忠墓纪念馆,文化文物系统国有博物馆,未定级,是,1472,1284,5,126,13.4152
3735,辽宁省,盘锦辽河房地契博物馆,非国有博物馆,未定级,是,402,0,1,0,0.045
3736,辽宁省,盘锦辽河楹联书法博物馆,非国有博物馆,未定级,是,964,0,7,6,4.4181
3737,辽宁省,盘锦市博物馆,文化文物系统国有博物馆,未定级,是,804,61,2,10,1.2043
3738,辽宁省,清原满族自治县历史民俗博物馆,文化文物系统国有博物馆,未定级,是,302,18,1,1,0.018
3739,辽宁省,沈延毅纪念馆,文化文物系统国有博物馆,未定级,是,320,0,1,0,0.0285
3740,辽宁省,沈阳“九·一八”历史博物馆,文化文物系统国有博物馆,一级,是,17339,227,34,544,467.3011
3741,辽宁省,沈阳博物馆,文化文物系统国有博物馆,未定级,是,3989,0,17,511,83.6397
3742,辽宁省,沈阳工业博物馆,文化文物系统国有博物馆,二级,是,14768,258,20,225,95.5806
3743,辽宁省,沈阳古旧钟表博物馆,非国有博物馆,三级,是,6085,0,8,97,4.9592
3744,辽宁省,沈阳故宫博物院,文化文物系统国有博物馆,一级,否,108902,39026,72,65,522.3103
3745,辽宁省,沈阳广电传媒文化博物馆,其他行业国有博物馆,未定级,是,3431,0,15,47,1.9956
3746,辽宁省,沈阳华夏饮食文化博物馆,非国有博物馆,未定级,是,3541,0,0,0,0
3747,辽宁省,沈阳金融博物馆,文化文物系统国有博物馆,二级,否,19823,119,3,61,186.4715
3748,辽宁省,沈阳警察博物馆,其他行业国有博物馆,未定级,是,2129,0,4,54,0.9856
3749,辽宁省,沈阳抗美援朝烈士纪念馆,文化文物系统国有博物馆,未定级,是,11542,0,2,28,51.2
3750,辽宁省,沈阳老龙口酒博物馆,非国有博物馆,未定级,是,144,9,1,2,1.1353
3751,辽宁省,沈阳理工大学兵器博物馆,其他行业国有博物馆,未定级,是,516,0,2,390,5.3447
3752,辽宁省,沈阳年轮艺术品博物馆,非国有博物馆,未定级,是,44671,0,3,84,1.6088
3753,辽宁省,沈阳市东三省总督府博物馆,非国有博物馆,未定级,否,307,0,5,5,12.2885
3754,辽宁省,沈阳市辽河文明历史博物馆,非国有博物馆,未定级,是,366,0,0,0,0
3755,辽宁省,沈阳市沈河区胡魁章笔墨博物馆,非国有博物馆,未定级,是,353,0,1,105,1.3568
3756,辽宁省,沈阳市天一庄艺术博物馆,非国有博物馆,未定级,是,303,0,2,20,1.4975
3757,辽宁省,沈阳锡伯族文化博物馆,其他行业国有博物馆,未定级,是,840,0,6,22,5.8524
3758,辽宁省,沈阳新乐遗址博物馆,文化文物系统国有博物馆,二级,是,2277,1048,2,55,11.2629
3759,辽宁省,沈阳赵琛广告博物馆,非国有博物馆,未定级,是,311,24,0,0,0
3760,辽宁省,绥中县博物馆,文化文物系统国有博物馆,未定级,是,1047,93,0,0,0
3761,辽宁省,台安县博物馆,文化文物系统国有博物馆,未定级,是,152,0,1,2,0.3286
3762,辽宁省,铁岭雷锋纪念馆,其他行业国有博物馆,未定级,是,124,0,1,0,3.0125
3763,辽宁省,铁岭市博物馆,文化文物系统国有博物馆,三级,是,4528,1369,12,21,12.0944
3764,辽宁省,铁岭市周恩来同志少年读书旧址纪念馆,文化文物系统国有博物馆,未定级,是,2182,50,15,827,34.0516
3765,辽宁省,瓦房店市博物馆,文化文物系统国有博物馆,未定级,是,906,163,2,1,1.8467
3766,辽宁省,五女山博物馆,文化文物系统国有博物馆,未定级,是,1338,0,1,0,12.6623
3767,辽宁省,新宾满族自治县满族博物馆,文化文物系统国有博物馆,未定级,是,448,0,1,0,5.0397
3768,辽宁省,岫岩满族自治县雨桐玉文化博物馆,非国有博物馆,未定级,否,316,0,1,17,1.4796
3769,辽宁省,义县宜州化石馆,其他行业国有博物馆,未定级,是,6487,109,5,2,0.261
3770,辽宁省,营口市博物馆,文化文物系统国有博物馆,二级,是,5408,590,25,9,12.495
3771,辽宁省,营口市雷锋文化博物馆,文化文物系统国有博物馆,未定级,是,3500,0,7,18,34.661
3772,辽宁省,营口望儿山酒文化博物馆,非国有博物馆,未定级,是,362,0,4,4,1.5035
3773,辽宁省,张学良旧居陈列馆,文化文物系统国有博物馆,二级,否,16394,987,9,61,349.8702
3774,辽宁省,彰武县博物馆,文化文物系统国有博物馆,未定级,是,1200,144,1,2,0.132
3775,辽宁省,赵尚志纪念馆,其他行业国有博物馆,二级,是,1615,97,2,68,75.011
3776,辽宁省,中共满洲省委旧址纪念馆（刘少奇旧居纪念馆）,文化文物系统国有博物馆,未定级,是,523,11,8,79,72.9667
3777,辽宁省,周恩来少年读书旧址纪念馆,其他行业国有博物馆,未定级,是,35,2,2,3,3.6
3778,辽宁省,庄河市博物馆,文化文物系统国有博物馆,未定级,是,1025,147,2,9,0.218
3779,内蒙古自治区,阿巴嘎旗博物馆,文化文物系统国有博物馆,未定级,是,555,0,5,1,0.0531
3780,内蒙古自治区,阿拉善博物馆,文化文物系统国有博物馆,一级,是,34487,135,24,112,69.419
3781,内蒙古自治区,阿拉善民间艺术收藏博物馆,非国有博物馆,未定级,是,3669,0,7,81,2.0511
3782,内蒙古自治区,阿拉善王府博物馆,文化文物系统国有博物馆,未定级,是,1511,14,1,5,5.8193
3783,内蒙古自治区,阿拉善右旗博物馆,文化文物系统国有博物馆,未定级,是,4366,138,5,12,4.045
3784,内蒙古自治区,阿鲁科尔沁旗博物馆,文化文物系统国有博物馆,未定级,是,11203,404,2,7,1.2641
3785,内蒙古自治区,阿荣博物馆,文化文物系统国有博物馆,未定级,是,620,7,2,120,10.1134
3786,内蒙古自治区,敖汉博物馆（敖汉旗文物保护中心）,文化文物系统国有博物馆,二级,是,30151,607,5,9,30.9363
3787,内蒙古自治区,敖汉旗新州博物馆,非国有博物馆,三级,是,2893,0,4,11,10.37
3788,内蒙古自治区,敖鲁古雅鄂温克族驯鹿文化博物馆,文化文物系统国有博物馆,未定级,是,226,0,5,0,12.899
3789,内蒙古自治区,巴林古韵博物馆,非国有博物馆,未定级,是,2052,0,4,0,0.2348
3790,内蒙古自治区,巴林右旗博物馆,文化文物系统国有博物馆,二级,是,81915,556,7,80,30.8786
3791,内蒙古自治区,巴林右旗民俗博物馆,文化文物系统国有博物馆,三级,是,5395,158,0,10,0
3792,内蒙古自治区,巴林左旗辽上京博物馆,文化文物系统国有博物馆,二级,是,113885,534,12,41,15.047
3793,内蒙古自治区,巴林左旗契丹博物馆,非国有博物馆,未定级,是,2378,0,1,0,0.0997
3794,内蒙古自治区,巴彦塔拉达斡尔民族博物馆,文化文物系统国有博物馆,未定级,是,243,0,1,0,0.132
3795,内蒙古自治区,包头博物馆,文化文物系统国有博物馆,一级,是,141569,377,12,544,59.2082
3796,内蒙古自治区,布利亚特博物馆,文化文物系统国有博物馆,未定级,是,145,0,1,0,0.279
3797,内蒙古自治区,查布恐龙博物馆,文化文物系统国有博物馆,未定级,是,3184,0,5,3,1.3016
3798,内蒙古自治区,察哈尔右翼后旗察哈尔文化博物馆,文化文物系统国有博物馆,三级,是,649,6,1,13,0.3049
3799,内蒙古自治区,察哈尔右翼后旗民族博物馆,文化文物系统国有博物馆,未定级,是,281,3,1,2,3.2322
3800,内蒙古自治区,察右中旗博物馆,文化文物系统国有博物馆,未定级,是,383,0,1,2,1.188
3801,内蒙古自治区,陈巴尔虎博物馆,文化文物系统国有博物馆,未定级,是,4096,526,5,12,0.164
3802,内蒙古自治区,赤峰博物院,文化文物系统国有博物馆,一级,是,84050,1340,18,125,112.0211
3803,内蒙古自治区,赤峰毛泽东造像博物馆,非国有博物馆,未定级,是,21562,0,1,208,10.0693
3804,内蒙古自治区,赤峰市红山区红山民俗博物馆,非国有博物馆,未定级,是,6500,0,5,0,1.645
3805,内蒙古自治区,赤峰市松山区玉源博物馆,非国有博物馆,未定级,是,2500,0,1,0,0.506
3806,内蒙古自治区,赤峰松州博物馆,非国有博物馆,未定级,是,2200,0,1,0,2.239
3807,内蒙古自治区,敕勒川博物馆,文化文物系统国有博物馆,二级,是,10582,80,16,247,25.3609
3808,内蒙古自治区,达拉特旗博物馆,文化文物系统国有博物馆,未定级,是,1450,27,5,2,0.3072
3809,内蒙古自治区,达茂旗博物馆,文化文物系统国有博物馆,未定级,是,866,55,5,7,12.3757
3810,内蒙古自治区,磴口县博物馆,文化文物系统国有博物馆,未定级,是,365,17,7,0,1.37
3811,内蒙古自治区,东乌珠穆沁旗乌珠穆沁博物馆（东乌珠穆沁旗文物保护中心,文化文物系统国有博物馆,未定级,是,489,40,3,4,0.427
3812,内蒙古自治区,多伦县马具博物馆,非国有博物馆,未定级,是,330,0,1,0,0.1475
3813,内蒙古自治区,额尔古纳博物馆,文化文物系统国有博物馆,三级,是,5307,56,6,21,7.9016
3814,内蒙古自治区,额济纳博物馆,文化文物系统国有博物馆,三级,是,5640,59,12,80,3.9738
3815,内蒙古自治区,鄂尔多斯农耕游牧文化博物馆,非国有博物馆,未定级,是,402,0,0,0,0
3816,内蒙古自治区,鄂尔多斯市博物院,文化文物系统国有博物馆,一级,是,36592,1317,24,165,68.679
3817,内蒙古自治区,鄂尔多斯市草原知青博物馆,非国有博物馆,未定级,是,980,0,0,0,0
3818,内蒙古自治区,鄂尔多斯市东胜博物馆,文化文物系统国有博物馆,未定级,是,458,56,1,11,0.6034
3819,内蒙古自治区,鄂尔多斯市日兴红色文化博物馆,非国有博物馆,未定级,是,1166,0,1,4,3.666
3820,内蒙古自治区,鄂尔多斯市生态文化博物馆,其他行业国有博物馆,未定级,是,335,0,1,0,0
3821,内蒙古自治区,鄂尔多斯市雍贵艺术博物馆,非国有博物馆,未定级,是,672,0,6,0,1.4779
3822,内蒙古自治区,鄂尔多斯泰发祥博物馆,非国有博物馆,未定级,是,484,0,1,4,1.4158
3823,内蒙古自治区,鄂伦春民族博物馆,文化文物系统国有博物馆,三级,是,1577,190,2,43,10.1283
3824,内蒙古自治区,鄂托克旗综合地质博物馆,其他行业国有博物馆,未定级,是,2500,0,6,1,3.1154
3825,内蒙古自治区,鄂温克博物馆,文化文物系统国有博物馆,未定级,是,1346,110,7,10,3.272
3826,内蒙古自治区,恩和俄罗斯民族博物馆,文化文物系统国有博物馆,未定级,是,423,0,0,0,0
3827,内蒙古自治区,二连浩特茶叶之路博物馆,非国有博物馆,未定级,是,438,0,0,0,0
3828,内蒙古自治区,奋斗中学博物馆,其他行业国有博物馆,未定级,是,305,0,1,0,0.445
3829,内蒙古自治区,根河博物馆,文化文物系统国有博物馆,未定级,是,230,0,5,5,19.2872
3830,内蒙古自治区,海拉尔博物馆,文化文物系统国有博物馆,未定级,是,1049,97,15,0,8.4704
3831,内蒙古自治区,杭锦后旗博物馆（杭锦后旗文物考古研究中心、傅作义纪念馆）,文化文物系统国有博物馆,未定级,是,467,3,2,4,0.8273
3832,内蒙古自治区,杭锦旗综合博物馆,文化文物系统国有博物馆,未定级,是,748,46,3,8,1.8354
3833,内蒙古自治区,和林格尔蒙古文字文献博物馆,非国有博物馆,未定级,是,360,0,1,0,0.0468
3834,内蒙古自治区,和林格尔县盛乐博物馆,文化文物系统国有博物馆,二级,是,644,42,3,40,20.9137
3835,内蒙古自治区,红山文化博物馆,文化文物系统国有博物馆,二级,是,3100,12,4,44,18.2721
3836,内蒙古自治区,呼和浩特博物院,文化文物系统国有博物馆,一级,是,142066,614,26,442,216.0938
3837,内蒙古自治区,呼和浩特市多松年烈士纪念馆,文化文物系统国有博物馆,未定级,是,230,0,1,94,8.5967
3838,内蒙古自治区,呼和浩特市青铜器艺术博物馆,非国有博物馆,未定级,是,300,0,2,0,0.1295
3839,内蒙古自治区,呼伦贝尔博物院,文化文物系统国有博物馆,一级,是,15336,499,15,58,62.0939
3840,内蒙古自治区,呼伦贝尔市扎赉诺尔博物馆,文化文物系统国有博物馆,三级,是,3097,31,15,22,48.0059
3841,内蒙古自治区,黄河三盛公水文化博物馆,其他行业国有博物馆,未定级,是,170,0,5,0,1.2729
3842,内蒙古自治区,霍林郭勒市博物馆（霍林郭勒市文物保护中心）,文化文物系统国有博物馆,未定级,是,463,0,10,92,9.3744
3843,内蒙古自治区,集宁战役纪念馆,文化文物系统国有博物馆,未定级,是,1213,3,2,31,44.42
3844,内蒙古自治区,喀喇沁旗博物馆,文化文物系统国有博物馆,三级,否,562,1,5,41,41.9609
3845,内蒙古自治区,开鲁县博物馆,文化文物系统国有博物馆,未定级,是,683,23,5,6,5.9522
3846,内蒙古自治区,科尔沁右翼前旗博物馆,文化文物系统国有博物馆,三级,是,5062,58,1,17,7.8129
3847,内蒙古自治区,科尔沁右翼前旗满族屯博物馆,文化文物系统国有博物馆,未定级,是,600,0,4,2,0.529
3848,内蒙古自治区,科尔沁右翼中旗博物馆,文化文物系统国有博物馆,三级,是,5624,145,4,14,10.6289
3849,内蒙古自治区,科尔沁左翼后旗博物馆,文化文物系统国有博物馆,未定级,是,11583,51,1,169,3.64
3850,内蒙古自治区,科尔沁左翼中旗博物馆,文化文物系统国有博物馆,未定级,是,1026,33,2,11,1.2283
3851,内蒙古自治区,科尔沁左翼中旗哈民遗址博物馆（哈民忙哈史前聚落遗址服务中心）,文化文物系统国有博物馆,未定级,是,357,0,1,5,1.5275
3852,内蒙古自治区,克什克腾旗博物馆,文化文物系统国有博物馆,三级,是,18715,117,3,7,6.95
3853,内蒙古自治区,库伦旗博物馆,文化文物系统国有博物馆,三级,是,7312,62,5,5,4.019
3854,内蒙古自治区,凉城县贺龙革命活动纪念馆,文化文物系统国有博物馆,未定级,是,88,1,1,5,3.188
3855,内蒙古自治区,林西博物馆,文化文物系统国有博物馆,未定级,是,1205,164,5,74,15.731
3856,内蒙古自治区,马文化博物馆,非国有博物馆,未定级,是,136,0,1,0,0.0621
3857,内蒙古自治区,满洲里博物馆,文化文物系统国有博物馆,三级,是,1586,126,4,17,10.187
3858,内蒙古自治区,满洲里市阿拉坦玫瑰玉博物馆,非国有博物馆,未定级,是,53,0,1,0,0.3036
3859,内蒙古自治区,满洲里市俄罗斯艺术博物馆,非国有博物馆,未定级,是,693,0,1,0,0.3344
3860,内蒙古自治区,莫力达瓦达斡尔族自治旗达斡尔民族博物馆,文化文物系统国有博物馆,三级,是,2128,83,7,11,6.18
3861,内蒙古自治区,奈曼旗王府博物馆,文化文物系统国有博物馆,三级,是,4850,65,3,11,11.3137
3862,内蒙古自治区,内蒙古百世珍一红木艺术博物馆,非国有博物馆,未定级,是,6008,0,1,4,1.3554
3863,内蒙古自治区,内蒙古兵团博物馆,文化文物系统国有博物馆,未定级,是,340,0,4,1,3.353
3864,内蒙古自治区,内蒙古博物院,文化文物系统国有博物馆,一级,是,150685,5480,25,1900,233.5
3865,内蒙古自治区,内蒙古草原文化博物馆,非国有博物馆,未定级,是,512,0,0,0,0
3866,内蒙古自治区,内蒙古草原游牧文化博物馆,非国有博物馆,未定级,是,415,0,0,0,0
3867,内蒙古自治区,内蒙古大学民族博物馆,其他行业国有博物馆,未定级,是,6000,0,2,0,0.7229
3868,内蒙古自治区,内蒙古电影博物馆,非国有博物馆,未定级,是,1000,0,1,0,0.8667
3869,内蒙古自治区,内蒙古恩格贝沙漠博物馆,其他行业国有博物馆,三级,是,12000,0,5,13,2.7854
3870,内蒙古自治区,内蒙古佛教文化博物馆,其他行业国有博物馆,未定级,是,28,0,4,0,13.2907
3871,内蒙古自治区,内蒙古古陶瓷博物馆,非国有博物馆,未定级,否,432,0,1,0,0.2646
3872,内蒙古自治区,内蒙古国际蒙医蒙药博物馆,非国有博物馆,未定级,是,4935,0,0,0,0
3873,内蒙古自治区,内蒙古河套灌区黄河水利文化博物馆,其他行业国有博物馆,未定级,是,2189,0,4,47,22.1256
3874,内蒙古自治区,内蒙古河套文化博物院（巴彦淖尔市考古研究中心、巴彦淖尔市阴山岩刻保护及申报世界文化遗产中心）,文化文物系统国有博物馆,二级,是,5729,305,10,56,22.2415
3875,内蒙古自治区,内蒙古科尔沁草原艺术博物馆,非国有博物馆,未定级,是,320,0,2,0,0.2322
3876,内蒙古自治区,内蒙古马头琴艺术博物馆,非国有博物馆,未定级,是,588,0,1,11,2.7114
3877,内蒙古自治区,内蒙古民族解放纪念馆,文化文物系统国有博物馆,未定级,是,1460,20,6,58,89.5193
3878,内蒙古自治区,内蒙古民族商贸文化博物馆,非国有博物馆,未定级,是,11622,0,0,0,0
3879,内蒙古自治区,内蒙古明博草原文化博物馆,非国有博物馆,未定级,是,628,0,1,0,0
3880,内蒙古自治区,内蒙古盛元博物馆,非国有博物馆,未定级,是,302,0,1,1,0.0574
3881,内蒙古自治区,内蒙古师范大学博物馆,其他行业国有博物馆,未定级,是,828,3,0,0,0
3882,内蒙古自治区,内蒙古斯琴塔娜艺术博物馆,非国有博物馆,二级,是,32620,0,3,36,4.597
3883,内蒙古自治区,内蒙古土默特博物馆,非国有博物馆,未定级,是,2100,0,1,2,0.4791
3884,内蒙古自治区,内蒙古兴光博物馆,非国有博物馆,未定级,是,1000,0,3,1,0.3871
3885,内蒙古自治区,内蒙古崖柏博物馆,非国有博物馆,未定级,是,300,0,2,0,0.0816
3886,内蒙古自治区,内蒙古羊绒博物馆,非国有博物馆,未定级,是,300,0,1,0,0.014
3887,内蒙古自治区,内蒙古自然博物馆,其他行业国有博物馆,一级,是,44889,0,21,534,97.69
3888,内蒙古自治区,宁城县辽中京博物馆（宁城县文物保护中心）,文化文物系统国有博物馆,二级,是,12910,376,10,26,31.68
3889,内蒙古自治区,清水河博物馆,文化文物系统国有博物馆,未定级,是,426,1,1,35,7.1328
3890,内蒙古自治区,沙日特莫图庙博物馆,文化文物系统国有博物馆,未定级,是,391,0,1,0,0.5715
3891,内蒙古自治区,商都县博物馆,文化文物系统国有博物馆,未定级,是,15466,7,3,3,2.7506
3892,内蒙古自治区,四子王旗博物馆,文化文物系统国有博物馆,未定级,是,7985,34,1,12,15.4238
3893,内蒙古自治区,苏尼特左旗博物馆,文化文物系统国有博物馆,未定级,是,307,4,4,3,1.2448
3894,内蒙古自治区,绥蒙抗日救国会旧址纪念馆,文化文物系统国有博物馆,未定级,是,68,0,1,130,5.2914
3895,内蒙古自治区,太仆寺旗博物馆,文化文物系统国有博物馆,未定级,是,35,2,1,6,1.7081
3896,内蒙古自治区,腾克达斡尔民俗陈列馆,文化文物系统国有博物馆,未定级,是,97,0,1,0,5.731
3897,内蒙古自治区,通辽市博物馆,文化文物系统国有博物馆,二级,是,48525,1039,11,113,39.8421
3898,内蒙古自治区,托克托县博物馆,文化文物系统国有博物馆,未定级,是,2953,71,4,14,10.102
3899,内蒙古自治区,翁牛特古代艺术博物馆,非国有博物馆,未定级,是,7410,0,7,0,0.07
3900,内蒙古自治区,翁牛特旗博物馆,文化文物系统国有博物馆,三级,是,6466,261,3,46,12.8384
3901,内蒙古自治区,乌海市博物馆,文化文物系统国有博物馆,三级,是,5660,115,1,98,8.1125
3902,内蒙古自治区,乌海市海勃湾区博物馆,文化文物系统国有博物馆,三级,是,2067,52,4,30,5.3125
3903,内蒙古自治区,乌海市民俗博物馆,非国有博物馆,未定级,是,1500,0,1,24,1.0103
3904,内蒙古自治区,乌拉特后旗博物馆,文化文物系统国有博物馆,未定级,是,593,51,0,4,0
3905,内蒙古自治区,乌拉特前旗博物馆,文化文物系统国有博物馆,未定级,是,552,2,2,0,0.8918
3906,内蒙古自治区,乌拉特前旗公田村博物馆,文化文物系统国有博物馆,未定级,是,1600,0,1,113,0.5669
3907,内蒙古自治区,乌拉特中旗博物馆,文化文物系统国有博物馆,未定级,是,694,7,5,15,0.5953
3908,内蒙古自治区,乌兰察布市博物馆(乌兰察布市文物保护中心）,文化文物系统国有博物馆,二级,是,37228,499,6,128,45.4793
3909,内蒙古自治区,乌兰察布市集宁区察哈尔民俗博物馆,文化文物系统国有博物馆,未定级,是,80,0,2,10,5.087
3910,内蒙古自治区,乌兰夫纪念馆,其他行业国有博物馆,未定级,是,3220,57,3,279,52.2038
3911,内蒙古自治区,乌审旗博物馆,文化文物系统国有博物馆,未定级,是,6166,11,6,5,0.05
3912,内蒙古自治区,乌审召牧区大寨博物馆,其他行业国有博物馆,未定级,是,300,0,1,0,0.462
3913,内蒙古自治区,五原博物馆,文化文物系统国有博物馆,未定级,是,1113,15,6,6,5.18
3914,内蒙古自治区,西拉沐沦民俗博物馆,非国有博物馆,未定级,是,2000,0,3,1,0.0638
3915,内蒙古自治区,西乌珠穆沁旗男儿三艺博物馆,文化文物系统国有博物馆,未定级,是,305,50,5,3,0.4615
3916,内蒙古自治区,锡察革命史纪念馆,文化文物系统国有博物馆,未定级,是,210,5,0,3,0
3917,内蒙古自治区,锡林郭勒博物馆（锡林郭勒盟文物考古保护研究中心）,文化文物系统国有博物馆,二级,是,2091,58,9,15,31.8455
3918,内蒙古自治区,锡林郭勒盟宝德尔肉石艺术博物馆,非国有博物馆,未定级,是,515,0,1,0,0.5014
3919,内蒙古自治区,锡林郭勒盟文化遗产博物馆,文化文物系统国有博物馆,未定级,是,3,0,1,10,8.5999
3920,内蒙古自治区,镶黄旗蒙古马文化博物馆,文化文物系统国有博物馆,未定级,是,442,4,1,2,0.1028
3921,内蒙古自治区,新巴尔虎右旗博物馆,文化文物系统国有博物馆,未定级,是,1660,40,3,3,4.0056
3922,内蒙古自治区,新巴尔虎左旗博物馆（诺门罕战役遗址陈列馆）,文化文物系统国有博物馆,未定级,是,1630,44,2,1,2.3822
3923,内蒙古自治区,兴安盟博物馆,文化文物系统国有博物馆,二级,是,10747,140,9,46,30.882
3924,内蒙古自治区,兴安农村第一党支部纪念馆,文化文物系统国有博物馆,未定级,是,59,0,1,2,3.059
3925,内蒙古自治区,牙克石中东铁路遗址博物馆,文化文物系统国有博物馆,未定级,是,2000,0,6,1,8.0256
3926,内蒙古自治区,延安民族学院城川纪念馆,文化文物系统国有博物馆,未定级,是,369,0,5,0,9.7552
3927,内蒙古自治区,伊利草原乳文化博物馆,其他行业国有博物馆,一级,是,4125,0,11,1246,50.2318
3928,内蒙古自治区,扎兰屯博物馆,文化文物系统国有博物馆,三级,是,4088,70,7,32,15.7406
3929,内蒙古自治区,扎兰屯市成吉思汗镇东德胜村史陈列馆,文化文物系统国有博物馆,未定级,是,163,0,1,0,0
3930,内蒙古自治区,扎兰屯市达斡尔民俗博物馆,文化文物系统国有博物馆,未定级,是,108,0,1,0,0
3931,内蒙古自治区,扎兰屯市南木鄂伦春民俗博物馆,文化文物系统国有博物馆,未定级,是,225,22,1,0,0.2
3932,内蒙古自治区,扎鲁特旗南宝力皋吐博物馆,文化文物系统国有博物馆,未定级,是,566,0,1,8,4.3343
3933,内蒙古自治区,扎鲁特旗乌力格尔博物馆,文化文物系统国有博物馆,未定级,是,5264,37,3,11,1.9812
3934,内蒙古自治区,正镶白旗博物馆（正镶白旗文物保护中心）,文化文物系统国有博物馆,未定级,是,348,20,5,1,1.453
3935,内蒙古自治区,准格尔旗博物馆,文化文物系统国有博物馆,未定级,是,2289,89,4,63,1.522
3936,宁夏回族自治区,大水坑镇石油博物馆,其他行业国有博物馆,未定级,是,74,0,1,0,0.4
3937,宁夏回族自治区,国务院直属干部学校历史陈列馆,其他行业国有博物馆,未定级,是,2890,0,1,44,9.695
3938,宁夏回族自治区,海原县博物馆,文化文物系统国有博物馆,未定级,是,1368,26,4,39,8.8341
3939,宁夏回族自治区,海原县地震博物馆,其他行业国有博物馆,未定级,是,217,0,1,21,3.4594
3940,宁夏回族自治区,海原县金福博物馆,非国有博物馆,未定级,是,2737,0,2,0,0.4996
3941,宁夏回族自治区,贺兰山生态博物馆,文化文物系统国有博物馆,未定级,是,300,0,1,0,0
3942,宁夏回族自治区,贺兰山自然博物馆,其他行业国有博物馆,三级,是,181,0,2,6,24.56
3943,宁夏回族自治区,黄河楼,其他行业国有博物馆,未定级,否,900,0,0,0,0
3944,宁夏回族自治区,黄河宁夏世界灌溉工程遗产博物馆,其他行业国有博物馆,未定级,是,724,0,0,0,0
3945,宁夏回族自治区,火石寨地质博物馆,其他行业国有博物馆,未定级,是,15,0,0,0,0
3946,宁夏回族自治区,老龙潭龙文化展览馆,其他行业国有博物馆,未定级,是,197,0,1,24,4.7897
3947,宁夏回族自治区,灵武市博物馆,文化文物系统国有博物馆,未定级,是,817,64,9,90,9.9323
3948,宁夏回族自治区,六盘山红军长征纪念馆,文化文物系统国有博物馆,未定级,是,490,0,3,300,38.2
3949,宁夏回族自治区,六盘山生态博物馆,其他行业国有博物馆,未定级,是,565,0,0,0,0
3950,宁夏回族自治区,隆德博物馆,文化文物系统国有博物馆,二级,是,3121,642,6,16,11.9
3951,宁夏回族自治区,宁夏百瑞源枸杞博物馆,非国有博物馆,未定级,是,600,0,1,20,7.1
3952,宁夏回族自治区,宁夏防沙治沙展览馆,其他行业国有博物馆,未定级,是,532,0,2,36,2.1969
3953,宁夏回族自治区,宁夏亘古奇石博物馆,非国有博物馆,未定级,是,300,0,1,0,0.1
3954,宁夏回族自治区,宁夏工委纪念馆暨永宁县廉政教育基地,其他行业国有博物馆,未定级,是,1,0,1,15,1.4545
3955,宁夏回族自治区,宁夏回族自治区博物馆,文化文物系统国有博物馆,一级,是,52384,2768,17,200,125.8
3956,宁夏回族自治区,宁夏回族自治区地质博物馆,其他行业国有博物馆,二级,是,16016,0,3,150,11.137
3957,宁夏回族自治区,宁夏回族自治区固原博物馆,文化文物系统国有博物馆,一级,是,24524,5951,16,57,35.6645
3958,宁夏回族自治区,宁夏交通博物馆,其他行业国有博物馆,未定级,是,385,1,0,0,0
3959,宁夏回族自治区,宁夏昆虫馆,其他行业国有博物馆,未定级,是,234000,0,2,6,0.8956
3960,宁夏回族自治区,宁夏煤炭地质博物馆,文化文物系统国有博物馆,未定级,是,201,0,1,140,9.2964
3961,宁夏回族自治区,宁夏农垦博物馆,其他行业国有博物馆,未定级,否,441,0,0,0,0
3962,宁夏回族自治区,宁夏湿地博物馆,其他行业国有博物馆,未定级,否,392,0,1,40,56
3963,宁夏回族自治区,宁夏水利博物馆,其他行业国有博物馆,未定级,是,628,3,1,15,36.8488
3964,宁夏回族自治区,宁夏万宝博物馆,非国有博物馆,未定级,是,3000,0,1,0,0.021
3965,宁夏回族自治区,宁夏无线电博物馆,其他行业国有博物馆,未定级,是,701,0,4,99,1.5297
3966,宁夏回族自治区,宁夏移民博物馆,文化文物系统国有博物馆,未定级,是,280,24,2,62,6.4956
3967,宁夏回族自治区,宁夏邮政博物馆,其他行业国有博物馆,未定级,是,550,0,4,40,0.9615
3968,宁夏回族自治区,宁夏长城博物馆,文化文物系统国有博物馆,未定级,是,335,6,2,11,28.7352
3969,宁夏回族自治区,宁夏质量文化博物馆,其他行业国有博物馆,未定级,是,311,0,1,0,0.0332
3970,宁夏回族自治区,彭阳县博物馆,文化文物系统国有博物馆,二级,是,6757,961,8,108,7.4367
3971,宁夏回族自治区,塞上江南博物馆,文化文物系统国有博物馆,未定级,是,47,0,0,0,0
3972,宁夏回族自治区,沙漠博物馆,其他行业国有博物馆,未定级,是,230,0,4,5,30.5718
3973,宁夏回族自治区,陕甘宁省豫海县回民自治政府办公旧址,文化文物系统国有博物馆,未定级,是,23,0,1,11,7.8987
3974,宁夏回族自治区,石嘴山市博物馆,文化文物系统国有博物馆,三级,是,920,79,15,9,9.5647
3975,宁夏回族自治区,双龙山石窟文物陈列馆,文化文物系统国有博物馆,未定级,是,116,86,1,0,10.0032
3976,宁夏回族自治区,同心县博物馆,文化文物系统国有博物馆,三级,是,1328,136,9,12,5.5907
3977,宁夏回族自治区,同心县革命烈士纪念馆,其他行业国有博物馆,未定级,是,7,0,1,1,0.8762
3978,宁夏回族自治区,同心县红军西征纪念馆,文化文物系统国有博物馆,未定级,是,345,2,6,79,33.1598
3979,宁夏回族自治区,王洛宾文化园,其他行业国有博物馆,未定级,是,360,0,1,12,1.36
3980,宁夏回族自治区,吴忠市博物馆,文化文物系统国有博物馆,三级,是,11107,60,9,60,12.2573
3981,宁夏回族自治区,西北农耕博物馆,文化文物系统国有博物馆,二级,是,7165,424,2,1,12.0032
3982,宁夏回族自治区,西吉博物馆,文化文物系统国有博物馆,三级,是,4087,663,7,13,11.4111
3983,宁夏回族自治区,西吉县将台堡红军长征会师纪念园,文化文物系统国有博物馆,未定级,是,355,28,3,104,43.0888
3984,宁夏回族自治区,西夏陵博物馆,文化文物系统国有博物馆,一级,否,10181,509,4,508,118.99
3985,宁夏回族自治区,须弥山博物馆,其他行业国有博物馆,未定级,是,104,0,3,3,5.6534
3986,宁夏回族自治区,盐池县博物馆,文化文物系统国有博物馆,三级,是,5562,152,5,32,47.0458
3987,宁夏回族自治区,盐池县革命历史纪念馆,文化文物系统国有博物馆,未定级,是,1082,1,5,32,47.0458
3988,宁夏回族自治区,盐池县张家场博物馆,文化文物系统国有博物馆,未定级,是,208,16,1,9,5.3
3989,宁夏回族自治区,银川党史馆,其他行业国有博物馆,未定级,是,64,0,1,1,0.4555
3990,宁夏回族自治区,银川韩美林艺术馆,其他行业国有博物馆,未定级,是,1000,0,4,28,45.857
3991,宁夏回族自治区,银川世界岩画馆,文化文物系统国有博物馆,二级,是,1065,0,6,320,89.5
3992,宁夏回族自治区,银川市金凤区观唐博物馆,非国有博物馆,未定级,是,2000,0,7,5,2
3993,宁夏回族自治区,银川市雷锋纪念馆,非国有博物馆,未定级,是,425,0,2,17,9.2485
3994,宁夏回族自治区,银川市兴庆区黄河古渡博物馆,非国有博物馆,未定级,是,670,0,1,0,1.5684
3995,宁夏回族自治区,银川市兴庆区民俗文化博物馆,非国有博物馆,未定级,是,5000,0,1,0,1.776
3996,宁夏回族自治区,战国秦长城博物馆,文化文物系统国有博物馆,未定级,是,1100,130,4,3,12.9679
3997,宁夏回族自治区,中卫市博物馆,文化文物系统国有博物馆,二级,是,3022,275,14,27,9.0363
3998,宁夏回族自治区,中卫市黄河奇石博物馆,非国有博物馆,未定级,是,2250,0,3,3,0.72
3999,青海省,班玛县红军长征纪念馆,其他行业国有博物馆,未定级,是,306,0,6,20,0.3
4000,青海省,大通回族土族自治县博物馆,文化文物系统国有博物馆,未定级,是,453,2,3,17,0.2212
4001,青海省,都兰县博物馆,文化文物系统国有博物馆,未定级,是,320,66,2,5,0.9823
4002,青海省,格尔木历史博物馆,文化文物系统国有博物馆,未定级,是,231,148,3,120,11.7848
4003,青海省,贵德县博物馆,文化文物系统国有博物馆,未定级,是,837,137,1,10,2.4951
4004,青海省,果洛藏族自治州格萨尔博物馆,文化文物系统国有博物馆,未定级,是,758,0,9,10,0.7897
4005,青海省,海北藏族自治州民族博物馆,文化文物系统国有博物馆,未定级,是,1517,312,9,28,3.1602
4006,青海省,海东市乐都区博物馆,文化文物系统国有博物馆,未定级,是,1399,42,1,0,0.1
4007,青海省,海东市平安区博物馆,文化文物系统国有博物馆,未定级,否,350,67,0,1,0
4008,青海省,海南藏族自治州民族博物馆,文化文物系统国有博物馆,三级,是,3294,186,3,29,1.287
4009,青海省,海西州民族博物馆,文化文物系统国有博物馆,未定级,是,806,145,5,22,11.2
4010,青海省,海晏县西海郡博物馆,文化文物系统国有博物馆,未定级,是,280,38,3,6,3.2688
4011,青海省,河湟文化博物馆,文化文物系统国有博物馆,未定级,是,433,0,8,6,8
4012,青海省,河南蒙古族自治县黄河南蒙古历史文化博物馆,文化文物系统国有博物馆,未定级,是,1486,1,5,19,1.1856
4013,青海省,互助土族自治县博物馆,文化文物系统国有博物馆,三级,是,3171,16,1,0,0.89
4014,青海省,黄南州民族博物馆,文化文物系统国有博物馆,三级,是,2706,81,5,3,6.55
4015,青海省,湟源县博物馆,文化文物系统国有博物馆,未定级,是,3830,33,4,16,5.7944
4016,青海省,喇家遗址博物馆,文化文物系统国有博物馆,未定级,否,294,0,1,1,0.2918
4017,青海省,民和县博物馆,文化文物系统国有博物馆,未定级,是,4615,389,3,3,0.0496
4018,青海省,囊谦县赞普博物馆,非国有博物馆,未定级,是,634,19,1,0,3.094
4019,青海省,青海藏文化馆,非国有博物馆,未定级,否,302,0,3,6,1.8875
4020,青海省,青海藏医药文化博物馆,其他行业国有博物馆,一级,是,58044,1912,15,21,84.7138
4021,青海省,青海监狱历史博物馆,其他行业国有博物馆,未定级,是,3874,0,1,25,0.2846
4022,青海省,青海柳湾彩陶博物馆,文化文物系统国有博物馆,二级,是,38649,369,7,34,9.8803
4023,青海省,青海省博物馆,文化文物系统国有博物馆,一级,是,15880,2036,6,57,81.3455
4024,青海省,青海省国安艺术博物馆,非国有博物馆,未定级,是,300,0,2,0,0.3
4025,青海省,青海省湟源县古道博物馆,非国有博物馆,未定级,是,1000,0,1,0,0.5
4026,青海省,青海省马佳肴民族文化博物馆,非国有博物馆,三级,是,400,2,3,2,4.77
4027,青海省,青海省民俗博物馆,文化文物系统国有博物馆,未定级,否,130,1,0,0,0
4028,青海省,青海省自然资源博物馆,其他行业国有博物馆,二级,是,360561,0,9,144,7.2061
4029,青海省,青海新千国际冬虫夏草文化博物馆,非国有博物馆,未定级,是,451,0,3,0,0.2
4030,青海省,青海新丝路丝绸文化博物馆,非国有博物馆,未定级,是,420,0,1,1,0.015
4031,青海省,青海雪域民俗博物馆,非国有博物馆,未定级,是,3500,18,4,0,0.5
4032,青海省,青海永录藏文化艺术博物馆,非国有博物馆,未定级,是,240,0,0,0,0
4033,青海省,青海原子城纪念馆,其他行业国有博物馆,未定级,是,5320,324,3,32,31.29
4034,青海省,同仁市夏吾角民间热贡艺术博物馆,非国有博物馆,未定级,是,944,0,5,2,3
4035,青海省,文成公主纪念馆,其他行业国有博物馆,未定级,是,300,0,1,11,7.6193
4036,青海省,西宁市博物馆,文化文物系统国有博物馆,未定级,是,2790,150,14,32,9.6696
4037,青海省,西宁市湟中区博物馆,文化文物系统国有博物馆,二级,是,10019,238,3,13,0.68
4038,青海省,玉树藏文化民俗博物馆,非国有博物馆,未定级,是,598,288,2,2,0.32
4039,青海省,玉树地震遗址纪念馆,文化文物系统国有博物馆,未定级,是,916,0,7,19,6
4040,青海省,玉树州博物馆,文化文物系统国有博物馆,未定级,是,3600,19,8,16,2.712
4041,青海省,玉树州黑帐篷游牧文化民间博物馆,非国有博物馆,未定级,是,370,0,6,0,1.656
4042,青海省,中国工农红军西路军纪念馆,其他行业国有博物馆,未定级,是,312,87,5,792,16
4043,山东省,安丘梦空间电影艺术博物馆,非国有博物馆,未定级,是,579,0,4,8,2.69
4044,山东省,安丘世德古籍博物馆,非国有博物馆,未定级,是,422,0,4,5,0.3678
4045,山东省,安丘市博物馆,文化文物系统国有博物馆,未定级,是,3194,342,2,8,3.888
4046,山东省,安丘市承宇印章博物馆,非国有博物馆,未定级,是,310,0,2,4,0.0422
4047,山东省,安丘印台博物馆,非国有博物馆,未定级,是,450,0,5,4,0.092
4048,山东省,奥帆博物馆,文化文物系统国有博物馆,未定级,是,4254,0,2,128,15.6334
4049,山东省,八路军胶东军区机关旧址纪念馆,文化文物系统国有博物馆,二级,是,1128,11,2,168,19.8012
4050,山东省,滨州市滨城区博物馆,文化文物系统国有博物馆,未定级,是,603,138,1,1,0.0488
4051,山东省,滨州市博物馆,文化文物系统国有博物馆,一级,是,10880,201,23,578,23.5173
4052,山东省,滨州市九州陶瓷文化博物馆,非国有博物馆,未定级,是,1067,0,5,36,1.9852
4053,山东省,滨州市沾化区博物馆,文化文物系统国有博物馆,二级,是,506,33,3,62,3.6526
4054,山东省,博山陈仕红木博物馆,非国有博物馆,未定级,是,590,0,1,0,0.7998
4055,山东省,博山锦隐民俗博物馆,非国有博物馆,未定级,是,8500,0,6,10,4.8987
4056,山东省,博山聚乐村饮食文化博物馆,非国有博物馆,未定级,是,700,0,1,0,0.51
4057,山东省,博山区颜山艺术博物馆,非国有博物馆,未定级,是,606,0,3,0,0.985
4058,山东省,博山陶瓷琉璃艺术博物馆,文化文物系统国有博物馆,二级,是,3472,0,2,178,19.17
4059,山东省,博兴京博文化艺术博物馆,非国有博物馆,未定级,是,3945,0,1,0,1.1075
4060,山东省,博兴县博物馆,文化文物系统国有博物馆,二级,是,3856,259,11,48,8.1983
4061,山东省,博兴县高家渡革命历史博物馆,其他行业国有博物馆,未定级,是,300,0,1,0,2.6781
4062,山东省,博兴县中医药文化博物馆,其他行业国有博物馆,未定级,是,1100,0,12,180,1.2319
4063,山东省,渤海垦区革命纪念馆,其他行业国有博物馆,未定级,是,732,20,1,45,0.201
4064,山东省,曹县博物馆,文化文物系统国有博物馆,二级,是,1724,154,5,10,21.685
4065,山东省,曹县木艺文化博物馆,非国有博物馆,未定级,是,392,0,1,0,0.245
4066,山东省,昌乐县蓝宝石文化博物馆,其他行业国有博物馆,未定级,是,122,0,3,7,0.63
4067,山东省,昌邑全武红色文化收藏博物馆,非国有博物馆,未定级,是,39600,0,15,30,2.9899
4068,山东省,昌邑市博物馆,文化文物系统国有博物馆,二级,是,87736,1210,6,16,17.9632
4069,山东省,昌邑市海洋科普博物馆,文化文物系统国有博物馆,未定级,是,316,0,1,20,0.2
4070,山东省,昌邑市华裕茧绸文化博物馆,非国有博物馆,未定级,是,1277,0,2,2,0.6
4071,山东省,昌邑市柳疃丝绸文化博物馆,非国有博物馆,未定级,是,723,0,8,10,8.1897
4072,山东省,昌邑市针灸历史文化博物馆,文化文物系统国有博物馆,未定级,是,306,0,6,0,0.0253
4073,山东省,陈介祺故居陈列馆,文化文物系统国有博物馆,未定级,是,401,104,5,20,3.393
4074,山东省,成武文亭民俗博物馆,非国有博物馆,未定级,是,5086,0,8,8,8.835
4075,山东省,成武县博物馆,文化文物系统国有博物馆,二级,是,10530,159,18,95,16.712
4076,山东省,成武县教育博物馆,文化文物系统国有博物馆,未定级,是,445,0,1,32,6.237
4077,山东省,大汶口遗址博物馆,文化文物系统国有博物馆,未定级,是,222,0,1,96,10.2091
4078,山东省,单县博物馆,文化文物系统国有博物馆,三级,是,2563,286,7,3,5.703
4079,山东省,单县民俗博物馆,文化文物系统国有博物馆,未定级,是,714,0,14,24,23.802
4080,山东省,单县张集镇乡村民俗博物馆,其他行业国有博物馆,未定级,是,311,0,1,6,3.102
4081,山东省,德州鸿昌陶瓷艺术博物馆,非国有博物馆,未定级,是,316,0,4,12,1.0797
4082,山东省,德州黄河故道葡萄酒文化博物馆,非国有博物馆,未定级,是,326,0,5,63,0.7294
4083,山东省,德州梁子黑陶博物馆,非国有博物馆,未定级,是,518,0,2,22,3.4296
4084,山东省,德州洛北春酒文化博物馆,非国有博物馆,未定级,是,300,0,5,0,1.2308
4085,山东省,德州普利森机床博物馆,非国有博物馆,未定级,是,366,0,7,20,1.4277
4086,山东省,德州奇石文化博物馆,非国有博物馆,未定级,是,1000,0,2,8,0.1048
4087,山东省,德州市博物馆,文化文物系统国有博物馆,一级,是,32821,170,21,129,34.0028
4088,山东省,德州市陵城区文博苑,文化文物系统国有博物馆,未定级,是,416,115,6,35,12.7987
4089,山东省,德州市苏禄王墓博物馆,文化文物系统国有博物馆,二级,是,714,0,15,44,6.4985
4090,山东省,东阿阿胶博物馆,其他行业国有博物馆,未定级,是,326,0,1,5,12.6529
4091,山东省,东阿膏方博物馆,非国有博物馆,未定级,是,472,0,2,4,0.4663
4092,山东省,东阿魁丰博物馆,非国有博物馆,未定级,是,1600,0,2,2,0.0396
4093,山东省,东明县博物馆,文化文物系统国有博物馆,三级,是,5535,101,11,63,20.3215
4094,山东省,东平宋城博物馆,非国有博物馆,未定级,是,315,0,4,0,0.3705
4095,山东省,东平县博物馆,文化文物系统国有博物馆,二级,是,102081,117,13,23,10.4998
4096,山东省,东平县龙泉博物馆,非国有博物馆,未定级,是,336,0,6,50,0.4992
4097,山东省,东营钱币博物馆,非国有博物馆,未定级,是,6500,0,4,2,2.9897
4098,山东省,东营市河口区博物馆,文化文物系统国有博物馆,未定级,是,445,0,3,10,2.1999
4099,山东省,东营市河口区老马场博物馆,其他行业国有博物馆,未定级,是,812,0,1,8,0.15
4100,山东省,东营市黄河油画博物馆,非国有博物馆,未定级,是,400,0,2,18,1.799
4101,山东省,东营市垦利区博物馆（含渤海垦区革命纪念馆）,文化文物系统国有博物馆,二级,是,8378,62,11,78,22.6989
4102,山东省,东营市历史博物馆,文化文物系统国有博物馆,二级,是,12191,445,29,21,36.6326
4103,山东省,东营市吕剧博物馆,文化文物系统国有博物馆,未定级,是,385,0,2,87,1.4975
4104,山东省,肥城市博物馆,文化文物系统国有博物馆,未定级,是,2626,359,1,15,13.8007
4105,山东省,肥城市老城历史博物馆,其他行业国有博物馆,未定级,是,441,0,1,32,3.5005
4106,山东省,肥城市马家埠民俗博物馆,非国有博物馆,未定级,是,2902,0,2,0,4.2998
4107,山东省,肥城市乡村民俗博物馆,非国有博物馆,未定级,是,719,0,0,0,0
4108,山东省,肥城桃文化博物馆,非国有博物馆,未定级,是,1000,0,9,0,3.5705
4109,山东省,费县博物馆,文化文物系统国有博物馆,未定级,是,14667,37,7,56,2.0453
4110,山东省,冯玉祥泰山纪念馆,文化文物系统国有博物馆,未定级,是,48,7,5,18,6.9995
4111,山东省,高凤翰纪念馆,文化文物系统国有博物馆,未定级,是,318,0,11,130,3.7784
4112,山东省,高密市白羊山博物馆,非国有博物馆,未定级,是,340,0,4,2,0.12
4113,山东省,高密市博物馆,文化文物系统国有博物馆,二级,是,11144,516,18,30,8.2988
4114,山东省,高密市凤仪服饰文化博物馆,非国有博物馆,未定级,是,2000,0,0,0,0
4115,山东省,高密市树花扑灰年画博物馆,非国有博物馆,未定级,是,306,0,23,100,1.5997
4116,山东省,高密市土地文化博物馆,其他行业国有博物馆,未定级,是,1370,0,2,1,0.175
4117,山东省,高密市新成李记木板年画博物馆,非国有博物馆,未定级,是,307,0,5,4,1.6998
4118,山东省,高密市夷安文化博物馆,非国有博物馆,未定级,是,323,0,13,6,0.9998
4119,山东省,高青大地黄河情博物馆,非国有博物馆,未定级,是,3030,0,15,10,2.9988
4120,山东省,高青国井一九一五酒庄博物馆,非国有博物馆,未定级,是,5746,0,3,2,19.9985
4121,山东省,高青昊阳度量衡文化博物馆,非国有博物馆,未定级,是,5129,0,17,12,8.5999
4122,山东省,高青黄河水乡博物馆,非国有博物馆,三级,是,5661,0,5,126,10.5991
4123,山东省,高青齐鲁酒文化博物馆,非国有博物馆,未定级,是,1866,0,0,0,0
4124,山东省,高青镕古拓片艺术博物馆,非国有博物馆,未定级,是,1600,0,6,2,7.9986
4125,山东省,高青述青藏古博物馆,非国有博物馆,未定级,是,16200,0,6,238,12.599
4126,山东省,高青县博物馆,文化文物系统国有博物馆,二级,是,961,40,10,10,7.4998
4127,山东省,高青县革命历史纪念馆,文化文物系统国有博物馆,未定级,是,49,0,1,0,0.9984
4128,山东省,高青县黄河楼博物馆,其他行业国有博物馆,未定级,否,303,0,1,10,3.4187
4129,山东省,高青县西周遗址博物馆,文化文物系统国有博物馆,未定级,是,300,0,3,5,3.9997
4130,山东省,高唐县博物馆,文化文物系统国有博物馆,三级,是,1338,29,4,54,3.8926
4131,山东省,郭味蕖故居陈列馆,文化文物系统国有博物馆,未定级,是,76,0,10,6,3.32
4132,山东省,海尔世界家电博物馆,非国有博物馆,二级,否,50118,0,13,536,24.0987
4133,山东省,海阳市博物馆,文化文物系统国有博物馆,二级,是,2892,99,6,149,13.3925
4134,山东省,海阳市绿灯民俗文化博物馆,非国有博物馆,未定级,是,195,0,1,157,2.3158
4135,山东省,海阳市屹兴丝绸文化博物馆,非国有博物馆,未定级,是,45,0,2,0,0.091
4136,山东省,菏泽市博物馆,文化文物系统国有博物馆,三级,是,11506,351,9,150,25.0112
4137,山东省,菏泽市定陶区博物馆,文化文物系统国有博物馆,三级,是,14459,95,4,18,4.8012
4138,山东省,菏泽市抗日纪念馆,其他行业国有博物馆,三级,是,1642,18,7,9,9.565
4139,山东省,菏泽市牡丹区博物馆,文化文物系统国有博物馆,未定级,是,350,0,1,2,1
4140,山东省,菏泽市牡丹区大黄集镇安陵革命历史博物馆,其他行业国有博物馆,未定级,是,845,0,1,58,0.28
4141,山东省,菏泽市世知堂博物馆,非国有博物馆,三级,是,1191,0,5,8,8.9582
4142,山东省,菏泽市书画艺术博物馆,其他行业国有博物馆,未定级,是,1810,0,21,3,1.313
4143,山东省,菏泽市艺术博物馆,文化文物系统国有博物馆,未定级,是,2116,0,6,32,12.697
4144,山东省,黑铁山抗日武装起义纪念馆,其他行业国有博物馆,未定级,是,373,0,1,60,11.9994
4145,山东省,华东野战军总部旧址暨新四军军部旧址纪念馆,其他行业国有博物馆,二级,是,3918,4,8,89,54.6739
4146,山东省,桓台博物馆,文化文物系统国有博物馆,二级,是,5547,150,15,110,9.8298
4147,山东省,桓台华夏粮仓博物馆,非国有博物馆,未定级,是,357,0,6,15,2.2981
4148,山东省,桓台马踏湖湿地博物馆,其他行业国有博物馆,未定级,否,310,0,3,30,12.2991
4149,山东省,桓台西三益老醋店博物馆,非国有博物馆,未定级,是,402,0,5,5,0.1592
4150,山东省,黄岛区民俗博物馆,文化文物系统国有博物馆,未定级,是,155,0,1,0,0.7079
4151,山东省,黄河三角洲鸟类博物馆,其他行业国有博物馆,二级,是,1928,0,14,26,92.624
4152,山东省,惠民惠风民俗博物馆,非国有博物馆,三级,是,635,0,6,30,6.5192
4153,山东省,惠民鲁北民俗文化博物馆,非国有博物馆,未定级,否,307,0,3,127,7.5623
4154,山东省,惠民县博物馆,文化文物系统国有博物馆,三级,是,1409,275,9,10,8.1692
4155,山东省,惠民县渤海革命老区兵器博物馆,非国有博物馆,未定级,否,301,0,5,127,7.5362
4156,山东省,即墨县衙博物馆,其他行业国有博物馆,未定级,否,506,0,1,91,9.091
4157,山东省,济南百花洲民俗博物馆,其他行业国有博物馆,未定级,是,426,0,3,77,9.27
4158,山东省,济南东方玉器艺术博物馆,非国有博物馆,未定级,是,300,0,1,0,0.1369
4159,山东省,济南高新区辛弃疾纪念馆,文化文物系统国有博物馆,未定级,是,196,0,7,10,7.0997
4160,山东省,济南宏济堂博物馆,非国有博物馆,未定级,是,1200,0,6,35,1.499
4161,山东省,济南皇亭体育文化博物馆,其他行业国有博物馆,未定级,是,358,0,1,0,0.06
4162,山东省,济南金诃藏医药文化博物馆,非国有博物馆,未定级,是,310,0,2,15,3.3825
4163,山东省,济南鲁艺书画装裱艺术博物馆,非国有博物馆,未定级,是,500,0,2,0,2.9852
4164,山东省,济南市博物馆,文化文物系统国有博物馆,一级,是,77695,2015,26,168,41.9887
4165,山东省,济南市钢城区红日红色文化博物馆,非国有博物馆,未定级,是,300,0,1,50,4.327
4166,山东省,济南市华熙生物透明质酸博物馆,非国有博物馆,未定级,是,305,0,6,79,1.1157
4167,山东省,济南市槐荫区西沙记忆博物馆,非国有博物馆,未定级,是,301,0,5,5,0.4989
4168,山东省,济南市济阳区博物馆,文化文物系统国有博物馆,二级,是,1404,156,28,121,23.0592
4169,山东省,济南市济阳区芳远民俗博物馆,非国有博物馆,未定级,是,324,0,3,3,1.0179
4170,山东省,济南市济阳区济水韶音农耕文化博物馆,非国有博物馆,未定级,是,10200,0,18,6,13.2018
4171,山东省,济南市莱芜高新区万福山民俗博物馆,非国有博物馆,未定级,是,301,0,1,0,0.1998
4172,山东省,济南市莱芜区博物馆,文化文物系统国有博物馆,三级,是,12067,340,8,602,8.6987
4173,山东省,济南市莱芜区多福砚博物馆,非国有博物馆,未定级,是,1202,0,3,32,0.5235
4174,山东省,济南市莱芜区古嬴翰林博物馆,非国有博物馆,未定级,是,374,0,0,0,0
4175,山东省,济南市莱芜区华山民俗博物馆,非国有博物馆,未定级,是,600,0,1,0,0.015
4176,山东省,济南市莱芜区家具文化博物馆,非国有博物馆,未定级,是,301,0,1,0,0.236
4177,山东省,济南市莱芜区莱东抗日战争纪念馆,非国有博物馆,未定级,是,302,0,1,6,0.9979
4178,山东省,济南市莱芜区莱东民俗文化博物馆,非国有博物馆,未定级,是,685,0,3,1,1.7161
4179,山东省,济南市莱芜区山楂之恋博物馆,非国有博物馆,未定级,是,302,0,1,12,2.9979
4180,山东省,济南市莱芜区幸福童年摄影艺术博物馆,非国有博物馆,未定级,是,1074,0,3,3,0.7999
4181,山东省,济南市历城区博物馆,文化文物系统国有博物馆,二级,是,521,166,7,40,14.5733
4182,山东省,济南市历城区南部山区野风酥煎饼博物馆,非国有博物馆,未定级,是,329,0,4,25,0.5797
4183,山东省,济南市历城区文史哲阅读博物馆,其他行业国有博物馆,未定级,是,330,0,2,20,0.9998
4184,山东省,济南市石敢当摩崖艺术博物馆,非国有博物馆,未定级,是,300,0,2,3,0.0935
4185,山东省,济南市市中区天成观赏石博物馆,非国有博物馆,未定级,是,320,0,1,3,0.003
4186,山东省,济南市小广寒博物馆,非国有博物馆,未定级,否,3194,0,3,10,0.5997
4187,山东省,济南市新旧动能转换起步区清宁民俗文化博物馆,非国有博物馆,未定级,是,1100,0,11,28,0.9986
4188,山东省,济南市章丘区博物馆,文化文物系统国有博物馆,一级,是,10439,399,16,66,31.9874
4189,山东省,济南市章丘区城子崖遗址博物馆,文化文物系统国有博物馆,三级,是,380,9,4,226,24.36
4190,山东省,济南市章丘区友谊葫芦博物馆,非国有博物馆,未定级,是,318,0,22,32,2.799
4191,山东省,济南市长清区博物馆,文化文物系统国有博物馆,三级,是,1618,394,11,36,8.4969
4192,山东省,济南市长清区将军山中医药博物馆,非国有博物馆,未定级,是,308,0,1,50,0.62
4193,山东省,济南市长清区饰美民俗博物馆,非国有博物馆,未定级,是,306,0,1,50,3.9875
4194,山东省,济南市智邦粮食文化博物馆,非国有博物馆,未定级,是,326,0,6,16,0.4994
4195,山东省,济南市中医药文化博物馆,其他行业国有博物馆,未定级,是,2000,0,1,40,0.9998
4196,山东省,济南薪传古陶瓷博物馆,非国有博物馆,未定级,是,500,0,1,0,0.06
4197,山东省,济南影像博物馆,其他行业国有博物馆,未定级,是,316,0,6,86,2.9988
4198,山东省,济南战役纪念馆（济南革命烈士陵园）,其他行业国有博物馆,未定级,是,963,0,2,70,69.9988
4199,山东省,济宁高新区接庄博物馆,其他行业国有博物馆,未定级,是,196,0,3,2,1.7917
4200,山东省,济宁任城古床榻博物馆,非国有博物馆,未定级,是,4265,0,9,12,5.364
4201,山东省,济宁任城金石艺术博物馆,非国有博物馆,未定级,是,637,0,4,0,0.0319
4202,山东省,济宁市博物馆（朱复戡艺术馆）,文化文物系统国有博物馆,一级,是,161276,501,35,694,85.1032
4203,山东省,济宁市广育堂中医药博物馆,非国有博物馆,未定级,是,802,0,2,3,0.435
4204,山东省,济宁市洪庆民俗博物馆,非国有博物馆,三级,是,2400,0,4,6,3.0705
4205,山东省,济宁市李白纪念馆,文化文物系统国有博物馆,二级,是,556,45,4,36,35.517
4206,山东省,济宁市任城区德信古文化博物馆,非国有博物馆,未定级,是,300,0,1,6,3.199
4207,山东省,济宁市任城区芳元红色经典文化博物馆,非国有博物馆,未定级,是,327,0,5,48,4.2776
4208,山东省,济宁市任城区汉文化博物馆,非国有博物馆,未定级,是,693,0,2,11,1.4497
4209,山东省,济宁市任城区金宇运河文化博物馆,非国有博物馆,未定级,是,303,0,1,10,0.6977
4210,山东省,济宁市任城区天丰博物馆,非国有博物馆,未定级,是,303,0,2,2,0.3648
4211,山东省,济宁市任城区玉堂酱园博物馆,非国有博物馆,未定级,是,516,0,9,52,0.3799
4212,山东省,济宁市任城区运河风情民俗博物馆,非国有博物馆,未定级,是,758,0,5,10,0.217
4213,山东省,济宁市润美中医药博物馆,非国有博物馆,未定级,是,549,0,5,52,1.1892
4214,山东省,济宁市孝和文化博物馆,非国有博物馆,未定级,是,323,0,6,30,3.8599
4215,山东省,济宁市兖州区博物馆,文化文物系统国有博物馆,二级,是,91321,601,18,117,36.6896
4216,山东省,济宁市兖州区兴达生态酿造酒文化博物馆,非国有博物馆,未定级,是,816,0,3,5,1.9979
4217,山东省,济宁市渔家文化博物馆,非国有博物馆,未定级,是,310,0,2,50,5.0338
4218,山东省,冀鲁边区革命纪念馆,其他行业国有博物馆,二级,是,12621,72,7,859,15.7599
4219,山东省,冀鲁豫边区革命纪念馆,其他行业国有博物馆,二级,是,7120,39,3,18,69.29
4220,山东省,嘉祥民俗博物馆,非国有博物馆,三级,是,1560,0,4,8,4.1967
4221,山东省,嘉祥武氏墓群石刻博物馆,文化文物系统国有博物馆,三级,否,422,19,1,50,3.1799
4222,山东省,嘉祥徐氏石刻博物馆,非国有博物馆,未定级,是,345,0,1,10,1.8599
4223,山东省,胶州九兴博物馆,非国有博物馆,未定级,是,500,0,9,11,1.685
4224,山东省,胶州市艾山民俗博物馆,非国有博物馆,未定级,是,500,0,1,0,0
4225,山东省,胶州市板桥镇博物馆,非国有博物馆,未定级,是,306,0,3,11,0.9879
4226,山东省,胶州市博物馆,文化文物系统国有博物馆,二级,是,20015,112,10,53,2.4899
4227,山东省,胶州市金岭民俗博物馆,非国有博物馆,未定级,是,300,0,1,0,0.4862
4228,山东省,胶州市君宜博物馆,非国有博物馆,未定级,是,1096,0,7,12,1.0963
4229,山东省,胶州市六艺园艺术博物馆,非国有博物馆,未定级,是,704,0,5,70,6.421
4230,山东省,胶州市余之庆博物馆,非国有博物馆,未定级,是,918,0,18,14,2.0899
4231,山东省,教师博物馆,其他行业国有博物馆,二级,是,23015,0,21,150,30.3562
4232,山东省,金乡县博物馆,文化文物系统国有博物馆,二级,是,5222,235,10,18,31.599
4233,山东省,金乡县民俗博物馆,非国有博物馆,未定级,是,2128,0,1,15,8.3613
4234,山东省,金乡县苏家酒文化博物馆,非国有博物馆,未定级,是,356,0,1,0,2.9877
4235,山东省,金乡县王丕庄民俗博物馆,非国有博物馆,未定级,是,2318,0,2,12,3.6797
4236,山东省,金乡县星火红色博物馆,非国有博物馆,三级,是,1027,0,13,9,7.0153
4237,山东省,金乡县影视美育博物馆,其他行业国有博物馆,未定级,是,372,0,15,20,4.8777
4238,山东省,莒南县博物馆,文化文物系统国有博物馆,二级,是,42195,85,8,71,15.0988
4239,山东省,莒南县德君泥陶博物馆,非国有博物馆,未定级,是,781,0,2,10,1.9877
4240,山东省,莒南县瑞福祥钟表博物馆,非国有博物馆,未定级,是,1290,0,2,6,0.7997
4241,山东省,莒南县神农传统农耕博物馆,非国有博物馆,未定级,是,1533,0,2,3,0.77
4242,山东省,莒南县永泰茶具文化博物馆,非国有博物馆,未定级,是,2450,0,2,12,1.0987
4243,山东省,莒南县玉芽茶文化博物馆,非国有博物馆,未定级,是,600,0,2,2,0.05
4244,山东省,莒县东莞镇刘勰故里乡村记忆馆,非国有博物馆,未定级,是,800,0,1,10,0.21
4245,山东省,莒县刘勰故里民俗生态博物馆,非国有博物馆,未定级,是,950,0,1,5,0.05
4246,山东省,莒县世昌砚石博物馆,非国有博物馆,未定级,是,365,0,9,25,1.9586
4247,山东省,莒县招贤镇张安祝博物馆,非国有博物馆,未定级,是,816,0,4,6,0.1988
4248,山东省,莒州博物馆,文化文物系统国有博物馆,二级,是,13010,337,15,68,20.1271
4249,山东省,巨野阿胶博物馆,非国有博物馆,未定级,是,400,0,2,2,0.3284
4250,山东省,巨野麒麟文化博物馆,非国有博物馆,未定级,是,351,0,3,3,0.28
4251,山东省,巨野县博物馆,文化文物系统国有博物馆,一级,是,13703,288,13,106,36.1035
4252,山东省,巨野县麟州民俗博物馆,非国有博物馆,未定级,是,16166,0,7,4,3.0157
4253,山东省,康有为故居纪念馆,文化文物系统国有博物馆,未定级,是,277,138,10,30,7.9459
4254,山东省,垦利黄河南展区历史博物馆,其他行业国有博物馆,未定级,是,317,0,1,12,0.45
4255,山东省,孔繁森同志纪念馆,其他行业国有博物馆,二级,是,10262,381,11,63,80.1838
4256,山东省,孔子博物馆,文化文物系统国有博物馆,一级,是,366094,11217,20,471,193.6644
4257,山东省,莱芜雪野旅游区房干村乡村记忆博物馆,非国有博物馆,未定级,是,310,0,6,3,2.854
4258,山东省,莱芜战役纪念馆,其他行业国有博物馆,未定级,是,698,0,4,100,42.002
4259,山东省,莱芜战役指挥所旧址纪念馆,文化文物系统国有博物馆,未定级,是,72,0,3,270,4.915
4260,山东省,莱西市博物馆,文化文物系统国有博物馆,三级,是,5845,246,5,6,3.2106
4261,山东省,莱西市建东红色博物馆,非国有博物馆,未定级,是,398,0,9,23,2.3579
4262,山东省,莱西市胶东花饽饽文化博物馆,非国有博物馆,未定级,是,376,0,7,12,2.3352
4263,山东省,莱西市胶东民俗文化博物馆,非国有博物馆,未定级,是,87559,0,3,23,3.6257
4264,山东省,莱西市莱夷礼乐文化博物馆,非国有博物馆,未定级,是,302,0,4,24,1.9875
4265,山东省,莱西市宜品羊乳业博物馆,非国有博物馆,未定级,否,328,0,2,50,1.0123
4266,山东省,莱阳富草堂梨文化博物馆,非国有博物馆,未定级,是,311,0,3,55,2.4883
4267,山东省,莱阳市博物馆（莱阳市考古研究中心）,文化文物系统国有博物馆,未定级,是,1044,0,5,52,12.471
4268,山东省,莱州市博物馆,文化文物系统国有博物馆,未定级,是,3870,150,17,25,15.0194
4269,山东省,莱州市昭泰面塑艺术博物馆,非国有博物馆,未定级,是,1214,0,1,3,0.5438
4270,山东省,兰陵县博物馆,文化文物系统国有博物馆,二级,是,10850,81,14,35,29.5336
4271,山东省,兰陵县恩瑞民俗博物馆,非国有博物馆,未定级,是,6800,0,6,3,0.25
4272,山东省,崂山茶文化博物馆,其他行业国有博物馆,未定级,是,73,0,0,0,0
4273,山东省,乐陵市博物馆,文化文物系统国有博物馆,未定级,是,424,36,3,8,0.1007
4274,山东省,乐陵泰山奥运文化博物馆,非国有博物馆,未定级,是,302,0,4,10,1.5798
4275,山东省,利津县博物馆,文化文物系统国有博物馆,未定级,是,3795,57,3,6,1.3386
4276,山东省,利津县陈庄镇堐西村历史博物馆,其他行业国有博物馆,未定级,是,336,0,2,6,0.1595
4277,山东省,利津县近贤民俗博物馆,非国有博物馆,未定级,是,1530,0,5,2,1.7498
4278,山东省,梁山柴大官人织绣博物馆,非国有博物馆,未定级,是,446,0,4,3,6.0797
4279,山东省,梁山当代书画艺术博物馆,非国有博物馆,未定级,是,436,0,5,4,3.33
4280,山东省,梁山民俗博物馆,非国有博物馆,二级,是,11408,0,13,5,11.6966
4281,山东省,梁山书画博物馆,非国有博物馆,未定级,是,631,0,1,3,2.5999
4282,山东省,梁山水浒文化博物馆,非国有博物馆,未定级,是,21994,0,1,2,3.5198
4283,山东省,梁山天成教育博物馆,非国有博物馆,三级,是,1608,0,4,14,3.0999
4284,山东省,梁山武文化博物馆,非国有博物馆,三级,是,12580,0,7,5,9.8598
4285,山东省,梁山县博物馆,文化文物系统国有博物馆,二级,是,11324,93,8,15,11.0989
4286,山东省,梁山县全生中医博物馆,非国有博物馆,未定级,是,316,0,4,5,3.3199
4287,山东省,聊城婚俗博物馆,文化文物系统国有博物馆,未定级,是,315,0,1,0,4.5813
4288,山东省,聊城江北酿造文化博物馆,非国有博物馆,未定级,是,741,0,4,37,3.6787
4289,山东省,聊城明清圣旨博物馆,非国有博物馆,未定级,否,4784,0,2,1,1.36
4290,山东省,聊城契约文化博物馆,文化文物系统国有博物馆,未定级,是,440,0,1,13,3.6259
4291,山东省,聊城市博物馆,文化文物系统国有博物馆,未定级,否,447,15,2,60,26.3855
4292,山东省,聊城市茌平区博物馆,文化文物系统国有博物馆,未定级,是,1161,101,11,58,12.2542
4293,山东省,聊城市东昌府区博物馆,文化文物系统国有博物馆,二级,是,43074,25,7,76,14.12
4294,山东省,聊城市傅斯年陈列馆,文化文物系统国有博物馆,未定级,是,1020,0,14,56,17.2569
4295,山东省,聊城市海源阁藏书文化博物馆,文化文物系统国有博物馆,未定级,是,419,0,4,17,6.4871
4296,山东省,聊城市乡村记忆博物馆,文化文物系统国有博物馆,未定级,是,4941,13,11,99,5.9086
4297,山东省,聊城中国运河文化博物馆,文化文物系统国有博物馆,一级,是,17356,263,21,280,96.2517
4298,山东省,临清市博物馆,文化文物系统国有博物馆,二级,是,1412,46,9,91,11.58
4299,山东省,临朐宸恩玉石博物馆,非国有博物馆,未定级,是,438,0,5,0,0.5
4300,山东省,临朐大唐红丝砚博物馆,非国有博物馆,三级,是,1050,0,5,28,1.0992
4301,山东省,临朐县博物馆,文化文物系统国有博物馆,一级,是,100765,196,17,93,42.34
4302,山东省,临朐县民俗博物馆,其他行业国有博物馆,未定级,是,332,0,2,80,29.9979
4303,山东省,临朐县淌水崖水库博物馆,其他行业国有博物馆,未定级,是,319,0,1,227,1.2668
4304,山东省,临朐县中医药博物馆,其他行业国有博物馆,二级,是,867,0,10,30,5.4868
4305,山东省,临沭县柳编博物馆,其他行业国有博物馆,未定级,是,300,0,1,15,0.0648
4306,山东省,临沭县莫氏绒绣博物馆,非国有博物馆,未定级,是,2199,0,9,20,4.8569
4307,山东省,临沭县朱村红色文化博物馆,非国有博物馆,未定级,是,720,0,1,0,6.0009
4308,山东省,临沂博恩印刷博物馆,非国有博物馆,未定级,是,2180,0,4,17,0.5098
4309,山东省,临沂东夷文化博物馆,文化文物系统国有博物馆,未定级,是,1036,0,8,18,10.5799
4310,山东省,临沂关键锁文化博物馆,非国有博物馆,未定级,是,300,0,4,3,0.9967
4311,山东省,临沂琅琊陶瓷文化博物馆,非国有博物馆,未定级,是,10092,0,11,167,13.3652
4312,山东省,临沂岭上砚文化博物馆,非国有博物馆,二级,是,1020,0,8,10,9.112
4313,山东省,临沂龙园红妆博物馆,非国有博物馆,未定级,是,375,0,3,27,2.6852
4314,山东省,临沂龙园木文化博物馆,非国有博物馆,未定级,是,345,0,3,23,3.0996
4315,山东省,临沂民尚乡村农耕农具博物馆,非国有博物馆,未定级,是,300,0,2,2,0.9979
4316,山东省,临沂权衡秤文化博物馆,非国有博物馆,未定级,是,3000,0,4,3,0.9965
4317,山东省,临沂十里堡乡村记忆博物馆,非国有博物馆,未定级,是,840,0,4,26,0.655
4318,山东省,临沂市百年电影博物馆,非国有博物馆,未定级,是,3000,0,7,100,1.9875
4319,山东省,临沂市博物馆,文化文物系统国有博物馆,一级,是,40055,2110,20,504,57.2076
4320,山东省,临沂市海迎相机博物馆,非国有博物馆,未定级,是,1209,0,1,0,0
4321,山东省,临沂市河东区宏儒瓷器博物馆,非国有博物馆,未定级,是,333,0,1,0,0.123
4322,山东省,临沂市河东区兰旭乐器博物馆,非国有博物馆,未定级,是,370,0,1,7,0.85
4323,山东省,临沂市河东区物华民俗博物馆,非国有博物馆,未定级,是,870,0,2,5,0.63
4324,山东省,临沂市银凤陶瓷博物馆,非国有博物馆,未定级,是,2330,0,3,0,0.11
4325,山东省,临沂市银光知常文创艺术博物馆,非国有博物馆,未定级,是,3200,0,0,0,0
4326,山东省,临沂思源乡村记忆博物馆,非国有博物馆,未定级,是,3100,0,10,0,1.0432
4327,山东省,临沂天泽木文化博物馆,非国有博物馆,二级,是,35197,0,12,89,2.6566
4328,山东省,临沂现代金融博物馆,非国有博物馆,未定级,是,1263,0,0,0,0
4329,山东省,临沂支前红嫂文化博物馆,非国有博物馆,未定级,是,300,0,2,6,0.85
4330,山东省,临邑革命纪念馆,其他行业国有博物馆,未定级,是,305,0,5,63,0.3185
4331,山东省,临邑县邢侗纪念馆,文化文物系统国有博物馆,未定级,是,37,1,3,75,2.0991
4332,山东省,临淄大顺博物馆,非国有博物馆,未定级,是,2000,0,1,3,0.5994
4333,山东省,临淄大顺世界钱币博物馆,非国有博物馆,三级,是,16000,0,8,24,1.7995
4334,山东省,临淄区文源博物馆,非国有博物馆,未定级,是,609,0,2,1,2.2984
4335,山东省,临淄区鑫和博物馆,非国有博物馆,未定级,是,3312,0,2,0,1.7998
4336,山东省,临淄中国古车博物馆,文化文物系统国有博物馆,未定级,否,436,0,1,0,4.0993
4337,山东省,临淄足球博物馆,文化文物系统国有博物馆,未定级,是,2148,6,2,18,18.114
4338,山东省,龙口市博物馆,文化文物系统国有博物馆,三级,是,9098,94,7,52,15.689
4339,山东省,龙口市一味朴真木雕博物馆,非国有博物馆,未定级,是,900,0,4,1,0.008
4340,山东省,鲁班纪念馆,其他行业国有博物馆,未定级,是,2800,0,13,1,29.6174
4341,山东省,鲁东大学博物馆,其他行业国有博物馆,未定级,是,346,0,6,24,2.789
4342,山东省,鲁南人民抗日武装起义纪念馆,其他行业国有博物馆,未定级,是,260,0,1,128,10.6987
4343,山东省,鲁西南民俗博物馆,文化文物系统国有博物馆,未定级,是,5068,0,3,27,7.835
4344,山东省,鲁西南战役纪念馆（金乡县羊山烈士陵园管理服务中心）,其他行业国有博物馆,二级,是,342,0,1,12,87.9562
4345,山东省,陆房突围胜利纪念馆,其他行业国有博物馆,二级,是,526,0,2,36,11.6997
4346,山东省,骆驼祥子博物馆,文化文物系统国有博物馆,未定级,是,446,0,6,88,35.3641
4347,山东省,蒙阴县博物馆,文化文物系统国有博物馆,未定级,是,10749,80,4,12,3.7976
4348,山东省,孟良崮战役纪念馆,其他行业国有博物馆,三级,是,698,0,2,50,49.877
4349,山东省,墨子纪念馆,文化文物系统国有博物馆,二级,是,440,0,9,7,33.5179
4350,山东省,宁津县博物馆,文化文物系统国有博物馆,未定级,是,318,43,6,0,9.2592
4351,山东省,宁阳耿庄民俗博物馆,非国有博物馆,未定级,是,313,0,1,0,0.0499
4352,山东省,宁阳县博物馆,文化文物系统国有博物馆,未定级,是,10251,486,6,19,26.6024
4353,山东省,宁阳县东庄民俗博物馆,非国有博物馆,未定级,是,1368,0,4,4,1.9999
4354,山东省,蓬莱古船博物馆,文化文物系统国有博物馆,三级,否,305,35,3,608,41.5547
4355,山东省,蓬莱红色记忆陈列馆,非国有博物馆,未定级,是,6000,0,3,5,6.89
4356,山东省,蓬莱女王山民俗文化博物馆,非国有博物馆,未定级,是,10780,0,5,5,6.89
4357,山东省,平度市博物馆,文化文物系统国有博物馆,三级,是,15994,348,9,51,11.0906
4358,山东省,平度市何家楼陶艺博物馆,非国有博物馆,未定级,是,1699,0,13,18,0.9682
4359,山东省,平度市红色第一党支部旧址博物馆,非国有博物馆,未定级,是,322,0,5,10,2.0888
4360,山东省,平度市石桥供销文化博物馆,非国有博物馆,未定级,是,512,0,2,2,0.6768
4361,山东省,平度市一大旧址文化博物馆,非国有博物馆,未定级,是,306,0,7,13,3.006
4362,山东省,平度市勇华民俗博物馆,非国有博物馆,未定级,是,2912,0,8,13,3.1702
4363,山东省,平度市勇华乡村记忆博物馆,非国有博物馆,未定级,是,306,0,7,13,0.5746
4364,山东省,平邑县博物馆,文化文物系统国有博物馆,三级,是,55776,65,6,27,17.8566
4365,山东省,平邑县东山民俗博物馆,非国有博物馆,未定级,是,8871,0,2,0,1.2655
4366,山东省,平阴县博物馆,文化文物系统国有博物馆,三级,是,1902,220,9,42,4.6949
4367,山东省,平阴县孝直镇耕读博物馆,非国有博物馆,未定级,是,316,0,1,20,1.01
4368,山东省,蒲松龄纪念馆,文化文物系统国有博物馆,一级,是,15731,17,14,230,40.5743
4369,山东省,栖霞和壹自然博物馆,非国有博物馆,未定级,是,10650,0,1,5,0.1
4370,山东省,栖霞市博物馆,文化文物系统国有博物馆,未定级,是,403,0,5,0,0.015
4371,山东省,栖霞市地质文化奇石博物馆,其他行业国有博物馆,未定级,否,1143,0,1,15,15.3697
4372,山东省,栖霞市胶东抗大博物馆,其他行业国有博物馆,未定级,是,933,2,7,306,16.9824
4373,山东省,戚继光纪念馆,文化文物系统国有博物馆,三级,否,79,0,5,116,55.8012
4374,山东省,齐河县博物馆,文化文物系统国有博物馆,未定级,是,529,36,11,120,28.0794
4375,山东省,齐河县时传祥纪念馆,其他行业国有博物馆,未定级,是,100,0,2,143,16.2496
4376,山东省,齐鲁钱币博物馆,其他行业国有博物馆,未定级,是,1732,0,1,4,0.105
4377,山东省,齐鲁体育文化博物馆,其他行业国有博物馆,二级,是,1794,41,6,12,4.988
4378,山东省,齐文化博物院,文化文物系统国有博物馆,一级,是,31087,2494,31,44,62.8693
4379,山东省,青岛·海底隧道博物馆,其他行业国有博物馆,三级,否,820,0,6,218,3.1988
4380,山东省,青岛爱与乐民间艺术博物馆,非国有博物馆,未定级,是,300,0,6,12,1.6839
4381,山东省,青岛爱在古毯博物馆,非国有博物馆,未定级,是,306,0,10,12,1.4658
4382,山东省,青岛宝龙美术博物馆,非国有博物馆,二级,是,1521,0,8,12,4.9632
4383,山东省,青岛贝壳博物馆,非国有博物馆,二级,否,3630,0,3,15,2.4931
4384,山东省,青岛贝林自然博物馆,其他行业国有博物馆,未定级,否,402,0,6,60,3.502
4385,山东省,青岛蟾公酒文化博物馆,非国有博物馆,未定级,是,352,0,6,2,2.088
4386,山东省,青岛崇恩自然奇石博物馆,非国有博物馆,未定级,是,460,0,8,3,0.199
4387,山东省,青岛大鲍岛里院记忆博物馆,其他行业国有博物馆,未定级,是,306,0,3,17,3.65
4388,山东省,青岛大观园葡萄文化博物馆,非国有博物馆,未定级,是,322,0,1,0,0.5998
4389,山东省,青岛大新金币博物馆,非国有博物馆,未定级,是,880,0,8,5,0.1486
4390,山东省,青岛当代砖刻书法博物馆,非国有博物馆,未定级,是,308,0,14,12,1.9876
4391,山东省,青岛道路交通博物馆,其他行业国有博物馆,三级,否,574,0,1,47,0.9957
4392,山东省,青岛德国监狱旧址博物馆,其他行业国有博物馆,未定级,否,8,0,2,2,15.295
4393,山东省,青岛德国总督楼旧址博物馆（青岛迎宾馆）,文化文物系统国有博物馆,一级,否,6631,23,11,85,51.133
4394,山东省,青岛德润艺术博物馆,非国有博物馆,未定级,是,3200,0,9,11,0.9876
4395,山东省,青岛电影博物馆,其他行业国有博物馆,三级,否,2163,0,2,38,7.2997
4396,山东省,青岛东方惠和艺术博物馆,非国有博物馆,未定级,是,365,0,11,12,3.2202
4397,山东省,青岛东方玉文化博物馆,非国有博物馆,未定级,是,820,0,9,12,0.6988
4398,山东省,青岛二月二民俗技艺体验博物馆,非国有博物馆,未定级,是,370,0,11,12,3.4498
4399,山东省,青岛发饰博物馆,非国有博物馆,未定级,是,651,0,15,2,1.4126
4400,山东省,青岛纺织博物馆,其他行业国有博物馆,未定级,否,3130,0,4,93,1.9353
4401,山东省,青岛浮山窑陶瓷艺术博物馆,非国有博物馆,未定级,是,847,0,14,25,2.0469
4402,山东省,青岛观妙博物馆,非国有博物馆,未定级,是,300,0,0,0,0
4403,山东省,青岛海盐博物馆,其他行业国有博物馆,未定级,是,683,0,21,45,0.4799
4404,山东省,青岛海洋科技馆（青岛海产博物馆、青岛水族馆）,其他行业国有博物馆,一级,否,53200,0,6,45,185.121
4405,山东省,青岛海右博物馆,非国有博物馆,二级,是,2240,0,10,18,7.261
4406,山东省,青岛海玉崂山绿石博物馆,非国有博物馆,未定级,是,818,0,12,20,0.2453
4407,山东省,青岛韩家渔盐民俗博物馆,非国有博物馆,未定级,是,3000,0,1,20,2.8589
4408,山东省,青岛航标博物馆,其他行业国有博物馆,未定级,是,308,0,4,4,0.1492
4409,山东省,青岛闳皓堂文化博物馆,非国有博物馆,未定级,是,460,0,4,14,1.2599
4410,山东省,青岛华仁输液文化博物馆,非国有博物馆,未定级,是,491,0,9,20,2.1345
4411,山东省,青岛黄岛辛安民俗博物馆,非国有博物馆,未定级,是,596,0,10,13,0.2356
4412,山东省,青岛黄海学院博物馆,非国有博物馆,三级,是,2230,0,13,33,2.2875
4413,山东省,青岛技术博物馆,其他行业国有博物馆,未定级,是,3377,0,10,12,1.4988
4414,山东省,青岛嘉木艺术博物馆,非国有博物馆,未定级,是,456,0,0,0,0
4415,山东省,青岛胶东非物质文化遗产博物馆,非国有博物馆,三级,是,662,0,12,15,2.583
4416,山东省,青岛金石艺术博物馆,非国有博物馆,三级,是,450,0,21,28,2.969
4417,山东省,青岛九龙根雕博物馆,非国有博物馆,未定级,是,322,0,1,0,0.5986
4418,山东省,青岛九水生态园林博物馆,非国有博物馆,未定级,是,800,0,13,7,1.216
4419,山东省,青岛口腔医学博物馆,其他行业国有博物馆,未定级,是,210,5,6,108,0.4631
4420,山东省,青岛莱西市卢乡阁博物馆,非国有博物馆,未定级,是,2330,0,11,13,2.002
4421,山东省,青岛莱西市乡村记忆博物馆,非国有博物馆,未定级,是,395,0,10,14,1.765
4422,山东省,青岛蓝谷矿晶博物馆,非国有博物馆,未定级,否,336,0,2,266,9.7878
4423,山东省,青岛琅琊台博物馆,其他行业国有博物馆,未定级,否,304,0,1,0,16.9787
4424,山东省,青岛朗艺博物馆,非国有博物馆,未定级,是,370,0,5,15,2.358
4425,山东省,青岛崂山矿泉博物馆,其他行业国有博物馆,未定级,是,309,0,13,30,26.8521
4426,山东省,青岛崂山湾渔村民俗博物馆,非国有博物馆,未定级,是,362,0,13,17,2.7866
4427,山东省,青岛灵珠山农耕文化博物馆,非国有博物馆,未定级,是,518,0,2,0,0.519
4428,山东省,青岛鲁作家俱博物馆,非国有博物馆,未定级,是,330,0,5,6,3.4379
4429,山东省,青岛铭史堂工匠艺术博物馆,非国有博物馆,未定级,是,413,0,12,68,2.0799
4430,山东省,青岛墨邑博物馆,非国有博物馆,未定级,是,1120,0,12,12,0.857
4431,山东省,青岛啤酒博物馆,其他行业国有博物馆,一级,否,30189,28,8,45,175.9033
4432,山东省,青岛葡萄酒博物馆,其他行业国有博物馆,二级,否,1566,0,5,23,6.0109
4433,山东省,青岛茜文欧洲艺术博物馆,非国有博物馆,未定级,是,720,0,15,13,0.7898
4434,山东省,青岛秋宝斋指墨画博物馆,非国有博物馆,未定级,是,402,0,7,13,2.313
4435,山东省,青岛融汇艺术博物馆,非国有博物馆,未定级,是,347,0,14,18,1.2988
4436,山东省,青岛若七珠宝文化艺术博物馆,非国有博物馆,未定级,是,398,0,12,14,1.38
4437,山东省,青岛时光印记印刷博物馆,非国有博物馆,未定级,是,332,0,3,14,2.89
4438,山东省,青岛市北京汽车制造厂汽车博物馆,非国有博物馆,未定级,否,759,0,4,15,0.7798
4439,山东省,青岛市博物馆,文化文物系统国有博物馆,一级,是,123450,9507,25,482,93.401
4440,山东省,青岛市城阳区博物馆,文化文物系统国有博物馆,二级,是,2144,70,6,43,15.9842
4441,山东省,青岛市城阳区城阳村社区村史博物馆,非国有博物馆,未定级,是,315,0,1,21,0.1886
4442,山东省,青岛市城阳区城阳街道城阳村社区双拥博物馆,非国有博物馆,未定级,是,310,0,1,5,0.0645
4443,山东省,青岛市城阳区后田社区村史博物馆,非国有博物馆,未定级,是,329,0,1,12,0.5898
4444,山东省,青岛市革命烈士纪念馆,其他行业国有博物馆,三级,是,732,1,8,596,9.9877
4445,山东省,青岛市黄岛区博物馆,文化文物系统国有博物馆,三级,是,12955,74,7,12,2.5335
4446,山东省,青岛市黄岛区青岛滨海学院世界动物自然生态博物馆,非国有博物馆,二级,否,10268,0,20,78,7.8001
4447,山东省,青岛市黄岛区烟台东民俗博物馆,非国有博物馆,未定级,是,831,0,10,12,0.8298
4448,山东省,青岛市即墨区博物馆,文化文物系统国有博物馆,三级,是,25257,1633,6,40,10.0299
4449,山东省,青岛市即墨区即墨花边博物馆,非国有博物馆,未定级,是,909,0,16,14,2.0097
4450,山东省,青岛市即墨区即墨老酒博物馆,非国有博物馆,三级,是,404,0,6,30,0.0005
4451,山东省,青岛市即墨区妙府老酒博物馆,非国有博物馆,未定级,是,315,0,6,5,1.5012
4452,山东省,青岛市崂山区个杯堂杯子博物馆,非国有博物馆,未定级,是,606,0,11,52,2.1399
4453,山东省,青岛市崂山区周氏楣声艾灸文化博物馆,非国有博物馆,未定级,是,416,0,7,3,0.9853
4454,山东省,青岛市李沧区博物馆,文化文物系统国有博物馆,未定级,是,1052,0,4,22,0.5516
4455,山东省,青岛市李沧区非物质文化遗产博物馆,文化文物系统国有博物馆,未定级,是,426,0,1,8,0.4699
4456,山东省,青岛市李沧区南岭记忆博物馆,非国有博物馆,未定级,是,342,0,1,10,0.0998
4457,山东省,青岛市李沧区三和木雕博物馆,非国有博物馆,未定级,是,403,0,1,3,0.52
4458,山东省,青岛市民俗博物馆,文化文物系统国有博物馆,二级,是,1320,1,5,149,10.1051
4459,山东省,青岛市南针路航海博物馆,非国有博物馆,未定级,是,312,0,14,245,2.2797
4460,山东省,青岛市市南区李氏小儿推拿中医文化博物馆,非国有博物馆,未定级,是,323,0,7,7,3.2718
4461,山东省,青岛宿流渔岛记忆博物馆,非国有博物馆,未定级,是,1002,0,4,3,0.46
4462,山东省,青岛台东记忆博物馆,其他行业国有博物馆,未定级,是,301,0,1,2,0.0583
4463,山东省,青岛天工龙泉青瓷博物馆,非国有博物馆,未定级,是,375,0,9,22,2.3614
4464,山东省,青岛万里江茶博物馆,非国有博物馆,未定级,是,450,0,2,16,1.652
4465,山东省,青岛西海岸新区皓博堂中医药文化博物馆,非国有博物馆,未定级,是,320,0,1,1,0.21
4466,山东省,青岛西海岸新区灵珠乡村记忆博物馆,非国有博物馆,未定级,是,318,0,1,0,0.73
4467,山东省,青岛西海岸新区是知传统技艺博物馆,其他行业国有博物馆,未定级,是,326,0,4,15,0.5662
4468,山东省,青岛西海岸新区宋蕾电影文化博物馆,非国有博物馆,未定级,是,320,0,16,18,9.1708
4469,山东省,青岛西洋文化博物馆,非国有博物馆,未定级,是,326,0,0,0,0
4470,山东省,青岛羲和古筝博物馆,非国有博物馆,未定级,是,310,0,4,53,1.213
4471,山东省,青岛消防博物馆,其他行业国有博物馆,三级,是,568,0,4,62,2.764
4472,山东省,青岛小巨人微海洋科技文化博物馆,非国有博物馆,未定级,是,304,0,1,0,0
4473,山东省,青岛晓阳春茶博物馆,非国有博物馆,未定级,是,320,0,7,19,2.1263
4474,山东省,青岛新星酒文化博物馆,非国有博物馆,未定级,是,338,0,13,19,2.226
4475,山东省,青岛信号山紫砂博物馆,非国有博物馆,未定级,否,1126,0,5,38,0.832
4476,山东省,青岛驯虎山陶瓷艺术博物馆,非国有博物馆,未定级,是,330,0,1,0,0
4477,山东省,青岛一九零七电影博物馆,非国有博物馆,未定级,否,416,0,7,1,2.65
4478,山东省,青岛一战遗址博物馆,文化文物系统国有博物馆,一级,是,2198,0,13,5,19.2363
4479,山东省,青岛银色世纪海洋生物博物馆,非国有博物馆,未定级,是,305,0,0,0,0
4480,山东省,青岛印象博物馆,非国有博物馆,未定级,是,310,0,1,3,0.25
4481,山东省,青岛邮电博物馆,其他行业国有博物馆,未定级,否,386,0,4,117,12.202
4482,山东省,青岛玉窑陶瓷艺术博物馆,非国有博物馆,未定级,是,300,0,0,0,0
4483,山东省,青岛赞一油画博物馆,非国有博物馆,未定级,是,502,0,11,22,3.279
4484,山东省,青岛中医药文化博物馆,其他行业国有博物馆,未定级,是,375,0,6,233,0.6703
4485,山东省,青岛宗济堂中医药博物馆,非国有博物馆,未定级,是,310,0,1,6,1.6299
4486,山东省,青州科举文化博物馆,其他行业国有博物馆,未定级,否,312,0,2,30,6.439
4487,山东省,青州市博物馆,文化文物系统国有博物馆,一级,是,45479,3044,24,423,203.1599
4488,山东省,青州市南张楼福龙民俗博物馆,非国有博物馆,未定级,是,241,0,3,6,0.3
4489,山东省,青州市农民画博物馆,其他行业国有博物馆,未定级,是,196,0,7,0,0.3
4490,山东省,青州市玉君子民间艺术博物馆,非国有博物馆,未定级,是,400,0,3,0,0.12
4491,山东省,青州市远东博物馆,非国有博物馆,未定级,是,729,0,15,3,0.28
4492,山东省,青州未央红丝砚博物馆,非国有博物馆,三级,是,431,0,8,6,6.1992
4493,山东省,庆云县博物馆,文化文物系统国有博物馆,未定级,是,312,0,4,3,0.1097
4494,山东省,曲阜汉碑汉画拓片博物馆,非国有博物馆,未定级,是,302,0,1,0,0.1549
4495,山东省,曲阜汉画艺术博物馆,非国有博物馆,三级,是,533,0,4,1,1.158
4496,山东省,曲阜九如堂孔府菜博物馆,其他行业国有博物馆,未定级,是,408,0,6,6,3.4999
4497,山东省,曲阜尼石春秋博物馆,非国有博物馆,未定级,是,750,0,32,21,4.5179
4498,山东省,曲阜票证文化博物馆,非国有博物馆,未定级,是,3838,0,1,0,0.1159
4499,山东省,曲阜清代床榻博物馆,文化文物系统国有博物馆,未定级,是,388,0,1,4,2.4999
4500,山东省,曲阜清代服饰博物馆,文化文物系统国有博物馆,未定级,是,586,0,1,4,2.5999
4501,山东省,曲阜市汉魏碑刻陈列馆,文化文物系统国有博物馆,未定级,是,133,30,1,1,11.2015
4502,山东省,曲阜市孔府酒文化博物馆,非国有博物馆,未定级,是,680,0,1,0,0.4999
4503,山东省,曲阜市孔子博物院,文化文物系统国有博物馆,二级,否,13400,328,19,12,264.8666
4504,山东省,曲阜市孟母教子馆,文化文物系统国有博物馆,未定级,是,139,0,1,1,0.1529
4505,山东省,曲阜市希晓古今教育博物馆,非国有博物馆,未定级,否,653,0,4,100,1.3337
4506,山东省,曲阜市颜子博物馆,文化文物系统国有博物馆,未定级,是,1380,0,4,3,0.5372
4507,山东省,日照黑陶邢文化博物馆,非国有博物馆,未定级,是,1698,0,1,1,0.8654
4508,山东省,日照记忆馆,非国有博物馆,未定级,是,195,0,9,38,6.5998
4509,山东省,日照经济技术开发区黑陶博物馆,非国有博物馆,未定级,是,350,0,1,12,1.1599
4510,山东省,日照民俗博物馆,非国有博物馆,未定级,是,2030,0,1,3,0.21
4511,山东省,日照市博物馆,文化文物系统国有博物馆,一级,是,2802,241,20,724,52.1029
4512,山东省,日照市东港区东夷黑陶博物馆,非国有博物馆,未定级,是,345,0,3,68,0.8568
4513,山东省,日照市古代民俗博物馆,非国有博物馆,未定级,否,1426,0,9,150,4.208
4514,山东省,日照市红色文化展览馆,非国有博物馆,未定级,是,1000,0,4,5,0.062
4515,山东省,日照市抗日战争纪念馆,非国有博物馆,三级,是,2204,0,9,550,30.0052
4516,山东省,日照市岚山区博物馆,文化文物系统国有博物馆,二级,是,5144,25,19,110,40.9877
4517,山东省,日照市岚山区茶文化博物馆,文化文物系统国有博物馆,未定级,是,310,0,1,30,4.488
4518,山东省,日照市历代钱币陈列馆,非国有博物馆,未定级,是,3979,0,1,130,6.4948
4519,山东省,日照市乡村民俗博物馆,非国有博物馆,未定级,是,1500,0,2,2,0.03
4520,山东省,日照市秀文斋印学博物馆,非国有博物馆,未定级,是,1506,0,26,35,11.2899
4521,山东省,日照尧王文化博物馆,非国有博物馆,未定级,是,2000,0,2,135,0.802
4522,山东省,荣成博物馆,文化文物系统国有博物馆,二级,是,17097,991,22,81,66.0986
4523,山东省,荣成赤山民俗博物馆,非国有博物馆,未定级,是,5069,0,1,5,4.9989
4524,山东省,乳山市德泰牡蛎文化博物馆,非国有博物馆,未定级,是,847,0,3,123,4.999
4525,山东省,乳山市文物保护中心（乳山市博物馆、乳山市冯德英文学馆）,文化文物系统国有博物馆,未定级,是,15313,125,1,12,3.2992
4526,山东省,山东百年课本博物馆,非国有博物馆,二级,否,34322,0,9,156,7.8996
4527,山东省,山东百枣枣文化博物馆,非国有博物馆,未定级,是,692,0,4,87,1.3298
4528,山东省,山东伴山紫砂博物馆,非国有博物馆,未定级,是,389,0,3,0,1.5977
4529,山东省,山东博物馆（山东省石刻艺术博物馆）,文化文物系统国有博物馆,一级,是,201885,49030,28,710,301.2686
4530,山东省,山东承扬老电影博物馆,非国有博物馆,未定级,是,300,0,1,5,2.7992
4531,山东省,山东大学博物馆,其他行业国有博物馆,一级,是,40600,336,16,200,25.36
4532,山东省,山东道可道传统礼乐博物馆,非国有博物馆,未定级,是,596,0,1,0,0.5
4533,山东省,山东东方民艺博物馆,非国有博物馆,未定级,是,6000,0,1,2,1.12
4534,山东省,山东工艺美术学院博物馆,其他行业国有博物馆,未定级,是,15234,0,19,61,21.56
4535,山东省,山东古建筑构件博物馆,其他行业国有博物馆,未定级,是,871,0,9,16,0.588
4536,山东省,山东宏济堂博物馆,非国有博物馆,未定级,是,512,0,8,2,3.9979
4537,山东省,山东华侨博物馆,其他行业国有博物馆,二级,是,3022,0,9,40,7.4986
4538,山东省,山东华夏匾额博物馆,非国有博物馆,未定级,是,134,0,1,2,5.012
4539,山东省,山东华夏汽车博物馆,非国有博物馆,未定级,是,65,0,1,0,0.03
4540,山东省,山东华夏书信文化博物馆,其他行业国有博物馆,未定级,是,400,0,3,195,14.5423
4541,山东省,山东化工博物馆,其他行业国有博物馆,未定级,是,460,0,1,0,0.5
4542,山东省,山东黄石关孟姜女文化民俗博物馆,非国有博物馆,未定级,是,1100,0,2,20,1.969
4543,山东省,山东几木酒文化博物馆,非国有博物馆,未定级,是,1136,0,4,0,0
4544,山东省,山东建筑大学博物馆,其他行业国有博物馆,未定级,是,421,0,5,133,0.9968
4545,山东省,山东金彩山鲁酒文化博物馆,非国有博物馆,未定级,是,328,0,12,6,1.2998
4546,山东省,山东金石书法博物馆,非国有博物馆,未定级,是,300,0,1,1,0.9975
4547,山东省,山东九宫阁齐国文字博物馆,非国有博物馆,未定级,是,3120,0,3,10,4.9981
4548,山东省,山东抗日民主政权创建纪念馆,其他行业国有博物馆,未定级,是,70,0,5,147,1.5988
4549,山东省,山东理工大学陶琉丝艺术博物馆,其他行业国有博物馆,未定级,是,601,0,3,60,0.7994
4550,山东省,山东临朐山旺国家地质公园博物馆,其他行业国有博物馆,三级,否,569,73,6,32,0.01
4551,山东省,山东灵岩石文化创意博物馆,非国有博物馆,未定级,是,610,0,1,32,1.6548
4552,山东省,山东亓氏酱香源民俗博物馆,非国有博物馆,未定级,是,310,0,1,6,1.66
4553,山东省,山东齐鲁棉花博物馆,非国有博物馆,未定级,是,456,0,12,15,1.3595
4554,山东省,山东棋山民俗博物馆,非国有博物馆,未定级,是,1944,0,0,0,0
4555,山东省,山东巧夺天工红木博物馆,非国有博物馆,未定级,是,650,0,1,0,5.139
4556,山东省,山东青龙山古陶博物馆,非国有博物馆,三级,是,1609,0,17,8,10.39
4557,山东省,山东轻工职业学院1960丝绸博物馆,其他行业国有博物馆,未定级,是,636,0,1,12,0.1487
4558,山东省,山东山歌榨油博物馆,非国有博物馆,未定级,是,500,0,1,2,1.999
4559,山东省,山东省地质博物馆,其他行业国有博物馆,未定级,是,1907,0,10,64,5.1279
4560,山东省,山东省老石头泰山玉石文化博物馆,非国有博物馆,未定级,是,459,0,30,3,7.5323
4561,山东省,山东省刘氏古钟表博物馆,非国有博物馆,三级,是,5071,0,5,3,2.9989
4562,山东省,山东省权衡天下秤砣博物馆,非国有博物馆,未定级,是,1018,0,1,26,0.4
4563,山东省,山东省泰崃天宝泰山玉石文化博物馆,非国有博物馆,三级,是,656,0,11,10,11.1992
4564,山东省,山东省滕州市博物馆,文化文物系统国有博物馆,一级,是,53631,195,7,76,44.8526
4565,山东省,山东省天宇自然博物馆,其他行业国有博物馆,二级,否,21175,0,10,26,16.2411
4566,山东省,山东省邮电博物馆,其他行业国有博物馆,未定级,是,182,0,1,1,0.042
4567,山东省,山东省政府旧址和八路军115师司令部旧址纪念馆,其他行业国有博物馆,未定级,是,362,4,26,0,37.58
4568,山东省,山东省中医药博物馆,其他行业国有博物馆,未定级,是,5770,0,9,5,1.6316
4569,山东省,山东省中医药文化博物馆,其他行业国有博物馆,未定级,是,4069,0,5,47,2.2048
4570,山东省,山东省淄博第六中学博物馆,其他行业国有博物馆,未定级,是,306,0,2,10,0.05
4571,山东省,山东省淄博市博山焦裕禄纪念馆,其他行业国有博物馆,二级,是,1268,0,2,280,18.0984
4572,山东省,山东泰山文化博物馆,非国有博物馆,未定级,是,10206,0,6,60,0.1199
4573,山东省,山东泰顺斋南肠博物馆,非国有博物馆,未定级,是,396,0,2,32,1.0232
4574,山东省,山东探矿博物馆,其他行业国有博物馆,未定级,是,1563,0,15,10,4.948
4575,山东省,山东铁路博物馆（胶济铁路博物馆）,其他行业国有博物馆,未定级,是,2135,9,12,302,12.0549
4576,山东省,山东王村醋博物馆,非国有博物馆,三级,是,2038,0,16,180,31.9981
4577,山东省,山东威达学生装博物馆,非国有博物馆,二级,是,21594,0,15,50,6.2
4578,山东省,山东祥石斋国石博物馆,非国有博物馆,未定级,是,353,0,1,0,0.3
4579,山东省,山东新华翻砂厂旧址博物馆,其他行业国有博物馆,未定级,否,320,0,0,0,0
4580,山东省,山东眼科博物馆,其他行业国有博物馆,二级,是,10710,0,25,80,2.05
4581,山东省,山东云水普洱茶文化博物馆,非国有博物馆,未定级,是,275,0,1,0,0.011
4582,山东省,山东战邮纪念馆,其他行业国有博物馆,未定级,是,80,0,0,0,0.105
4583,山东省,山东众林文史文献博物馆,非国有博物馆,三级,是,12000,0,10,6,2.1015
4584,山东省,山东自生堂年画雕版博物馆,非国有博物馆,三级,是,1055,0,10,62,7.9969
4585,山东省,山亭莲青山民俗博物馆,非国有博物馆,未定级,是,330,0,4,1,0.023
4586,山东省,商河县博物馆,文化文物系统国有博物馆,三级,是,365,93,4,57,16.1601
4587,山东省,商河县地毯文化博物馆,其他行业国有博物馆,未定级,是,456,0,5,16,1.32
4588,山东省,商河县今朝酒业酒文化博物馆,非国有博物馆,未定级,是,430,0,8,19,3.4759
4589,山东省,商河县麦丘文化博物馆,非国有博物馆,未定级,是,1180,0,8,37,3.0998
4590,山东省,商河县中医药文化博物馆,其他行业国有博物馆,未定级,是,431,0,1,5,2.102
4591,山东省,莘县博物馆,文化文物系统国有博物馆,三级,是,843,83,12,8,6.133
4592,山东省,石桥镇泗河文化博物馆,其他行业国有博物馆,未定级,是,926,0,3,150,1.9999
4593,山东省,寿光市博物馆,文化文物系统国有博物馆,二级,是,144008,620,11,70,15.4987
4594,山东省,寿光市宏源酒文化博物馆,非国有博物馆,未定级,是,965,0,1,35,0.9944
4595,山东省,寿光市世盛民俗博物馆,非国有博物馆,未定级,是,1022,0,5,16,1.0998
4596,山东省,寿光蔬菜博物馆,其他行业国有博物馆,二级,是,3010,0,13,126,36.58
4597,山东省,双星鞋文化博物馆,其他行业国有博物馆,未定级,是,840,0,2,0,0.469
4598,山东省,台儿庄大战纪念馆,文化文物系统国有博物馆,二级,是,15595,6,5,120,120.6428
4599,山东省,台儿庄国家安全教育博物馆,文化文物系统国有博物馆,未定级,是,352,0,13,20,3.0116
4600,山东省,台儿庄区革命烈士陵园（战史陈列馆）,其他行业国有博物馆,未定级,是,79,0,1,10,7.9988
4601,山东省,台儿庄区贺敬之文学馆,文化文物系统国有博物馆,三级,是,12317,0,3,60,25.962
4602,山东省,台儿庄药典博物馆,非国有博物馆,未定级,是,302,0,1,3,3.2124
4603,山东省,泰安徂徕山抗日武装起义博物馆,非国有博物馆,三级,是,2629,0,4,14,10.0273
4604,山东省,泰安毛公山红色文化博物馆,非国有博物馆,三级,是,5380,0,9,12,7.9996
4605,山东省,泰安市博物馆,文化文物系统国有博物馆,二级,否,20848,3637,28,18,201.8066
4606,山东省,泰安市大安博物馆,非国有博物馆,未定级,是,308,0,1,40,0.4992
4607,山东省,泰安市岱岳农耕文化博物馆,非国有博物馆,未定级,是,450,0,6,2,0.7993
4608,山东省,泰安市岱岳区大汶口民俗博物馆,非国有博物馆,未定级,是,589,0,3,2,1.5994
4609,山东省,泰安市吉成泰山天元石文化博物馆,非国有博物馆,未定级,是,400,0,1,5,0.5596
4610,山东省,泰安市美术博物馆,文化文物系统国有博物馆,未定级,是,353,0,4,0,6.4993
4611,山东省,泰安市圣源博物馆,非国有博物馆,未定级,是,1287,0,9,6,0.4498
4612,山东省,泰安市泰山茶文化博物馆,非国有博物馆,未定级,是,888,0,5,3,1.9993
4613,山东省,泰安市泰山豆腐文化博物馆,非国有博物馆,未定级,是,368,0,4,30,0.1199
4614,山东省,泰安市泰山古村乡愁博物馆,非国有博物馆,未定级,是,350,0,2,8,0.0499
4615,山东省,泰安市泰山古典汽车博物馆,非国有博物馆,未定级,否,308,0,10,5,2.8027
4616,山东省,泰安市泰山古建艺术博物馆,非国有博物馆,三级,是,611,0,7,6,1.887
4617,山东省,泰安市泰山军事博物馆,非国有博物馆,未定级,是,3265,0,20,260,15.212
4618,山东省,泰安市泰山驴油火烧民俗文化博物馆,非国有博物馆,未定级,是,2200,0,2,1,0.02
4619,山东省,泰安市泰山民俗博物馆,非国有博物馆,未定级,是,377,0,3,8,0.033
4620,山东省,泰安市泰山绳网文化博物馆,非国有博物馆,未定级,是,319,0,1,26,0.4612
4621,山东省,泰安市泰山石敢当博物馆,非国有博物馆,未定级,是,617,0,8,5,0.7596
4622,山东省,泰安市泰山石刻博物馆,非国有博物馆,未定级,是,1622,0,14,0,0.6594
4623,山东省,泰安市泰山石文化博物馆,非国有博物馆,未定级,是,670,0,2,2,1.5544
4624,山东省,泰安市泰山文化主题博物馆,非国有博物馆,未定级,是,302,0,2,1,0.4992
4625,山东省,泰安市泰山乡村文化博物馆,非国有博物馆,未定级,是,440,0,3,3,1.5544
4626,山东省,泰安市泰山印刷博物馆,非国有博物馆,未定级,是,302,0,4,49,0.8494
4627,山东省,泰安市泰山玉文化博物馆,非国有博物馆,未定级,是,600,0,3,1,0.016
4628,山东省,泰安市泰西历史博物馆,非国有博物馆,未定级,是,466,0,1,0,0.0299
4629,山东省,泰安市万隆书画博物馆,非国有博物馆,未定级,是,2126,0,4,0,0.0994
4630,山东省,泰安市乡村记忆博物馆,文化文物系统国有博物馆,未定级,是,600,0,8,30,1.4997
4631,山东省,泰山螭霖鱼博物馆,其他行业国有博物馆,未定级,是,310,0,1,19,0.4565
4632,山东省,郯城县博物馆,文化文物系统国有博物馆,三级,是,5351,25,15,83,11.7988
4633,山东省,滕州市汉画像石馆,文化文物系统国有博物馆,一级,是,25513,19,17,126,36.38
4634,山东省,天福山起义纪念馆,其他行业国有博物馆,未定级,是,626,7,3,84,12.8372
4635,山东省,铁道游击队纪念馆,文化文物系统国有博物馆,二级,是,2356,0,1,950,45.37
4636,山东省,铁道游击队纪念园（鲁南民俗博物馆）,文化文物系统国有博物馆,未定级,是,2197,0,1,6,16.5198
4637,山东省,王士禛纪念馆,文化文物系统国有博物馆,未定级,否,163,163,3,287,8.2631
4638,山东省,王学仲艺术馆,文化文物系统国有博物馆,二级,是,2113,0,23,52,18.779
4639,山东省,威海火炬高技术产业开发区广誉远中医药文化博物馆,非国有博物馆,未定级,否,329,0,1,0,0
4640,山东省,威海火炬高技术产业开发区寿山石博物馆,非国有博物馆,未定级,是,380,0,7,175,2.0993
4641,山东省,威海毛泽东像章博物馆,非国有博物馆,三级,是,9100,0,16,6,20.6694
4642,山东省,威海市博物馆,文化文物系统国有博物馆,二级,是,14906,178,17,30,41.9991
4643,山东省,威海市海丝文化博物馆,非国有博物馆,三级,是,412,0,13,19,3.7982
4644,山东省,威海市文登区博物馆,文化文物系统国有博物馆,二级,是,18253,87,19,34,21.3505
4645,山东省,威海市文登区米山水库博物馆,其他行业国有博物馆,未定级,是,307,0,1,0,0.1491
4646,山东省,威海市文登区旸谷石器博物馆,非国有博物馆,未定级,是,337,0,8,3,0.8264
4647,山东省,微山县博物馆,文化文物系统国有博物馆,未定级,是,11271,131,6,36,65.4205
4648,山东省,微山县微山湖民俗博物馆,非国有博物馆,未定级,是,2000,0,1,0,0.35
4649,山东省,微山县征程岁月博物馆,非国有博物馆,未定级,是,320,0,4,0,0.052
4650,山东省,潍坊报业博物馆,其他行业国有博物馆,未定级,是,497,0,1,6,0.064
4651,山东省,潍坊贝齐钱币文化博物馆,非国有博物馆,未定级,是,405,0,1,10,0.005
4652,山东省,潍坊崔家小磨香油博物馆,非国有博物馆,未定级,是,669,0,2,9,7.2616
4653,山东省,潍坊风筝博物馆,文化文物系统国有博物馆,未定级,是,660,0,1,45,99.292
4654,山东省,潍坊弘川现代艺术博物馆,非国有博物馆,未定级,是,300,0,2,1,0.3
4655,山东省,潍坊弘阳博物馆,非国有博物馆,未定级,是,3354,0,3,0,0.9086
4656,山东省,潍坊锦绣南屯乡村记忆博物馆,非国有博物馆,未定级,是,304,0,1,10,0.16
4657,山东省,潍坊麓台文化博物馆,非国有博物馆,三级,是,5365,0,1,1,1.03
4658,山东省,潍坊磐古石雕文化博物馆,非国有博物馆,未定级,是,300,0,2,0,0.06
4659,山东省,潍坊齐鲁酒地酒文化博物馆,非国有博物馆,未定级,是,102,0,2,9,9.9586
4660,山东省,潍坊清逸文房用品艺术博物馆,非国有博物馆,未定级,是,300,0,5,10,3.7
4661,山东省,潍坊十笏园博物馆,文化文物系统国有博物馆,未定级,否,1,1,20,59,85.1
4662,山东省,潍坊世代古典汽车博物馆,非国有博物馆,未定级,否,301,1,2,2,0.6
4663,山东省,潍坊市博物馆,文化文物系统国有博物馆,一级,是,69064,1182,64,164,45.197
4664,山东省,潍坊市坊子红色文化博物馆,非国有博物馆,未定级,是,20000,0,4,1,1.9987
4665,山东省,潍坊市坊子区博物馆,文化文物系统国有博物馆,未定级,是,412,0,4,27,22.0997
4666,山东省,潍坊市坊子新方炭矿博物馆,非国有博物馆,未定级,否,6305,0,8,12,4.7975
4667,山东省,潍坊市辉渠民俗博物馆,非国有博物馆,未定级,是,189,6,4,0,0
4668,山东省,潍坊市鲁韵手造博物馆,非国有博物馆,未定级,是,302,0,7,126,3.78
4669,山东省,潍坊市民俗博物馆,其他行业国有博物馆,未定级,是,618,0,1,68,3.0621
4670,山东省,潍坊市潍城区博物馆（潍坊市潍城区陈介祺金石博物馆）,文化文物系统国有博物馆,未定级,是,930,0,2,12,2.135
4671,山东省,潍坊市潍城区南大营博物馆,非国有博物馆,未定级,是,329,0,1,11,1.102
4672,山东省,潍坊市潍城区三安子乡情村史博物馆,非国有博物馆,未定级,是,372,0,3,16,1.3683
4673,山东省,潍坊市潍城区神农茶文化博物馆,非国有博物馆,三级,是,635,0,10,47,3.7999
4674,山东省,潍坊市潍城区潍州博物馆,非国有博物馆,未定级,是,320,0,21,5,2.118
4675,山东省,潍坊市潍城区五道庙博物馆,非国有博物馆,三级,是,408,0,4,15,5.1012
4676,山东省,潍坊市峡山区艾灸博物馆,其他行业国有博物馆,未定级,是,329,0,1,200,1.9944
4677,山东省,潍坊市中医药博物馆,其他行业国有博物馆,未定级,是,327,0,1,10,1.1987
4678,山东省,潍坊研复博物馆,非国有博物馆,未定级,是,616,0,1,3,0.12
4679,山东省,潍坊医学院博物馆,其他行业国有博物馆,未定级,是,302,0,10,0,0.028
4680,山东省,潍坊英美烟公司旧址博物馆,其他行业国有博物馆,未定级,否,310,0,8,132,0.58
4681,山东省,潍坊禹王台博物馆,非国有博物馆,未定级,是,429,0,0,0,0
4682,山东省,潍坊鸢都红木嵌银漆器博物馆,非国有博物馆,三级,是,5212,0,6,13,3.1995
4683,山东省,潍坊元善堂木雕文化博物馆,非国有博物馆,未定级,是,560,0,2,0,0.12
4684,山东省,潍坊中恒杨家埠年画博物馆,非国有博物馆,未定级,是,610,0,2,13,0.36
4685,山东省,潍县西方侨民集中营旧址博物馆,文化文物系统国有博物馆,二级,是,1612,2,20,440,34.8765
4686,山东省,汶上县博物馆,文化文物系统国有博物馆,二级,是,57516,99,12,25,22.1052
4687,山东省,汶上县中都民俗馆,其他行业国有博物馆,未定级,否,7500,0,1,0,0.8656
4688,山东省,汶上杨柳店民俗博物馆,非国有博物馆,未定级,是,184,0,1,36,0.5
4689,山东省,无棣北海翰苑博物馆,非国有博物馆,未定级,是,819,0,2,2,0.5325
4690,山东省,无棣县博物馆,文化文物系统国有博物馆,三级,是,2347,59,13,21,18.9132
4691,山东省,无棣县冯安邦纪念馆,文化文物系统国有博物馆,未定级,是,496,0,8,6,15.5674
4692,山东省,无棣县华夏海盐博物馆,其他行业国有博物馆,未定级,是,210,0,3,0,0.4018
4693,山东省,无棣县吴式芬纪念馆,文化文物系统国有博物馆,未定级,是,232,0,10,6,15.7912
4694,山东省,无棣县张镈纪念馆,文化文物系统国有博物馆,未定级,是,341,0,1,1,3.3255
4695,山东省,五莲县博物馆,文化文物系统国有博物馆,三级,是,4822,113,13,62,15.2529
4696,山东省,五莲县赵氏石磨博物馆,非国有博物馆,未定级,是,330,0,14,42,1.262
4697,山东省,武城县博物馆,文化文物系统国有博物馆,未定级,是,338,36,3,5,0.1196
4698,山东省,武城县古贝春酒文化博物馆,非国有博物馆,未定级,是,680,0,6,11,1.3232
4699,山东省,武城县神龙地毯艺术博物馆,非国有博物馆,未定级,是,520,0,7,10,1.0268
4700,山东省,洗砚池晋墓博物馆（王羲之故居保护中心）,文化文物系统国有博物馆,未定级,否,46,0,14,120,75.7988
4701,山东省,新时代雷锋精神文化博物馆,其他行业国有博物馆,未定级,是,345,0,2,10,0.223
4702,山东省,新泰市博物馆,文化文物系统国有博物馆,三级,是,11026,564,5,16,4.4999
4703,山东省,新泰市恒兴益煎饼文化博物馆,非国有博物馆,未定级,是,9313,0,9,2,1.2996
4704,山东省,新泰市莲花山民俗博物馆,非国有博物馆,未定级,是,3168,0,4,1,0.2316
4705,山东省,新泰市毛泽东文献博物馆,非国有博物馆,三级,是,103287,0,17,103,38.215
4706,山东省,新泰市石文阁奇石博物馆,非国有博物馆,未定级,是,2000,0,6,2,0.7294
4707,山东省,新泰市汶河民俗文化博物馆,非国有博物馆,未定级,是,1138,0,6,3,1.7996
4708,山东省,新泰市汶阳春酒文化博物馆,非国有博物馆,未定级,是,458,0,6,7,1.1998
4709,山东省,烟台北极星钟表文化博物馆,其他行业国有博物馆,未定级,否,272,0,8,59,1.216
4710,山东省,烟台钢琴博物馆,非国有博物馆,未定级,否,258,0,1,36,0.432
4711,山东省,烟台佳隆艺术博物馆,非国有博物馆,未定级,是,3000,0,5,1,0.221
4712,山东省,烟台美术博物馆,文化文物系统国有博物馆,未定级,是,8620,0,34,103,16.1832
4713,山东省,烟台市博物馆,文化文物系统国有博物馆,一级,是,69813,11311,16,288,42.1987
4714,山东省,烟台市城市规划展示馆（烟台自然博物馆）,其他行业国有博物馆,未定级,是,8535,0,16,18,34.1927
4715,山东省,烟台市福山区王懿荣纪念馆,文化文物系统国有博物馆,二级,是,11074,89,11,227,38.5765
4716,山东省,烟台市胶东民间艺术博物馆,非国有博物馆,未定级,是,2947,0,5,3,0.1
4717,山东省,烟台市莱山区古朴蕴雅胶东柴木家具博物馆,非国有博物馆,未定级,是,300,0,6,0,0.03
4718,山东省,烟台市牟平区博物馆,文化文物系统国有博物馆,二级,是,4214,88,8,100,16.778
4719,山东省,烟台市牟平区杜木匠木作博物馆,非国有博物馆,未定级,是,306,0,1,68,0.3249
4720,山东省,烟台市蓬莱区登州博物馆,文化文物系统国有博物馆,三级,是,2109,167,7,50,50.6583
4721,山东省,烟台市芝罘区大德葡萄酒文化博物馆,非国有博物馆,未定级,否,310,0,1,0,0
4722,山东省,烟台市芝罘区璜山民艺博物馆,非国有博物馆,未定级,是,14000,0,9,58,0.7991
4723,山东省,烟台市芝罘区旗源旗袍博物馆,非国有博物馆,未定级,否,307,0,10,24,3.0153
4724,山东省,烟台亚东工业博物馆,非国有博物馆,未定级,是,388,0,8,12,4.2235
4725,山东省,烟台张裕酒文化博物馆,非国有博物馆,一级,否,64065,0,8,132,36.2872
4726,山东省,兖州太阳纸文化博物馆,非国有博物馆,未定级,是,20,0,3,0,0.5968
4727,山东省,砚台博物馆,文化文物系统国有博物馆,未定级,是,604,0,17,26,20.4183
4728,山东省,阳谷景阳冈酒器酒具博物馆,非国有博物馆,未定级,是,1636,0,4,43,10.3691
4729,山东省,阳谷水浒文化博物馆,非国有博物馆,未定级,是,2481,0,3,0,8.5349
4730,山东省,阳信县博物馆,文化文物系统国有博物馆,未定级,是,616,107,2,6,0.124
4731,山东省,阳信县梨文化生态博物馆,其他行业国有博物馆,未定级,是,302,0,1,10,2.5619
4732,山东省,阳信县梨乡民俗博物馆,非国有博物馆,未定级,是,566,0,1,0,0.1482
4733,山东省,杨子荣及牟平革命历史展览馆,其他行业国有博物馆,未定级,是,60,0,1,2,3.6455
4734,山东省,沂蒙革命纪念馆,其他行业国有博物馆,未定级,是,3147,24,1,30,15.3898
4735,山东省,沂蒙六姐妹纪念馆,其他行业国有博物馆,未定级,是,789,0,4,35,10.0413
4736,山东省,沂蒙母亲王换于纪念馆,其他行业国有博物馆,未定级,是,21,0,2,20,0.5163
4737,山东省,沂南高来德食品文化博物馆,非国有博物馆,未定级,是,301,0,5,29,0.835
4738,山东省,沂南古今油灯博物馆,非国有博物馆,未定级,是,1707,0,4,0,7.526
4739,山东省,沂南红石寨非物质遗产博物馆,非国有博物馆,未定级,是,600,0,2,3,10.404
4740,山东省,沂南酒具文化博物馆,非国有博物馆,未定级,是,1393,0,8,8,8.626
4741,山东省,沂南县北寨汉画像石墓博物馆,文化文物系统国有博物馆,未定级,否,160,13,3,7,1.46
4742,山东省,沂南县博物馆,文化文物系统国有博物馆,三级,是,13330,20,7,9,3.3598
4743,山东省,沂南县诸葛亮纪念馆,文化文物系统国有博物馆,未定级,是,389,0,1,0,6.8489
4744,山东省,沂南元宝根艺文化博物馆,非国有博物馆,未定级,是,314,0,11,8,4.5682
4745,山东省,沂南长虹民俗博物馆,非国有博物馆,未定级,是,558,0,0,0,0
4746,山东省,沂南竹泉村乡村记忆博物馆,非国有博物馆,未定级,是,600,0,3,2,10.3517
4747,山东省,沂水县博物馆,文化文物系统国有博物馆,二级,是,50845,330,13,18,16.256
4748,山东省,沂源博物馆,文化文物系统国有博物馆,二级,是,2105,330,6,387,23.869
4749,山东省,沂源县鲁酒之源酒文化博物馆,非国有博物馆,未定级,是,305,0,4,0,2.3
4750,山东省,峄城鲁笔博物馆,非国有博物馆,未定级,是,310,0,4,6,3.74
4751,山东省,峄城区博物馆,文化文物系统国有博物馆,未定级,是,302,2,1,23,0.2247
4752,山东省,银雀山汉墓竹简博物馆,文化文物系统国有博物馆,未定级,是,30820,330,10,487,54.7939
4753,山东省,鱼台县博物馆,文化文物系统国有博物馆,二级,是,10020,20,15,74,32.58
4754,山东省,鱼台县随海惨案纪念馆,其他行业国有博物馆,未定级,是,2119,0,6,18,9.96
4755,山东省,鱼台县鱼乡文化博物馆,非国有博物馆,未定级,是,305,0,2,2,2.58
4756,山东省,禹城市革命纪念馆,文化文物系统国有博物馆,未定级,是,132,0,1,25,4.6573
4757,山东省,禹王亭博物馆,其他行业国有博物馆,未定级,是,46,0,1,126,24.8956
4758,山东省,郓城传递红色文化博物馆,非国有博物馆,三级,是,20316,0,7,5,5.8971
4759,山东省,郓城黄河民俗博物馆,非国有博物馆,未定级,是,9500,0,6,15,3.1916
4760,山东省,郓城县博物馆,文化文物系统国有博物馆,二级,是,1457,319,14,65,35.0146
4761,山东省,郓城县鲁西南战役指挥部旧址纪念馆,其他行业国有博物馆,未定级,是,2225,0,8,319,42.1642
4762,山东省,枣庄柳琴戏博物馆,非国有博物馆,未定级,是,126,0,1,0,0.65
4763,山东省,枣庄润龙博物馆,非国有博物馆,未定级,是,1120,0,10,0,0.062
4764,山东省,枣庄市博物馆,文化文物系统国有博物馆,一级,是,16448,350,28,125,52.3857
4765,山东省,枣庄市山亭区银光文化艺术博物馆,非国有博物馆,未定级,是,0,0,0,0,0
4766,山东省,枣庄市台儿庄区大运河蓝印花布博物馆,非国有博物馆,未定级,是,1369,0,1,0,0.9688
4767,山东省,枣庄市台儿庄区鲁南民间收藏馆,非国有博物馆,未定级,是,1862,0,4,20,2.36
4768,山东省,枣庄市泰和缘古陶瓷博物馆,非国有博物馆,未定级,是,2140,0,7,0,0.978
4769,山东省,枣庄市中兴文化博物馆,其他行业国有博物馆,未定级,是,1562,0,7,5,3.7057
4770,山东省,枣庄学院国际世界语博物馆,其他行业国有博物馆,未定级,是,65000,0,12,8,0.6016
4771,山东省,沾化区民俗文化博物馆,文化文物系统国有博物馆,未定级,是,331,0,1,13,0.8562
4772,山东省,张店区博物馆,文化文物系统国有博物馆,未定级,否,0,0,0,0,0
4773,山东省,张店区冶铁文化博物馆,文化文物系统国有博物馆,未定级,否,0,0,0,0,0
4774,山东省,张自忠将军纪念馆（季羡林先生纪念馆、张彦青艺术馆）,其他行业国有博物馆,未定级,是,1132,0,4,19,21.48
4775,山东省,章丘明水浅井粘土矿工业文化博物馆,其他行业国有博物馆,未定级,是,378,0,1,58,0.9067
4776,山东省,长岛海洋生态文明综合试验区北庄史前遗址博物馆,文化文物系统国有博物馆,未定级,是,22,0,1,7,8.7898
4777,山东省,长岛海洋生态文明综合试验区博物馆,文化文物系统国有博物馆,未定级,是,3787,182,1,25,30.9871
4778,山东省,长岛海洋生态文明综合试验区航海博物馆,文化文物系统国有博物馆,未定级,是,75,0,1,1,21.9687
4779,山东省,招远东莱金石博物馆,非国有博物馆,未定级,是,321,0,2,7,0.0922
4780,山东省,招远翰龙金丝楠木博物馆,非国有博物馆,未定级,是,114,0,2,8,0.428
4781,山东省,招远恒德钱币博物馆,非国有博物馆,未定级,是,349,0,3,30,1.08
4782,山东省,招远恒利钟表博物馆,非国有博物馆,未定级,是,302,0,4,30,1.08
4783,山东省,招远弘古玉文化博物馆,非国有博物馆,未定级,是,426,0,2,4,0.4396
4784,山东省,招远觐鋆金银工艺博物馆,非国有博物馆,未定级,是,3621,0,1,15,1.5122
4785,山东省,招远老作坊酒具博物馆,非国有博物馆,未定级,是,800,0,1,6,1.7899
4786,山东省,招远齐土红木文化博物馆,非国有博物馆,未定级,是,358,0,1,5,1.31
4787,山东省,招远尚美绒绣博物馆,非国有博物馆,未定级,是,738,0,1,12,1.022
4788,山东省,招远市博物馆,文化文物系统国有博物馆,未定级,是,1333,156,7,8,3.45
4789,山东省,招远市黄金博物馆,其他行业国有博物馆,未定级,否,328,0,12,134,16.5565
4790,山东省,中共刘集支部旧址纪念馆,文化文物系统国有博物馆,二级,是,1039,6,8,26,15.3422
4791,山东省,中共鲁西北地委旧址博物馆,文化文物系统国有博物馆,未定级,是,435,38,2,8,10.6886
4792,山东省,中共青岛党史纪念馆,其他行业国有博物馆,未定级,是,32,2,5,21,7.6288
4793,山东省,中共山东早期历史纪念馆,其他行业国有博物馆,未定级,是,320,0,2,350,19.9892
4794,山东省,中国甲午战争博物院,文化文物系统国有博物馆,一级,是,6883,68,16,1025,257.5993
4795,山东省,中国鲁锦博物馆,文化文物系统国有博物馆,未定级,是,5781,41,1,8,1.748
4796,山东省,中国人民解放军海军博物馆,其他行业国有博物馆,一级,是,46135,17,5,24,380
4797,山东省,诸城东武博物馆,非国有博物馆,未定级,是,423,0,4,2,3.7997
4798,山东省,诸城绿馨农耕饮食文化博物馆,非国有博物馆,未定级,是,336,0,5,0,5.5989
4799,山东省,诸城密州博物馆,非国有博物馆,未定级,是,446,0,5,2,3.9798
4800,山东省,诸城市博物馆,文化文物系统国有博物馆,二级,是,50177,1796,11,20,18.0882
4801,山东省,诸城市恐龙博物馆,其他行业国有博物馆,未定级,否,1704,0,5,0,57.9908
4802,山东省,诸城市尚德民俗博物馆,非国有博物馆,未定级,是,830,0,6,12,2.7988
4803,山东省,诸城市王尽美烈士纪念馆,其他行业国有博物馆,未定级,是,60,0,1,76,5.9514
4804,山东省,淄博北崮山村史博物馆,非国有博物馆,未定级,是,345,0,2,1,0.32
4805,山东省,淄博博山雨点釉博物馆,非国有博物馆,未定级,是,320,0,3,8,3.628
4806,山东省,淄博城东乡村记忆博物馆,非国有博物馆,未定级,是,474,0,1,0,0.16
4807,山东省,淄博方志博物馆,其他行业国有博物馆,未定级,是,450,0,2,1,0.165
4808,山东省,淄博福王红木博物馆,非国有博物馆,三级,是,650,0,5,45,0.87
4809,山东省,淄博傅山自然地质博物馆,非国有博物馆,未定级,否,2259,0,16,34,6.2921
4810,山东省,淄博高新区隽山村史博物馆,非国有博物馆,未定级,是,320,0,6,4,0.4999
4811,山东省,淄博金祥琉璃博物馆,非国有博物馆,未定级,是,340,0,4,0,2.1993
4812,山东省,淄博锦川淄砚博物馆,非国有博物馆,未定级,是,368,0,2,0,0.3081
4813,山东省,淄博警察博物馆,其他行业国有博物馆,未定级,是,336,0,2,20,0.436
4814,山东省,淄博康乾琉璃艺术博物馆,非国有博物馆,未定级,是,1673,0,6,6,9.6588
4815,山东省,淄博李家疃乡村记忆博物馆,非国有博物馆,未定级,是,328,0,1,0,0.6987
4816,山东省,淄博鲁源石雕艺术博物馆,非国有博物馆,未定级,是,616,0,1,0,0.2793
4817,山东省,淄博煤矿博物馆,其他行业国有博物馆,未定级,是,2189,0,1,79,0.2607
4818,山东省,淄博人立琉璃艺术博物馆,非国有博物馆,未定级,否,3000,0,3,6,9.7297
4819,山东省,淄博荣宝艺术博物馆,非国有博物馆,未定级,是,321,0,1,0,0.5998
4820,山东省,淄博师范高等专科学校博物馆,其他行业国有博物馆,未定级,是,309,0,1,200,0.7983
4821,山东省,淄博市博山区赵执信纪念馆,文化文物系统国有博物馆,未定级,是,80,0,4,20,7.8359
4822,山东省,淄博市博物馆,文化文物系统国有博物馆,一级,是,34932,702,14,58,44.8792
4823,山东省,淄博市大地知青博物馆,非国有博物馆,未定级,是,353,0,7,2,0.828
4824,山东省,淄博市古窑村陶瓷艺术博物馆,非国有博物馆,未定级,是,303,0,4,3,1.83
4825,山东省,淄博市鸿磊金石拓片艺术博物馆,非国有博物馆,未定级,是,3070,0,3,10,0.83
4826,山东省,淄博市聚合斋周村烧饼博物馆,非国有博物馆,未定级,是,309,0,7,30,89.3007
4827,山东省,淄博市科大农业机械博物馆,非国有博物馆,未定级,是,300,0,1,0,0.0087
4828,山东省,淄博市六一八战备电台博物馆,其他行业国有博物馆,未定级,否,542,0,1,180,0.256
4829,山东省,淄博市齐峰造纸博物馆,非国有博物馆,未定级,是,383,0,1,9,0.1307
4830,山东省,淄博市齐文艺术博物馆,非国有博物馆,未定级,是,431,0,3,27,2.6996
4831,山东省,淄博市起凤田氏骨科博物馆,非国有博物馆,二级,是,8325,0,15,130,3.4018
4832,山东省,淄博市青岭内画鼻烟壶博物馆,非国有博物馆,未定级,是,420,0,12,20,5.1986
4833,山东省,淄博市文会陶瓷博物馆,非国有博物馆,三级,是,8355,0,13,125,0.92
4834,山东省,淄博市源一刻瓷艺术博物馆,非国有博物馆,二级,是,2010,0,11,8,5.8989
4835,山东省,淄博市在堂鱼盘艺术博物馆,非国有博物馆,三级,是,4006,0,4,2,0.4187
4836,山东省,淄博市周村区蒲松龄书馆,文化文物系统国有博物馆,未定级,否,452,0,6,30,0.5987
4837,山东省,淄博市周村区玉兔信芳园酱醋文化博物馆,非国有博物馆,未定级,否,335,0,5,100,0.2986
4838,山东省,淄博市淄川区东盛乡情博物馆,非国有博物馆,三级,是,806,0,4,2,5.0987
4839,山东省,淄博市淄川区三顺民俗陶瓷博物馆,非国有博物馆,二级,是,3090,0,14,12,8.6482
4840,山东省,淄博市淄川区渭头河大缸博物馆,非国有博物馆,未定级,是,561,0,5,4,0.5712
4841,山东省,淄博市淄川区西关乡村记忆博物馆,非国有博物馆,未定级,是,370,0,3,0,0.253
4842,山东省,淄博市淄川区寅瑄乡愁博物馆,非国有博物馆,三级,是,1420,0,6,26,6.6992
4843,山东省,淄博市淄川绪岳民俗博物馆,非国有博物馆,未定级,是,316,0,1,0,0.098
4844,山东省,淄博市淄川振华琉璃艺术博物馆,非国有博物馆,未定级,是,314,0,1,2,6.1997
4845,山东省,淄博司志杰陶瓷艺术博物馆,非国有博物馆,未定级,是,310,0,4,6,0.35
4846,山东省,淄博陶瓷琉璃博物馆,文化文物系统国有博物馆,一级,是,9736,51,40,107,271.3108
4847,山东省,淄博天赋艺术博物馆,非国有博物馆,未定级,是,749,0,0,0,0
4848,山东省,淄博文昌古陶瓷博物馆,非国有博物馆,未定级,是,300,0,0,0,0
4849,山东省,淄博艺术博物馆,非国有博物馆,未定级,否,0,0,0,0,0
4850,山东省,淄博增升爱教育博物馆,非国有博物馆,未定级,是,620,0,1,0,4.9997
4851,山东省,淄博职业学院博物馆,其他行业国有博物馆,未定级,是,307,0,3,18,0.9377
4852,山东省,淄博周村丝绸文化博物馆,其他行业国有博物馆,未定级,是,310,0,1,30,0.08
4853,山东省,淄博尊峰镶嵌艺术老琉璃博物馆,非国有博物馆,未定级,是,816,0,1,0,0.7999
4854,山东省,淄川博物馆,文化文物系统国有博物馆,二级,是,4092,2,8,12,11.2597
4855,山东省,邹城博物馆,文化文物系统国有博物馆,一级,是,121702,277,19,133,106.3465
4856,山东省,邹城毛泽东像章艺术博物馆,非国有博物馆,未定级,是,450,0,6,188,8.0899
4857,山东省,邹城市峄山镇乡村记忆博物馆,非国有博物馆,未定级,是,490,0,4,10,6.2799
4858,山东省,邹平市博物馆,文化文物系统国有博物馆,二级,是,1034,105,14,70,16.1305
4859,山东省,邹平市九扈印记乡村文化博物馆,其他行业国有博物馆,未定级,是,600,0,1,24,0.4982
4860,山西省,安泽县博物馆,文化文物系统国有博物馆,未定级,否,1298,103,1,0,0
4861,山西省,八路军太行纪念馆,文化文物系统国有博物馆,一级,是,8686,524,15,14,69.6605
4862,山西省,八路军总部北村旧址纪念馆,文化文物系统国有博物馆,未定级,是,2000,0,1,5,3.9286
4863,山西省,白求恩纪念馆,文化文物系统国有博物馆,未定级,是,305,0,1,3,0.3256
4864,山西省,百团大战纪念馆,其他行业国有博物馆,三级,是,2255,92,3,24,41.1208
4865,山西省,北朝博物馆（大同市博物馆分馆）,文化文物系统国有博物馆,未定级,是,1195,201,2,17,16.3072
4866,山西省,大同古城地质博物馆,非国有博物馆,未定级,是,494,0,1,2,1.4987
4867,山西省,大同红色记忆馆（大同市博物馆分馆）,文化文物系统国有博物馆,未定级,是,390,0,2,2,7.6359
4868,山西省,大同煤矿“万人坑”遗址纪念馆,其他行业国有博物馆,未定级,是,183,0,1,216,21.8503
4869,山西省,大同市北朝艺术博物馆,非国有博物馆,未定级,是,300,0,1,0,3.6982
4870,山西省,大同市博物馆,文化文物系统国有博物馆,一级,是,176832,22169,19,97,157.2215
4871,山西省,大同市大同服饰文化历史博物馆,非国有博物馆,未定级,是,802,0,3,10,0.9802
4872,山西省,大同市德聚老酒博物馆,非国有博物馆,未定级,是,317,0,1,0,0.7992
4873,山西省,大同市雕塑博物馆,文化文物系统国有博物馆,二级,是,2323,0,9,144,51.6538
4874,山西省,大同市广盛原中医药文化博物馆,非国有博物馆,未定级,是,305,0,1,60,6.202
4875,山西省,大同市葡萄酒博物馆,非国有博物馆,未定级,是,310,0,1,2,0.3491
4876,山西省,大同市味醋文化博物馆,非国有博物馆,未定级,是,333,0,1,0,46.8016
4877,山西省,大同市县长大院博物馆,非国有博物馆,未定级,是,305,0,1,0,2.1553
4878,山西省,大同市元顺兴钱币博物馆,非国有博物馆,未定级,是,2243,0,1,6,2.182
4879,山西省,大同市陨石博物馆,非国有博物馆,未定级,是,315,0,1,0,1.6803
4880,山西省,代县博物馆,文化文物系统国有博物馆,未定级,否,1364,154,1,6,0
4881,山西省,繁峙县博物馆,文化文物系统国有博物馆,未定级,是,567,101,4,3,1.87
4882,山西省,汾酒博物馆,其他行业国有博物馆,未定级,否,1346,0,1,2,22.3457
4883,山西省,汾西县博物馆,文化文物系统国有博物馆,未定级,是,729,21,3,5,0.798
4884,山西省,汾阳市博物馆,文化文物系统国有博物馆,未定级,是,4677,304,2,0,0.0886
4885,山西省,浮山县博物馆,文化文物系统国有博物馆,未定级,否,1349,122,0,3,0
4886,山西省,高君宇故居纪念馆,文化文物系统国有博物馆,未定级,是,312,0,5,7,15.4826
4887,山西省,高平市博物馆,文化文物系统国有博物馆,未定级,是,1413,56,5,1,0.8971
4888,山西省,古代铜造艺术博物馆（大同市博物馆分馆）,文化文物系统国有博物馆,未定级,是,247,37,1,2,5.6633
4889,山西省,广灵剪纸艺术博物馆,非国有博物馆,未定级,是,16331,0,4,6,19.2355
4890,山西省,广灵平舒民俗博物馆,非国有博物馆,未定级,是,2000,0,2,0,0.3992
4891,山西省,和顺县八路军石拐会议纪念馆,文化文物系统国有博物馆,未定级,是,78,0,1,18,0.5244
4892,山西省,河边民俗博物馆,文化文物系统国有博物馆,二级,否,4884,134,4,3,15.1494
4893,山西省,河东盐业博物馆,其他行业国有博物馆,未定级,否,9,0,2,350,3.859
4894,山西省,河津市博物馆,文化文物系统国有博物馆,未定级,是,1556,204,8,8,0.71
4895,山西省,河曲县阿庆博物馆,非国有博物馆,未定级,是,320,0,2,2,1.7888
4896,山西省,河曲县博物馆,文化文物系统国有博物馆,未定级,是,593,38,1,0,1.0365
4897,山西省,红军东征纪念馆,文化文物系统国有博物馆,二级,是,281,34,6,45,15.9887
4898,山西省,洪洞县博物馆,文化文物系统国有博物馆,未定级,是,2346,234,1,16,1.3433
4899,山西省,侯马晋国古都博物馆,文化文物系统国有博物馆,三级,是,1628,142,9,27,1.9701
4900,山西省,壶关县文物博物馆,文化文物系统国有博物馆,未定级,否,4953,191,0,0,0
4901,山西省,浑源县锦茂博物馆,非国有博物馆,未定级,是,600,0,1,3,5.758
4902,山西省,霍州署博物馆,文化文物系统国有博物馆,未定级,否,57446,30,2,6,16.537
4903,山西省,稷山县博物馆,文化文物系统国有博物馆,未定级,是,1358,120,0,3,0
4904,山西省,绛县博物馆,文化文物系统国有博物馆,未定级,是,940,296,4,3,0.42
4905,山西省,介休市博物馆,文化文物系统国有博物馆,三级,是,3382,406,8,36,13.2623
4906,山西省,晋城博物馆,文化文物系统国有博物馆,二级,是,23266,739,18,70,22.2163
4907,山西省,晋城市城区原本历史博物馆,非国有博物馆,未定级,是,316,0,0,0,0
4908,山西省,晋城市青莲寺古建艺术博物馆,文化文物系统国有博物馆,未定级,是,0,0,1,0,11.59
4909,山西省,晋城市玉皇庙彩塑壁画博物馆,文化文物系统国有博物馆,未定级,是,30,0,3,6,22.6604
4910,山西省,晋商博物院,文化文物系统国有博物馆,二级,否,32528,824,14,80,115.8169
4911,山西省,晋中市博物馆,文化文物系统国有博物馆,二级,是,21004,922,6,100,18.6207
4912,山西省,晋中战役博物馆,非国有博物馆,未定级,是,435,0,1,10,2.0892
4913,山西省,静乐县文物保护所,文化文物系统国有博物馆,未定级,是,87,16,6,0,0.8066
4914,山西省,岢岚县博物馆,文化文物系统国有博物馆,未定级,是,380,67,1,10,3.495
4915,山西省,魁星文化博物馆（大同市博物馆分馆）,文化文物系统国有博物馆,未定级,是,38,0,1,0,0
4916,山西省,黎城县文博馆,文化文物系统国有博物馆,未定级,是,996,128,3,6,2.1
4917,山西省,梁思成纪念馆（大同市博物馆分馆）,文化文物系统国有博物馆,未定级,是,66,0,1,6,13.0161
4918,山西省,辽金元民族融合博物馆（大同市博物馆分馆）,文化文物系统国有博物馆,未定级,是,254,36,1,9,15.3433
4919,山西省,临汾北方紫砂陶博物馆,非国有博物馆,未定级,是,306,0,1,10,0.6735
4920,山西省,临汾市博物馆,文化文物系统国有博物馆,一级,是,4751,267,12,107,52.9825
4921,山西省,临汾市丁村民俗博物馆,文化文物系统国有博物馆,未定级,否,7426,264,2,10,4.5227
4922,山西省,临汾市平阳木版年画博物馆,非国有博物馆,未定级,是,310,0,3,6,0.4836
4923,山西省,临汾市三晋史志博物馆,非国有博物馆,未定级,是,314,0,2,22,0.5983
4924,山西省,临汾市陶唐民俗博物馆,非国有博物馆,未定级,是,322,0,1,0,0.5256
4925,山西省,临汾市尧都区博物馆,文化文物系统国有博物馆,未定级,是,881,105,0,0,0
4926,山西省,临汾市臻美奇石文化博物馆,非国有博物馆,未定级,是,316,0,3,1,0.0552
4927,山西省,临汾市宙届自然博物馆,非国有博物馆,未定级,否,3000,0,12,30,3.803
4928,山西省,临汾臻美刺绣艺术博物馆,非国有博物馆,未定级,是,310,0,3,1,0.0552
4929,山西省,临猗县博物馆,文化文物系统国有博物馆,未定级,是,6350,229,2,7,1.01
4930,山西省,灵丘县博物馆,文化文物系统国有博物馆,未定级,是,328,23,1,2,4
4931,山西省,灵石县博物馆,文化文物系统国有博物馆,未定级,是,678,99,4,78,1.8928
4932,山西省,陵川县博物馆,文化文物系统国有博物馆,未定级,否,13084,23,1,0,0
4933,山西省,刘胡兰纪念馆,其他行业国有博物馆,未定级,是,288,0,6,0,47.36
4934,山西省,吕梁北武当古兵器博物馆,非国有博物馆,三级,是,3000,0,7,50,14.3464
4935,山西省,吕梁市博物馆,文化文物系统国有博物馆,二级,是,3021,185,9,5,3.0933
4936,山西省,吕梁市葫芦文化博物馆,非国有博物馆,未定级,是,1050,0,5,53,2.06
4937,山西省,吕梁市晋绥边区革命纪念馆,文化文物系统国有博物馆,未定级,是,4132,114,2,20,27.8154
4938,山西省,吕梁市离石区高家沟高级军事会议博物馆,文化文物系统国有博物馆,未定级,是,158,0,1,20,3.5012
4939,山西省,吕梁市离石区晋绥兵民博物馆,非国有博物馆,未定级,是,340,0,11,7,15.4986
4940,山西省,吕梁市离石区林迈可李效黎博物馆,文化文物系统国有博物馆,未定级,是,118,0,1,0,3.5012
4941,山西省,麻田八路军总部纪念馆,文化文物系统国有博物馆,三级,是,3600,67,1,470,37.2436
4942,山西省,明堂遗址博物馆（大同市博物馆分馆）,文化文物系统国有博物馆,未定级,是,88,0,1,5,10.0915
4943,山西省,宁武冰洞地质博物馆,其他行业国有博物馆,未定级,是,240,0,0,0,0
4944,山西省,宁武县博物馆,文化文物系统国有博物馆,未定级,是,510,162,1,3,1.131
4945,山西省,彭真生平暨中共太原支部旧址纪念馆,其他行业国有博物馆,二级,是,13249,0,8,120,43.0212
4946,山西省,偏关县博物馆,文化文物系统国有博物馆,未定级,是,1199,64,1,4,1.259
4947,山西省,平城记忆馆（大同市博物馆分馆）,文化文物系统国有博物馆,未定级,是,414,4,1,4,4.033
4948,山西省,平陆县博物馆,文化文物系统国有博物馆,未定级,是,10860,1969,3,0,0
4949,山西省,平顺县奥治木雕非遗博物馆,非国有博物馆,未定级,是,520,0,5,2,0.092
4950,山西省,平顺县北社古典家具博物馆,非国有博物馆,未定级,是,358,0,5,2,0.085
4951,山西省,平顺县文物博物馆,文化文物系统国有博物馆,未定级,否,599,28,1,0,0.0549
4952,山西省,平型关大捷纪念馆,文化文物系统国有博物馆,未定级,是,1500,0,3,818,43.2673
4953,山西省,平遥唐都推光漆艺博物馆,非国有博物馆,未定级,是,318,0,1,27,77.4371
4954,山西省,平遥县宝聚源牛肉文化博物馆,非国有博物馆,未定级,是,320,0,1,8,0.0844
4955,山西省,平遥县博物馆,文化文物系统国有博物馆,三级,否,584,234,1,0,0
4956,山西省,平遥县票号博物馆,文化文物系统国有博物馆,三级,否,832,242,3,98,103.4238
4957,山西省,平遥县双林寺彩塑艺术馆,文化文物系统国有博物馆,三级,否,0,0,1,7,32.33
4958,山西省,平遥县文涛坊古兵器博物馆,非国有博物馆,二级,否,425,0,1,25,34.1716
4959,山西省,祁县晋商文化博物馆,文化文物系统国有博物馆,三级,否,1995,21,9,10,6.6914
4960,山西省,祁县乔家大院民俗博物馆,文化文物系统国有博物馆,二级,否,3240,358,3,85,193.2
4961,山西省,祁县雨楼家俬博物馆,非国有博物馆,未定级,否,252,0,0,0,0
4962,山西省,沁水县沁河民俗文化博物馆,非国有博物馆,未定级,是,1055,0,4,0,0.85
4963,山西省,沁水县文史博物馆,文化文物系统国有博物馆,未定级,是,1300,55,5,2,4.985
4964,山西省,沁县南涅水石刻博物馆,文化文物系统国有博物馆,三级,是,1062,445,3,17,11.4963
4965,山西省,沁源县文旅发展中心,文化文物系统国有博物馆,未定级,否,898,104,1,15,0
4966,山西省,曲沃县博物馆,文化文物系统国有博物馆,未定级,是,86802,80,7,3,0.0958
4967,山西省,曲沃县晋国博物馆,文化文物系统国有博物馆,二级,否,3120,90,8,121,13.4101
4968,山西省,曲沃县晋唐青铜文化博物馆,非国有博物馆,未定级,是,670,0,6,9,0.7203
4969,山西省,芮城县博物馆,文化文物系统国有博物馆,三级,是,3857,261,5,2,0.1479
4970,山西省,山西博物院,文化文物系统国有博物馆,一级,是,658253,40878,40,1406,324.4547
4971,山西省,山西澄观佛教艺术博物馆,非国有博物馆,未定级,是,304,0,4,0,0.02
4972,山西省,山西当代赏石艺术博物馆,非国有博物馆,未定级,是,300,0,6,8,1.2231
4973,山西省,山西地质博物馆,其他行业国有博物馆,一级,是,52282,0,19,64,100.0269
4974,山西省,山西烽火抗战博物馆,非国有博物馆,三级,是,476,0,10,51,109.2414
4975,山西省,山西古典传统艺术博物馆,非国有博物馆,未定级,否,310,0,3,5,3.3205
4976,山西省,山西古建筑博物馆,文化文物系统国有博物馆,二级,否,72,3,9,32,42.6001
4977,山西省,山西国民师范旧址革命活动纪念馆,文化文物系统国有博物馆,三级,是,868,52,7,70,19.8673
4978,山西省,山西恒青书画艺术博物馆,非国有博物馆,未定级,是,400,0,1,2,0.1825
4979,山西省,山西厚土瓷壶博物馆,非国有博物馆,未定级,是,302,0,1,0,1
4980,山西省,山西慧光古灯博物馆,非国有博物馆,未定级,是,500,0,1,2,2.84
4981,山西省,山西锦言斋晋作家具博物馆,非国有博物馆,未定级,是,453,0,1,0,0.35
4982,山西省,山西晋文化艺术博物馆,非国有博物馆,未定级,是,320,0,0,0,0
4983,山西省,山西晋韵砖雕艺术博物馆,非国有博物馆,未定级,是,2000,0,5,70,8.6531
4984,山西省,山西晋之源壁画艺术博物馆,非国有博物馆,未定级,否,430,0,3,13,1.2153
4985,山西省,山西考古博物馆,文化文物系统国有博物馆,二级,否,58961,857,13,93,7.386
4986,山西省,山西流金岁月传媒博物馆,非国有博物馆,未定级,是,330,0,4,42,0.6908
4987,山西省,山西吕梁山革命博物馆,非国有博物馆,二级,是,10033,0,7,52,8.8654
4988,山西省,山西面食文化博物馆,非国有博物馆,未定级,是,300,0,1,80,4.86
4989,山西省,山西青铜博物馆,文化文物系统国有博物馆,未定级,是,9649,0,9,653,73.078
4990,山西省,山西三晋奇石博物馆,非国有博物馆,未定级,否,1100,0,4,33,0.2466
4991,山西省,山西省体育博物馆,其他行业国有博物馆,未定级,是,2021,0,7,64,2.5217
4992,山西省,山西省永乐宫壁画艺术博物馆,文化文物系统国有博物馆,三级,否,2004,365,15,130,72.7561
4993,山西省,山西税收博物馆,其他行业国有博物馆,未定级,是,40000,0,1,6,0.8793
4994,山西省,山西唐人居晋作家居博物馆,非国有博物馆,未定级,是,457,0,1,45,6.2354
4995,山西省,山西霆钰玉器博物馆,非国有博物馆,未定级,是,303,0,1,0,0.5014
4996,山西省,山西新晋商酒庄储酒文化博物馆,非国有博物馆,未定级,是,300,0,1,0,0.8006
4997,山西省,山西云杉西口文化博物馆,非国有博物馆,未定级,是,439,0,7,2,9.1037
4998,山西省,山西臻窖酒文化博物馆,非国有博物馆,未定级,是,500,0,0,0,0
4999,山西省,山西振兴晋商文化博物馆,非国有博物馆,未定级,是,7249,0,8,15,0.144
5000,山西省,山西中医药博物馆,非国有博物馆,未定级,是,1309,0,5,52,6.1085
5001,山西省,上党区文物博物馆,文化文物系统国有博物馆,未定级,否,2178,438,0,1,0
5002,山西省,寿阳县生云博物馆,非国有博物馆,未定级,是,598,0,5,4,1.9951
5003,山西省,朔州市博物馆,文化文物系统国有博物馆,三级,是,16219,585,7,13,2.5996
5004,山西省,朔州市平鲁区博物馆,文化文物系统国有博物馆,三级,是,624,32,5,10,17.1874
5005,山西省,朔州市平鲁区民俗馆,非国有博物馆,未定级,是,352,0,0,0,0
5006,山西省,朔州市朔城区马邑博物馆,文化文物系统国有博物馆,三级,是,3704,810,1,22,15.62
5007,山西省,孙中山纪念馆,其他行业国有博物馆,未定级,是,0,0,2,0,2.5974
5008,山西省,太原北齐壁画博物馆,文化文物系统国有博物馆,未定级,是,11,10,2,104,40.0119
5009,山西省,太原解放纪念馆,其他行业国有博物馆,未定级,是,84,0,3,45,16.3
5010,山西省,太原市博物馆,文化文物系统国有博物馆,一级,是,8113,1189,10,198,73.7015
5011,山西省,太原市公园服务中心园林园艺展览馆,其他行业国有博物馆,未定级,是,12,0,3,5,12.0248
5012,山西省,太原市关帝庙博物馆,文化文物系统国有博物馆,未定级,是,227,0,5,19,11.0387
5013,山西省,太原市观古艺术博物馆,非国有博物馆,未定级,是,803,0,3,1,2.3135
5014,山西省,太原市晋祠博物馆,文化文物系统国有博物馆,一级,否,40982,2055,22,172,437.5088
5015,山西省,太原市双塔博物馆,文化文物系统国有博物馆,未定级,否,547,378,7,75,65.9396
5016,山西省,太原市太山博物馆,文化文物系统国有博物馆,未定级,否,287,0,10,152,72.987
5017,山西省,太原市天龙山石窟博物馆,文化文物系统国有博物馆,未定级,否,56,15,4,5,30.7753
5018,山西省,屯留区文化和旅游发展中心,文化文物系统国有博物馆,未定级,否,7786,202,0,0,0
5019,山西省,万荣县博物馆,文化文物系统国有博物馆,三级,是,1456,117,0,0,0
5020,山西省,魏碑书法家张霭堂故居纪念馆（大同市博物馆分馆）,文化文物系统国有博物馆,未定级,是,311,0,1,4,4.0586
5021,山西省,文水县博物馆,文化文物系统国有博物馆,未定级,是,1139,124,1,7,0.2014
5022,山西省,文水县民俗博物馆,非国有博物馆,未定级,是,343,0,3,34,15.0056
5023,山西省,闻喜县文物保护中心,文化文物系统国有博物馆,未定级,是,12241,389,2,2,0.5123
5024,山西省,五台县博物馆,文化文物系统国有博物馆,未定级,是,731,86,2,2,3.2105
5025,山西省,五台县纪念白求恩展览馆,文化文物系统国有博物馆,未定级,是,75,0,1,7,26.93
5026,山西省,武乡县八路军总部王家峪旧址纪念馆,文化文物系统国有博物馆,三级,是,305,28,2,81,18.6124
5027,山西省,武乡县八路军总部砖壁旧址纪念馆,文化文物系统国有博物馆,未定级,是,166,27,2,43,12.6086
5028,山西省,武乡县进宝民俗文化博物馆,非国有博物馆,未定级,是,1135,0,2,4,1.0086
5029,山西省,武则天纪念馆,文化文物系统国有博物馆,未定级,是,65,3,1,0,9.9689
5030,山西省,西河头地道战纪念馆,文化文物系统国有博物馆,未定级,是,112,0,1,192,5.1734
5031,山西省,昔阳宋金文化博物馆,文化文物系统国有博物馆,未定级,是,493,105,3,17,1.7931
5032,山西省,昔阳县博物馆,文化文物系统国有博物馆,未定级,是,3009,133,2,14,1.382
5033,山西省,牺盟会新军纪念馆,文化文物系统国有博物馆,未定级,是,182,33,3,5,2.3255
5034,山西省,隰县博物馆,文化文物系统国有博物馆,未定级,否,587,172,1,0,0
5035,山西省,夏县博物馆,文化文物系统国有博物馆,未定级,是,2528,159,8,7,7.68
5036,山西省,襄汾县博物馆,文化文物系统国有博物馆,未定级,是,11673,490,2,3,0.125
5037,山西省,襄垣县文物博物馆,文化文物系统国有博物馆,未定级,否,39208,327,0,1,0
5038,山西省,孝义市博物馆,文化文物系统国有博物馆,未定级,是,4249,3078,8,35,1.7705
5039,山西省,孝义市清玉戏曲艺术博物馆,非国有博物馆,未定级,是,305,0,2,3,1.487
5040,山西省,孝义市杏野砂器民俗博物馆,非国有博物馆,未定级,是,308,0,1,3,0.21
5041,山西省,忻州九源古陶瓷博物馆,非国有博物馆,未定级,是,325,0,4,0,1.1023
5042,山西省,忻州市博物馆,文化文物系统国有博物馆,二级,是,6138,98,6,74,15.8273
5043,山西省,忻州紫庐茶具博物馆,非国有博物馆,未定级,是,339,0,3,4,4.786
5044,山西省,新绛县博物馆,文化文物系统国有博物馆,未定级,是,1482,416,2,16,2.3
5045,山西省,兴县四·八烈士纪念馆,文化文物系统国有博物馆,未定级,是,73,0,1,10,39.6008
5046,山西省,徐向前元帅纪念馆,文化文物系统国有博物馆,未定级,是,4,0,1,800,26.8425
5047,山西省,阳城县文物博物馆,文化文物系统国有博物馆,未定级,是,4019,902,4,1,0.0316
5048,山西省,阳曲博物馆,文化文物系统国有博物馆,未定级,是,16161,0,3,0,0.1524
5049,山西省,阳泉市博物馆,文化文物系统国有博物馆,二级,是,2769,269,9,135,9.5475
5050,山西省,阳泉市革命烈士纪念馆,其他行业国有博物馆,未定级,是,169,0,1,5,0.3
5051,山西省,翼城县博物馆,文化文物系统国有博物馆,未定级,是,2430,260,1,41,2.1252
5052,山西省,永和县黄河文化民俗博物馆,非国有博物馆,未定级,是,376,0,2,2,0.0586
5053,山西省,永济市百佛阁博物馆,非国有博物馆,未定级,是,1800,0,8,0,1
5054,山西省,永济市博物馆,文化文物系统国有博物馆,未定级,是,3559,596,6,4,5.38
5055,山西省,永济市红色文物博物馆,非国有博物馆,未定级,是,700,0,2,30,0.4
5056,山西省,永济市蒲津渡与蒲州故城遗址博物馆,文化文物系统国有博物馆,未定级,是,15,0,1,53,29.46
5057,山西省,永济市五老峰民俗博物馆,非国有博物馆,未定级,是,568,0,6,12,2.268
5058,山西省,右玉县博物馆,文化文物系统国有博物馆,未定级,是,1532,323,1,196,6.3364
5059,山西省,榆社县化石博物馆,文化文物系统国有博物馆,二级,是,2588,242,6,24,11.8309
5060,山西省,垣曲县博物馆,文化文物系统国有博物馆,未定级,是,8603,160,7,16,8.6
5061,山西省,垣曲县革命老区纪念馆,非国有博物馆,三级,是,1500,0,17,26,12.49
5062,山西省,垣曲县中条山抗战纪念馆,非国有博物馆,三级,是,2200,0,7,14,5.01
5063,山西省,原平市博物馆,文化文物系统国有博物馆,未定级,是,2107,1540,5,31,2.8324
5064,山西省,云冈石窟博物馆,文化文物系统国有博物馆,未定级,是,458,222,5,6,89.6052
5065,山西省,运城博物馆,文化文物系统国有博物馆,一级,是,10729,418,11,75,101.4778
5066,山西省,运城市国泰艺术博物馆,非国有博物馆,未定级,是,330,0,1,0,0.005
5067,山西省,运城市新民博物馆,非国有博物馆,未定级,是,1500,0,1,0,0.0476
5068,山西省,运城市盐湖区博物馆,文化文物系统国有博物馆,二级,是,8707,177,5,83,9.86
5069,山西省,运城市盐湖区河东池盐博物馆,文化文物系统国有博物馆,未定级,是,1974,0,1,135,6.3125
5070,山西省,长治市博物馆,文化文物系统国有博物馆,二级,是,25707,1152,4,35,17.5396
5071,山西省,长治市潞城区文物博物馆,文化文物系统国有博物馆,未定级,是,12584,67,2,3,3.5271
5072,山西省,长治市潞州区老顶山古今农具文物博物馆,非国有博物馆,未定级,是,556,0,1,3,0.4958
5073,山西省,长治市潞州区文物保护工作中心,文化文物系统国有博物馆,未定级,是,6183,0,0,0,0
5074,山西省,长治市民俗博物馆,文化文物系统国有博物馆,未定级,否,129,48,2,10,7.0181
5075,山西省,长治市上党区八义窑红绿彩博物馆,非国有博物馆,未定级,是,490,0,3,12,2.896
5076,山西省,长治市上党区民俗文化博物馆,非国有博物馆,未定级,是,306,0,4,0,0.0351
5077,山西省,长治市上党区戏曲博物馆,非国有博物馆,未定级,是,600,0,2,0,1.4326
5078,山西省,长治自盛李记堆锦博物馆,非国有博物馆,未定级,是,480,0,4,25,14.9864
5079,山西省,长子县文物保护中心,文化文物系统国有博物馆,未定级,是,1990,295,1,1,0.075
5080,山西省,赵树理故居陈列馆,其他行业国有博物馆,未定级,是,126,0,1,34,0.0585
5081,山西省,中国煤炭博物馆,其他行业国有博物馆,一级,否,32224,0,3,20,17.0618
5082,山西省,中阳县闹泥民俗博物馆,非国有博物馆,未定级,是,320,0,1,10,0.403
5083,山西省,左权县东方酒器博物馆,非国有博物馆,未定级,是,2945,0,1,3,2.8012
5084,山西省,左权县苗世明藏报博物馆,非国有博物馆,未定级,是,510,0,4,1,5.0509
5085,山西省,左权县文史博物馆,非国有博物馆,未定级,是,2730,0,3,3,2.1072
5086,陕西省,安康博物馆,文化文物系统国有博物馆,二级,是,3999,928,13,252,22.6723
5087,陕西省,安康三宝堂民俗博物馆,非国有博物馆,未定级,是,345,0,2,0,0.3261
5088,陕西省,安康市藏一角博物馆,文化文物系统国有博物馆,未定级,是,2632,0,10,25,0.9253
5089,陕西省,安吴青年训练班纪念馆,文化文物系统国有博物馆,未定级,是,134,0,2,109,12.8509
5090,陕西省,八路军西安办事处纪念馆,文化文物系统国有博物馆,二级,是,665,223,6,184,60.6567
5091,陕西省,白水仓颉庙博物馆,文化文物系统国有博物馆,未定级,否,17,16,1,90,13
5092,陕西省,宝鸡北首岭博物馆,文化文物系统国有博物馆,未定级,否,324,127,3,51,1.7561
5093,陕西省,宝鸡方圆青铜陶艺博物馆,非国有博物馆,未定级,是,303,0,1,1,0.1
5094,陕西省,宝鸡聚旺博物馆,非国有博物馆,未定级,是,456,0,1,4,0.2599
5095,陕西省,宝鸡民俗博物馆,文化文物系统国有博物馆,三级,是,1249,0,1,23,4.765
5096,陕西省,宝鸡乾坤古珍博物馆,非国有博物馆,未定级,是,310,0,1,2,0.06
5097,陕西省,宝鸡青铜器博物院,文化文物系统国有博物馆,一级,是,487423,3318,11,85,115.3566
5098,陕西省,宝鸡市宝天铁路烈士纪念碑管理处,其他行业国有博物馆,未定级,是,12,0,1,0,3.195
5099,陕西省,宝鸡市陈仓区博物馆,文化文物系统国有博物馆,未定级,是,13531,469,8,6,0.3588
5100,陕西省,宝鸡市大唐秦王陵文物管理所,文化文物系统国有博物馆,未定级,否,151,0,2,4,3.8
5101,陕西省,宝鸡市凤翔区博物馆,文化文物系统国有博物馆,三级,是,11299,1188,1,22,17.39
5102,陕西省,宝鸡市渭滨区博物馆,文化文物系统国有博物馆,未定级,是,1999,220,1,1,0.7388
5103,陕西省,宝鸡太白山佛教艺术博物馆,非国有博物馆,未定级,是,500,0,1,0,0.03
5104,陕西省,宝鸡天喜自然博物馆,非国有博物馆,未定级,是,433,0,2,21,0.76
5105,陕西省,宝鸡天雅古陶博物馆,非国有博物馆,未定级,是,350,0,1,12,0.12
5106,陕西省,宝鸡先秦陵园博物馆,文化文物系统国有博物馆,三级,否,598,97,3,23,4.2346
5107,陕西省,宝鸡周原博物院,文化文物系统国有博物馆,二级,是,4097,1072,1,33,4.0468
5108,陕西省,保安革命旧址纪念馆,文化文物系统国有博物馆,未定级,是,594,163,6,4,14.5
5109,陕西省,彬州市大佛寺石窟博物馆,文化文物系统国有博物馆,未定级,否,0,0,1,24,9.5623
5110,陕西省,城固县博物馆,文化文物系统国有博物馆,二级,是,4508,328,10,10,23.5
5111,陕西省,城固县张骞纪念馆,文化文物系统国有博物馆,未定级,否,69,3,1,10,23.5
5112,陕西省,澄城县博物馆,文化文物系统国有博物馆,三级,是,5136,164,12,23,9.85
5113,陕西省,淳化县文博馆,文化文物系统国有博物馆,未定级,是,2813,258,2,16,1.855
5114,陕西省,淳化县爷台山文物管理所,文化文物系统国有博物馆,未定级,是,63,0,2,20,11
5115,陕西省,大荔县金明民俗博物馆,非国有博物馆,未定级,是,10200,0,3,1,0.6
5116,陕西省,大明宫遗址博物馆,其他行业国有博物馆,二级,否,212,0,5,83,64.3276
5117,陕西省,丹凤县博物馆,文化文物系统国有博物馆,未定级,是,1277,26,2,11,4.1564
5118,陕西省,邓宝珊将军纪念馆,文化文物系统国有博物馆,未定级,是,367,0,1,6,0.62
5119,陕西省,定边三边古陶瓷博物馆,非国有博物馆,未定级,是,615,0,0,0,0
5120,陕西省,定边县博物馆,文化文物系统国有博物馆,未定级,是,705,160,1,15,2.1
5121,陕西省,法门寺博物馆,文化文物系统国有博物馆,一级,否,9439,223,15,41,74.85
5122,陕西省,丰镐遗址车马坑陈列馆,文化文物系统国有博物馆,未定级,是,53,0,1,3,0.2527
5123,陕西省,凤县博物馆,文化文物系统国有博物馆,未定级,是,1400,149,2,30,1.128
5124,陕西省,凤县革命纪念馆,文化文物系统国有博物馆,未定级,是,185,0,3,7,3.2066
5125,陕西省,扶风县博物馆,文化文物系统国有博物馆,三级,是,11344,1017,11,63,13.0421
5126,陕西省,扶眉战役纪念馆,其他行业国有博物馆,未定级,是,459,0,6,20,25.0475
5127,陕西省,佛坪县秦岭人与自然博物馆,其他行业国有博物馆,未定级,否,300,0,2,4,2.39
5128,陕西省,茯茶文化博物馆,其他行业国有博物馆,未定级,是,314,0,1,10,1.87
5129,陕西省,府谷县富昌博物馆,非国有博物馆,未定级,是,3077,0,1,13,1.2
5130,陕西省,府谷县古生物化石博物馆,文化文物系统国有博物馆,未定级,是,2252,86,1,27,9
5131,陕西省,府谷县红色文化博物馆,非国有博物馆,未定级,是,4982,0,8,0,4.2185
5132,陕西省,府谷县荣河博物馆,非国有博物馆,未定级,是,1577,0,7,30,11.05
5133,陕西省,富平习仲勋纪念馆,其他行业国有博物馆,未定级,是,202,0,1,236,313
5134,陕西省,富平县频阳博物馆,非国有博物馆,未定级,是,5023,0,6,4,6.7899
5135,陕西省,富平县文庙博物馆,文化文物系统国有博物馆,未定级,是,1808,163,0,0,0
5136,陕西省,富县鄜州博物馆,文化文物系统国有博物馆,未定级,是,1891,275,4,20,13.6849
5137,陕西省,甘泉县博物馆,文化文物系统国有博物馆,三级,否,2125,404,2,11,7.7515
5138,陕西省,葛牌镇区苏维埃政府纪念馆,文化文物系统国有博物馆,未定级,是,60,17,1,24,19.8342
5139,陕西省,郭秀明纪念馆,其他行业国有博物馆,未定级,是,0,0,2,75,0.3394
5140,陕西省,韩城市博物馆,文化文物系统国有博物馆,三级,否,12622,184,3,35,5.28
5141,陕西省,韩城市大禹庙博物馆,文化文物系统国有博物馆,未定级,否,12,0,1,0,0.2855
5142,陕西省,韩城市梁带村芮国遗址博物馆,文化文物系统国有博物馆,二级,否,4745,519,1,15,3.4506
5143,陕西省,韩城市普照寺博物馆,文化文物系统国有博物馆,未定级,否,1,0,1,0,0.7999
5144,陕西省,韩城市司马迁墓祠博物馆,文化文物系统国有博物馆,未定级,否,47,0,5,57,2.7
5145,陕西省,汉滨区金洲美食博物馆,非国有博物馆,未定级,是,335,0,1,0,1.8532
5146,陕西省,汉景帝阳陵博物院,文化文物系统国有博物馆,一级,否,7884,944,19,43,40.5659
5147,陕西省,汉阴县凤堰古梯田移民生态博物馆,文化文物系统国有博物馆,未定级,是,600,0,4,8,18.534
5148,陕西省,汉阴县三沈纪念馆,文化文物系统国有博物馆,未定级,是,268,47,8,8,8.892
5149,陕西省,汉阴县石叁珍蘑菇宴餐饮博物馆,非国有博物馆,未定级,是,449,0,1,0,4.3
5150,陕西省,汉长安城未央宫遗址陈列馆,文化文物系统国有博物馆,未定级,是,223,18,1,13,0.4289
5151,陕西省,汉中民俗博物馆,非国有博物馆,未定级,是,3600,0,1,0,1.6
5152,陕西省,汉中市博物馆,文化文物系统国有博物馆,一级,是,13800,480,17,23,101.34
5153,陕西省,汉中市川陕革命根据地纪念馆,文化文物系统国有博物馆,未定级,是,520,0,3,22,16.5
5154,陕西省,合阳县博物馆,文化文物系统国有博物馆,未定级,是,1166,69,6,32,9.004
5155,陕西省,华清池唐华清宫御汤遗址博物馆,其他行业国有博物馆,未定级,否,3115,38,1,9,419.9892
5156,陕西省,黄河流域民俗艺术博物馆,非国有博物馆,未定级,是,33600,0,1,1,0.502
5157,陕西省,黄龙县文物管理所,文化文物系统国有博物馆,未定级,是,1499,167,6,30,4.8
5158,陕西省,佳县赤牛坬民俗博物馆,非国有博物馆,未定级,否,150000,0,7,4,28
5159,陕西省,交大西迁博物馆,其他行业国有博物馆,二级,是,2294,0,9,35,20.6
5160,陕西省,泾阳县博物馆,文化文物系统国有博物馆,未定级,是,983,174,3,15,1.9692
5161,陕西省,靖边大夏钱币博物馆,非国有博物馆,未定级,是,20000,0,3,6,20.1396
5162,陕西省,靖边红色收藏博物馆,非国有博物馆,未定级,是,500,0,6,20,0.1
5163,陕西省,靖边县博物馆,文化文物系统国有博物馆,未定级,是,7124,385,1,0,0.8
5164,陕西省,军委二局安塞纪念馆,文化文物系统国有博物馆,未定级,是,90,0,1,11,1.305
5165,陕西省,军用航空科技博物馆,其他行业国有博物馆,未定级,是,410,0,8,10,1.4429
5166,陕西省,空军军医大学国际口腔医学博物馆,其他行业国有博物馆,未定级,是,8629,0,16,16,1.8427
5167,陕西省,蓝田水陆庵壁塑博物馆,文化文物系统国有博物馆,未定级,是,16,5,1,16,106.3634
5168,陕西省,蓝田县蔡文姬纪念馆,文化文物系统国有博物馆,未定级,是,9,5,7,17,7.2225
5169,陕西省,蓝田县汪锋故居纪念馆,文化文物系统国有博物馆,未定级,是,21,0,1,325,8.48
5170,陕西省,蓝田猿人遗址博物馆,文化文物系统国有博物馆,未定级,是,108,0,1,4,26.4948
5171,陕西省,麟游县博物馆,文化文物系统国有博物馆,未定级,是,1803,432,0,0,0
5172,陕西省,陇县博物馆,文化文物系统国有博物馆,三级,是,4328,921,1,120,3
5173,陕西省,洛川会议纪念馆,文化文物系统国有博物馆,三级,是,251,25,3,16,9.87
5174,陕西省,洛川县博物馆,文化文物系统国有博物馆,三级,是,4122,831,5,26,1.6462
5175,陕西省,洛川县黄土国家地质公园管理处,其他行业国有博物馆,未定级,是,0,0,1,1,1.02
5176,陕西省,洛南县博物馆,文化文物系统国有博物馆,三级,是,4908,195,13,45,10.05
5177,陕西省,略阳县江神庙民俗博物馆,文化文物系统国有博物馆,未定级,是,655,112,1,6,1.6003
5178,陕西省,略阳县灵岩寺博物馆,文化文物系统国有博物馆,未定级,否,130,44,4,6,12.1066
5179,陕西省,马栏革命纪念馆,文化文物系统国有博物馆,未定级,是,268,0,1,135,29
5180,陕西省,茂陵博物馆,文化文物系统国有博物馆,二级,否,4892,697,10,136,52.1
5181,陕西省,眉县博物馆,文化文物系统国有博物馆,二级,是,2335,635,3,8,11.3087
5182,陕西省,米脂县博物馆,文化文物系统国有博物馆,二级,否,2826,378,9,38,6.1325
5183,陕西省,米脂县杨家沟革命纪念馆,文化文物系统国有博物馆,未定级,是,575,37,2,1,25
5184,陕西省,勉县武侯祠博物馆,文化文物系统国有博物馆,三级,否,631,0,8,20,27.6336
5185,陕西省,勉县武侯墓博物馆,文化文物系统国有博物馆,未定级,否,71,0,8,25,12.6059
5186,陕西省,南郑谷林博物馆,非国有博物馆,未定级,是,318,0,1,0,0.13
5187,陕西省,宁强县博物馆,文化文物系统国有博物馆,未定级,是,3960,101,12,16,12
5188,陕西省,平利县秦楚农耕博物馆,非国有博物馆,未定级,是,203,0,1,3,1.85
5189,陕西省,蒲城县博物馆,文化文物系统国有博物馆,三级,是,4730,522,5,22,19.5839
5190,陕西省,蒲城县惠陵文物管理所（惠陵博物馆）,文化文物系统国有博物馆,未定级,否,43,14,1,26,0.7831
5191,陕西省,蒲城县李仪祉纪念馆,非国有博物馆,未定级,是,304,0,1,2,0.115
5192,陕西省,蒲城县清代考院博物馆,文化文物系统国有博物馆,未定级,否,1049,99,2,41,17.2508
5193,陕西省,蒲城县税收博物馆,其他行业国有博物馆,未定级,是,219,0,2,30,0.7638
5194,陕西省,蒲城县王鼎纪念馆,文化文物系统国有博物馆,未定级,是,49,29,6,8,12.15
5195,陕西省,蒲城县杨虎城将军纪念馆,文化文物系统国有博物馆,未定级,是,144,25,2,15,24.5939
5196,陕西省,岐山县博物馆,文化文物系统国有博物馆,未定级,是,6475,575,2,5,0.116
5197,陕西省,岐山县五丈原诸葛亮庙博物馆,文化文物系统国有博物馆,未定级,否,0,0,2,0,10.71
5198,陕西省,岐山县周原博物馆,文化文物系统国有博物馆,未定级,是,1546,355,1,5,0.2306
5199,陕西省,乾陵博物馆,文化文物系统国有博物馆,一级,否,3625,1741,14,125,116.2
5200,陕西省,乾县人文历史博物馆,文化文物系统国有博物馆,未定级,是,428,18,2,20,6.3
5201,陕西省,秦都古陶博物馆,非国有博物馆,未定级,是,487,0,9,7,2.3
5202,陕西省,秦都红色记忆博物馆,非国有博物馆,未定级,是,470,0,4,30,1.3
5203,陕西省,秦都厚天博物馆,非国有博物馆,未定级,是,860,0,4,16,6.8951
5204,陕西省,秦二世陵遗址博物馆,其他行业国有博物馆,未定级,是,124,60,1,2,4.5446
5205,陕西省,秦岭博物馆 商洛市博物馆(市考古队),文化文物系统国有博物馆,三级,是,6151,190,5,64,48.2
5206,陕西省,秦始皇帝陵博物院（秦始皇兵马俑博物馆）,文化文物系统国有博物馆,一级,否,7613,2199,15,165,1161.0408
5207,陕西省,秦咸阳宫遗址博物馆,文化文物系统国有博物馆,未定级,是,800,132,2,60,2.2
5208,陕西省,清涧县博物馆,文化文物系统国有博物馆,未定级,是,15300,374,1,3,1.5961
5209,陕西省,三原县博物馆,文化文物系统国有博物馆,三级,否,2833,581,9,18,32
5210,陕西省,三原县周家大院民俗博物馆,文化文物系统国有博物馆,未定级,否,197,0,1,4,8.2705
5211,陕西省,山阳县博物馆,文化文物系统国有博物馆,未定级,是,1153,44,2,5,7.2
5212,陕西省,陕北民歌博物馆,文化文物系统国有博物馆,未定级,是,6446,0,2,4,18.1099
5213,陕西省,陕北民俗博物馆,文化文物系统国有博物馆,未定级,是,7282,0,15,2,12.2518
5214,陕西省,陕甘边革命根据地照金纪念馆,其他行业国有博物馆,一级,是,4006,41,9,83,82.1
5215,陕西省,陕甘宁边区革命英烈纪念馆（延安四八烈士陵园管理处）,其他行业国有博物馆,未定级,是,96,0,1,0,3.792
5216,陕西省,陕甘宁边区银行纪念馆,其他行业国有博物馆,未定级,是,505,207,1,44,2.3
5217,陕西省,陕西观止文化艺术博物馆,非国有博物馆,未定级,是,20000,0,3,14,2.3
5218,陕西省,陕西汉唐石刻博物馆,非国有博物馆,三级,否,1130,0,13,55,8.9479
5219,陕西省,陕西华厦古代艺术博物馆,非国有博物馆,未定级,是,919,0,6,3,2.5
5220,陕西省,陕西黄河文化博物馆,文化文物系统国有博物馆,未定级,是,1896,190,5,52,36.8651
5221,陕西省,陕西考古博物馆,文化文物系统国有博物馆,未定级,是,4101,1964,2,49,63.855
5222,陕西省,陕西科技大学轻工业博物馆,其他行业国有博物馆,三级,是,8731,0,6,17,2.359
5223,陕西省,陕西科学技术馆,其他行业国有博物馆,未定级,是,110,0,3,287,28.6939
5224,陕西省,陕西历史博物馆,文化文物系统国有博物馆,一级,是,110449,20823,16,645,495.3274
5225,陕西省,陕西亮宝楼艺术博物馆,非国有博物馆,未定级,是,3038,0,55,40,9.1251
5226,陕西省,陕西钱币博物馆,其他行业国有博物馆,未定级,是,42888,0,0,0,0
5227,陕西省,陕西三原于右任纪念馆,文化文物系统国有博物馆,未定级,是,349,0,4,4,10.4979
5228,陕西省,陕西省留坝县张良庙博物馆,文化文物系统国有博物馆,未定级,否,187,28,5,10,16.7865
5229,陕西省,陕西省勉县博物馆,文化文物系统国有博物馆,未定级,是,2496,0,1,9,2.19
5230,陕西省,陕西省蒲城县林则徐纪念馆,非国有博物馆,未定级,否,305,0,6,50,4.2
5231,陕西省,陕西师范大学博物馆,其他行业国有博物馆,未定级,是,3836,82,8,13,2.1
5232,陕西省,陕西水利博物馆,其他行业国有博物馆,三级,是,742,3,7,12,9.1
5233,陕西省,陕西司马迁史记博物馆,非国有博物馆,未定级,是,710,2,3,0,0.1
5234,陕西省,陕西唐三彩艺术博物馆,非国有博物馆,二级,否,1321,0,6,38,13.5807
5235,陕西省,陕西体育博物馆,其他行业国有博物馆,未定级,是,2631,1,2,40,0.3748
5236,陕西省,陕西万达博物院,非国有博物馆,未定级,是,1224,0,2,0,2.0247
5237,陕西省,陕西榆林尚古博物馆,非国有博物馆,未定级,是,505,0,3,0,0
5238,陕西省,陕西元阳文化博物馆,非国有博物馆,未定级,是,360,0,0,0,0
5239,陕西省,陕西中医药博物馆,其他行业国有博物馆,二级,是,26623,75,9,8,4.5
5240,陕西省,陕西自然博物馆,其他行业国有博物馆,一级,否,24020,0,20,972,127.7975
5241,陕西省,商洛市商州区博物馆,文化文物系统国有博物馆,未定级,否,5478,384,0,0,0
5242,陕西省,商南县博物馆,文化文物系统国有博物馆,未定级,是,404,14,3,6,1.41
5243,陕西省,神木古麟州博物馆,非国有博物馆,未定级,是,7000,0,3,0,0.108
5244,陕西省,神木锦界红色记忆博物馆,非国有博物馆,未定级,是,545,0,4,3,3.58
5245,陕西省,神木乔岔滩博物馆,非国有博物馆,未定级,是,508,0,3,5,1.2
5246,陕西省,神木市公共文化活动中心（神木市博物馆、神木展览馆）,文化文物系统国有博物馆,未定级,是,10717,1226,4,63,7.4
5247,陕西省,神木市神府革命纪念馆,其他行业国有博物馆,未定级,是,581,0,2,13,2.4
5248,陕西省,石泉县博物馆,文化文物系统国有博物馆,未定级,是,439,41,1,20,5.3653
5249,陕西省,苏武纪念馆,文化文物系统国有博物馆,未定级,是,11,0,4,310,18.1
5250,陕西省,绥德革命纪念馆,其他行业国有博物馆,二级,是,828,0,8,22,28
5251,陕西省,绥德县博物馆,文化文物系统国有博物馆,三级,是,4413,803,5,10,10.8
5252,陕西省,铜川博物馆（铜川市考古研究所）,文化文物系统国有博物馆,二级,是,6357,536,9,83,16.7324
5253,陕西省,铜川市陈炉古镇生态博物馆,文化文物系统国有博物馆,未定级,是,0,0,1,6,54.3
5254,陕西省,铜川市玄奘纪念馆,文化文物系统国有博物馆,三级,否,237,103,2,9,2.85
5255,陕西省,铜川市耀州区博物馆,文化文物系统国有博物馆,未定级,是,2300,344,4,7,1.2239
5256,陕西省,潼关酱菜博物馆,非国有博物馆,未定级,是,400,0,2,0,2.68
5257,陕西省,潼关交通博物馆,其他行业国有博物馆,未定级,是,146,0,6,0,2.65
5258,陕西省,潼关县博物馆,文化文物系统国有博物馆,三级,是,1717,64,3,7,17.8
5259,陕西省,潼关县秦王寨历史博物馆,非国有博物馆,未定级,是,702,0,2,0,4.117
5260,陕西省,瓦窑堡革命旧址纪念馆,文化文物系统国有博物馆,未定级,是,520,187,8,60,5.5248
5261,陕西省,渭华起义纪念馆,文化文物系统国有博物馆,未定级,是,176,151,5,246,17
5262,陕西省,渭南市博物馆,文化文物系统国有博物馆,二级,是,3461,9,6,212,25.6644
5263,陕西省,渭南市华州区明清皮影博物馆,非国有博物馆,未定级,是,515,0,1,230,7.6
5264,陕西省,渭南市临渭区博物馆,文化文物系统国有博物馆,未定级,是,3104,113,3,16,1.893
5265,陕西省,渭南市临渭区孚道博物馆,非国有博物馆,未定级,是,310,0,1,0,1.5
5266,陕西省,吴起革命纪念馆,文化文物系统国有博物馆,未定级,是,1098,202,3,48,13
5267,陕西省,西安半坡博物馆,文化文物系统国有博物馆,一级,否,24446,4266,3,354,24.25
5268,陕西省,西安碑林博物馆,文化文物系统国有博物馆,一级,否,14568,2322,7,220,108.8999
5269,陕西省,西安博物院,文化文物系统国有博物馆,一级,是,114643,11749,7,107,296.7943
5270,陕西省,西安柴窑文化博物馆,非国有博物馆,未定级,是,1110,0,6,36,6.3656
5271,陕西省,西安浐灞生态区城建博物馆,其他行业国有博物馆,未定级,是,375,0,0,0,0
5272,陕西省,西安大华博物馆,其他行业国有博物馆,未定级,是,9341,0,3,60,9.0189
5273,陕西省,西安大唐西市博物馆,非国有博物馆,一级,是,22534,0,12,97,9.07
5274,陕西省,西安高陵奇石博物馆,非国有博物馆,未定级,是,560,0,6,31,5.6781
5275,陕西省,西安高陵钱币博物馆,非国有博物馆,未定级,是,11004,0,4,9,2.0113
5276,陕西省,西安工程大学纺织服装博物馆,其他行业国有博物馆,未定级,是,1500,0,1,0,0.3555
5277,陕西省,西安关中民俗艺术博物院,非国有博物馆,未定级,否,53820,0,3,246,18.162
5278,陕西省,西安海棠职业学院中医美容博物馆,非国有博物馆,未定级,是,636,0,2,15,2.123
5279,陕西省,西安汉风水务博物馆,其他行业国有博物馆,未定级,否,70,27,3,0,0.8389
5280,陕西省,西安户邑民间艺术博物馆,非国有博物馆,未定级,是,570,0,3,34,5.3776
5281,陕西省,西安皇家艺术博物馆,非国有博物馆,未定级,是,703,0,1,5,1.862
5282,陕西省,西安建筑科技大学贾平凹文学艺术馆,其他行业国有博物馆,未定级,是,15200,0,10,6,2.4
5283,陕西省,西安建筑科技大学音乐史博物馆,其他行业国有博物馆,未定级,是,925,0,0,0,0
5284,陕西省,西安健康博物馆,非国有博物馆,未定级,是,305,0,6,5,2.56
5285,陕西省,西安交通大学博物馆,其他行业国有博物馆,二级,是,4939,0,13,24,18.58
5286,陕西省,西安交通大学附属中学博物馆,非国有博物馆,未定级,是,377,13,2,50,0.212
5287,陕西省,西安锦业美术博物馆,非国有博物馆,未定级,是,310,0,11,16,2.9
5288,陕西省,西安经文牛文化陶瓷博物馆,非国有博物馆,未定级,否,1950,0,1,5,0.8965
5289,陕西省,西安毛泽东敬览馆,非国有博物馆,未定级,是,600,0,0,0,0
5290,陕西省,西安美都博物馆,非国有博物馆,未定级,是,1000,0,3,4,1.905
5291,陕西省,西安美术学院美术博物馆,其他行业国有博物馆,未定级,是,3231,0,7,12,1
5292,陕西省,西安秦砖汉瓦博物馆,非国有博物馆,二级,否,3075,0,7,218,6.9312
5293,陕西省,西安曲江富陶国际陶艺博物馆,非国有博物馆,未定级,是,1467,0,13,31,7.0577
5294,陕西省,西安曲江艺术博物馆,非国有博物馆,二级,否,1972,0,8,187,16.2131
5295,陕西省,西安市城市记忆博物馆,非国有博物馆,未定级,是,1000,0,3,4,2.3147
5296,陕西省,西安市城市影像博物馆,非国有博物馆,未定级,是,401,0,5,4,9.1085
5297,陕西省,西安市大唐青铜镜博物馆,非国有博物馆,未定级,是,600,0,6,12,2.3298
5298,陕西省,西安市大玉坊博物馆,非国有博物馆,未定级,是,100000,0,8,3,26.9635
5299,陕西省,西安市德江陶瓷模范标本博物馆,非国有博物馆,未定级,是,849,0,4,8,20.2337
5300,陕西省,西安市非物质文化遗产博物馆,其他行业国有博物馆,未定级,是,1973,0,6,15,5.58
5301,陕西省,西安市沣峪口老油坊博物馆,非国有博物馆,未定级,是,407,0,2,3,1.2002
5302,陕西省,西安市高家大院古典服饰博物馆,非国有博物馆,三级,是,324,0,8,35,15.3681
5303,陕西省,西安市高陵区博物馆,文化文物系统国有博物馆,未定级,是,448,32,6,11,5.79
5304,陕西省,西安市高陵区防震减灾科普馆,其他行业国有博物馆,未定级,是,56,0,1,2,0.08
5305,陕西省,西安市高陵区西北人民革命大学旧址博物馆,文化文物系统国有博物馆,未定级,是,500,0,1,0,2.6394
5306,陕西省,西安市高陵区祥顺博物馆,非国有博物馆,未定级,是,577,0,1,1,0.04
5307,陕西省,西安市镐金古金银铜器博物馆,非国有博物馆,未定级,否,302,0,4,3,0.95
5308,陕西省,西安市古琴博物馆,非国有博物馆,未定级,是,424,0,5,65,5.501
5309,陕西省,西安市古陶瓷博物馆,非国有博物馆,未定级,是,304,0,8,3,0.1473
5310,陕西省,西安市红色体育博物馆,非国有博物馆,未定级,是,677,0,1,5,1.072
5311,陕西省,西安市鄠邑区非物质文化遗产博物馆,其他行业国有博物馆,未定级,是,399,0,1,0,3.877
5312,陕西省,西安市鄠邑区钟楼博物馆,文化文物系统国有博物馆,未定级,是,5713,510,3,5,8.7916
5313,陕西省,西安市华夏匾额博物馆,非国有博物馆,未定级,是,300,0,2,36,3
5314,陕西省,西安市黄土画派美术博物馆,非国有博物馆,未定级,是,318,0,5,3,3.2198
5315,陕西省,西安市吉兆春皮肤医药博物馆,非国有博物馆,未定级,是,648,0,5,6,1.3
5316,陕西省,西安市蓝田玉文化博物馆,非国有博物馆,未定级,是,622,0,7,8,3.5
5317,陕西省,西安市临潼区扁鹊纪念馆,文化文物系统国有博物馆,未定级,是,375,0,3,39,3.9703
5318,陕西省,西安市临潼区博物馆,文化文物系统国有博物馆,三级,是,17709,1399,5,65,8.5887
5319,陕西省,西安市临潼区鸿门宴博物馆,文化文物系统国有博物馆,未定级,否,241,0,3,6,2.9787
5320,陕西省,西安市明清皮影艺术博物馆,非国有博物馆,未定级,否,300,0,1,60,2.7184
5321,陕西省,西安市起良蔡侯纸博物馆,非国有博物馆,未定级,是,630,0,2,204,5.6006
5322,陕西省,西安市荞麦园美术博物馆,非国有博物馆,未定级,是,546,1,0,0,0
5323,陕西省,西安市秦阿房宫遗址博物馆,文化文物系统国有博物馆,未定级,是,26,0,1,4,0.4548
5324,陕西省,西安市青龙寺遗址博物馆,文化文物系统国有博物馆,未定级,是,82,12,2,27,44.3326
5325,陕西省,西安市曲江第二小学儿童博物馆,其他行业国有博物馆,未定级,是,499,0,20,6,0.886
5326,陕西省,西安市曲江红色记忆博物馆,非国有博物馆,未定级,是,1109,0,2,50,3.29
5327,陕西省,西安市曲江丝路遗珍博物馆,非国有博物馆,未定级,是,724,0,4,0,0
5328,陕西省,西安市圣普美术博物馆,非国有博物馆,未定级,是,300,0,7,7,3.4309
5329,陕西省,西安市石仟佛造像艺术博物馆,非国有博物馆,未定级,否,301,0,1,0,0.0312
5330,陕西省,西安市水墨长安艺术博物馆,非国有博物馆,二级,是,1605,0,7,17,8.7232
5331,陕西省,西安市太和医室博物馆,非国有博物馆,未定级,是,442,0,1,0,0.72
5332,陕西省,西安市太乙面食文化博物馆,非国有博物馆,未定级,是,341,0,2,1,0.0274
5333,陕西省,西安市团结民俗博物馆,非国有博物馆,未定级,是,360,0,0,0,0
5334,陕西省,西安市惟德玉文化博物馆,非国有博物馆,未定级,是,300,0,6,25,4.1719
5335,陕西省,西安市文物交流中心（西安市民俗博物馆）,文化文物系统国有博物馆,未定级,是,306,0,2,15,6.3195
5336,陕西省,西安市新美域和镜博物馆,非国有博物馆,未定级,是,300,0,4,20,3.3369
5337,陕西省,西安市新梦想影业博物馆,非国有博物馆,未定级,是,1012,0,2,20,3.3323
5338,陕西省,西安市新源民俗艺术博物馆,非国有博物馆,未定级,是,305,0,5,27,3.6032
5339,陕西省,西安市羊文化博物馆,非国有博物馆,二级,是,672,0,2,37,13.3379
5340,陕西省,西安市瑛煌关中婚俗文化博物馆,非国有博物馆,未定级,是,322,0,8,6,13.57
5341,陕西省,西安市云之翼航空博物馆,非国有博物馆,未定级,否,518,0,7,162,7.0926
5342,陕西省,西安市长安博物馆,文化文物系统国有博物馆,未定级,是,2800,361,1,23,1.1715
5343,陕西省,西安市长安民居博物馆,文化文物系统国有博物馆,未定级,否,392,0,0,0,0
5344,陕西省,西安市长安区杜甫纪念馆,文化文物系统国有博物馆,未定级,是,314,10,5,4,4.0215
5345,陕西省,西安市钟鼓楼博物馆,文化文物系统国有博物馆,三级,否,521,184,6,67,270.1337
5346,陕西省,西安事变纪念馆,文化文物系统国有博物馆,二级,是,268,153,8,42,98.2842
5347,陕西省,西安唐都新碑林艺术博物馆,非国有博物馆,未定级,是,119,0,6,15,2.6116
5348,陕西省,西安唐皇城墙含光门遗址博物馆,其他行业国有博物馆,二级,否,1498,0,9,21,145.4944
5349,陕西省,西安音乐学院艺术博物馆,其他行业国有博物馆,未定级,是,591,0,4,5,0.526
5350,陕西省,西安于右任故居博物馆,非国有博物馆,未定级,否,300,0,2,0,1.362
5351,陕西省,西安于右任书法艺术博物馆,非国有博物馆,未定级,是,433,0,2,3,0.271
5352,陕西省,西安源浩华藏博物馆,非国有博物馆,未定级,是,354,0,1,0,0
5353,陕西省,西安中国书法艺术博物馆,其他行业国有博物馆,未定级,是,2243,76,11,49,1.9116
5354,陕西省,西北大学博物馆,其他行业国有博物馆,未定级,是,20430,133,9,15,6.4898
5355,陕西省,西北农林科技大学农林博物院,其他行业国有博物馆,二级,否,2106428,12360,10,38,17.2889
5356,陕西省,西咸新区空港新城楼增良木雕艺术博物馆,非国有博物馆,未定级,是,1000,0,5,3,0.9349
5357,陕西省,西影电影博物馆,其他行业国有博物馆,三级,否,756,0,11,639,19
5358,陕西省,西岳庙博物馆,文化文物系统国有博物馆,二级,否,2060,290,8,73,35.0366
5359,陕西省,咸阳博物院,文化文物系统国有博物馆,一级,是,11744,5310,26,142,60.7636
5360,陕西省,咸阳墙体材料博物馆,其他行业国有博物馆,未定级,是,370,0,1,0,0.023
5361,陕西省,咸阳秦渭博物馆,非国有博物馆,未定级,是,700,0,3,2,0.8
5362,陕西省,咸阳清渭楼美术博物馆,非国有博物馆,二级,是,1235,0,19,15,20.6623
5363,陕西省,咸阳市秦都区沙河古桥遗址博物馆,文化文物系统国有博物馆,未定级,是,0,0,0,0,0
5364,陕西省,兴平市博物馆,文化文物系统国有博物馆,未定级,是,2169,213,3,3,0.52
5365,陕西省,兴平市杨贵妃墓博物馆,文化文物系统国有博物馆,三级,否,162,30,0,0,0
5366,陕西省,旬阳市博物馆,文化文物系统国有博物馆,三级,是,2717,308,7,54,9.7388
5367,陕西省,旬阳县红军纪念馆,文化文物系统国有博物馆,未定级,是,52,0,7,150,41
5368,陕西省,旬邑起义纪念馆,其他行业国有博物馆,未定级,是,35,0,5,5,4.356
5369,陕西省,旬邑县博物馆,文化文物系统国有博物馆,未定级,是,6607,263,8,40,5.99
5370,陕西省,旬邑县唐家民俗博物馆,文化文物系统国有博物馆,未定级,否,724,60,4,12,8.6098
5371,陕西省,延安北京知青博物馆,文化文物系统国有博物馆,未定级,是,5264,0,1,18,4.6365
5372,陕西省,延安杜公祠博物馆,其他行业国有博物馆,未定级,否,548,0,1,1,0.1098
5373,陕西省,延安凤凰山革命旧址管理处（中国人民抗日军政大学纪念馆）,文化文物系统国有博物馆,未定级,是,833,8,2,0,26.8577
5374,陕西省,延安革命纪念馆,文化文物系统国有博物馆,一级,是,37261,11556,9,16,237.255
5375,陕西省,延安南泥湾革命旧址纪念馆,文化文物系统国有博物馆,未定级,是,705,10,1,35,56.6159
5376,陕西省,延安南区合作社纪念馆,其他行业国有博物馆,未定级,是,450,19,1,0,0
5377,陕西省,延安市安塞区文化文物馆,文化文物系统国有博物馆,未定级,是,857,299,3,1,3.417
5378,陕西省,延安王家坪革命旧址管理处,文化文物系统国有博物馆,未定级,是,0,0,2,14,21
5379,陕西省,延安文艺纪念馆,文化文物系统国有博物馆,二级,是,32564,1490,38,43,54.3
5380,陕西省,延安新闻纪念馆,文化文物系统国有博物馆,三级,是,337,181,4,17,4.4965
5381,陕西省,延安杨家岭革命旧址管理处,文化文物系统国有博物馆,未定级,是,116,14,22,22,163
5382,陕西省,延安枣园革命旧址管理处,文化文物系统国有博物馆,未定级,是,534,0,1,48,199.3782
5383,陕西省,延川红军东征纪念馆,文化文物系统国有博物馆,未定级,是,184,0,1,26,6.25
5384,陕西省,延长县红军东征纪念馆,文化文物系统国有博物馆,未定级,是,0,0,0,0,0
5385,陕西省,杨震廉政博物馆,文化文物系统国有博物馆,未定级,是,38,0,3,10,4.2
5386,陕西省,洋县文物博物馆,文化文物系统国有博物馆,未定级,否,9078,324,0,0,0
5387,陕西省,药王山博物馆（孙思邈纪念馆）,文化文物系统国有博物馆,二级,否,387,188,14,42,53.18
5388,陕西省,耀州窑博物馆,文化文物系统国有博物馆,二级,是,2523,1209,5,30,10.7515
5389,陕西省,宜川县文物管理所（宜川县博物馆）,文化文物系统国有博物馆,未定级,是,763,200,2,32,5.53
5390,陕西省,宜君旱作梯田农业生态博物馆,其他行业国有博物馆,未定级,是,3,0,1,0,4.5
5391,陕西省,宜君县博物馆,文化文物系统国有博物馆,未定级,是,530,104,1,9,5.6206
5392,陕西省,永寿县博物馆,文化文物系统国有博物馆,未定级,是,760,106,1,6,0.632
5393,陕西省,榆林上郡博物馆,非国有博物馆,未定级,是,5311,0,3,0,2.6
5394,陕西省,榆林市公共文化服务中心（余子俊纪念馆）,文化文物系统国有博物馆,未定级,是,0,0,3,51,1.3
5395,陕西省,榆林市公共文化服务中心（榆林民俗博物馆）,文化文物系统国有博物馆,未定级,是,3663,0,19,28,9.336
5396,陕西省,榆林市公共文化服务中心（榆林市汉画像石博物馆）,文化文物系统国有博物馆,未定级,是,256,129,4,12,1.2
5397,陕西省,榆林市横山区古银州博物馆,非国有博物馆,未定级,是,4376,0,5,0,0.88
5398,陕西省,榆林市榆阳区鬼鬼方方博物馆,非国有博物馆,未定级,是,510,0,6,1,2.15
5399,陕西省,榆林市榆阳区黄土地民俗博物馆,非国有博物馆,未定级,是,747,0,4,0,2.22
5400,陕西省,榆林市榆阳区农耕文化博物馆,非国有博物馆,未定级,是,310,0,1,1,0.12
5401,陕西省,榆林市榆阳区陶器博物馆,非国有博物馆,未定级,是,1041,0,5,0,1.21
5402,陕西省,榆林市长城保护中心镇北台长城博物馆,文化文物系统国有博物馆,未定级,是,19,0,1,32,17.6528
5403,陕西省,榆林朔方博物馆,非国有博物馆,未定级,是,1951,0,5,2,4.5627
5404,陕西省,榆林学院陕北历史文化博物馆,其他行业国有博物馆,未定级,是,526,97,2,4,0.1861
5405,陕西省,张季鸾纪念馆,文化文物系统国有博物馆,未定级,是,255,0,1,0,2.2096
5406,陕西省,张载纪念馆,文化文物系统国有博物馆,未定级,是,15,0,1,7,15.5633
5407,陕西省,长安大学地质博物馆,其他行业国有博物馆,三级,是,3582,0,12,4,0.646
5408,陕西省,长安大学公路交通博物馆,其他行业国有博物馆,三级,是,492,0,3,286,1.4741
5409,陕西省,长武县博物馆,文化文物系统国有博物馆,三级,是,2230,583,8,5,3.2015
5410,陕西省,昭陵博物馆,文化文物系统国有博物馆,二级,否,4563,1938,16,8,16.28
5411,陕西省,镇安县博物馆,文化文物系统国有博物馆,未定级,是,5092,37,2,2,0.86
5412,陕西省,镇巴县博物馆,文化文物系统国有博物馆,未定级,是,1059,14,5,22,1.7725
5413,陕西省,中共中央西北局纪念馆,文化文物系统国有博物馆,未定级,是,4383,63,1,12,21.2522
5414,陕西省,中央红军长征胜利纪念馆,文化文物系统国有博物馆,未定级,是,268,0,1,120,36.166
5415,陕西省,钟山石窟博物馆,文化文物系统国有博物馆,未定级,否,15,6,1,0,1.6266
5416,陕西省,周至博物馆,文化文物系统国有博物馆,未定级,是,2871,437,0,2,0
5417,陕西省,周至县仙游寺博物馆,文化文物系统国有博物馆,未定级,是,258,17,2,8,3.9527
5418,陕西省,子长革命烈士纪念馆,其他行业国有博物馆,未定级,是,37,0,1,6,3.2
5419,陕西省,子洲县博物馆,文化文物系统国有博物馆,未定级,是,1222,132,1,2,0.5
5420,上海市,《义勇军进行曲》灌制地纪念馆（百代小楼）,其他行业国有博物馆,未定级,是,460,0,4,40,16.1563
5421,上海市,陈云纪念馆（青浦革命历史纪念馆）,其他行业国有博物馆,一级,是,44079,32,13,30,61.2798
5422,上海市,大韩民国临时政府旧址管理处,文化文物系统国有博物馆,未定级,否,147,0,2,0,13.5066
5423,上海市,董其昌书画艺术博物馆,文化文物系统国有博物馆,未定级,是,363,0,6,11,8.8528
5424,上海市,复旦大学博物馆,其他行业国有博物馆,未定级,是,4000,0,4,6,20.3257
5425,上海市,高桥历史文化陈列馆,其他行业国有博物馆,未定级,是,600,0,2,3,2.7558
5426,上海市,顾正红纪念馆,文化文物系统国有博物馆,未定级,是,78,0,1,426,18.3066
5427,上海市,国歌展示馆,文化文物系统国有博物馆,未定级,是,895,0,14,155,30.3325
5428,上海市,国际乒乓球联合会博物馆,其他行业国有博物馆,未定级,是,20743,0,5,59,33.9649
5429,上海市,衡复风貌博物馆群,其他行业国有博物馆,未定级,是,20000,0,5,56,30.1471
5430,上海市,黄道婆纪念馆,其他行业国有博物馆,未定级,是,310,0,1,20,2.9021
5431,上海市,黄炎培故居,文化文物系统国有博物馆,未定级,是,1104,6,1,16,14.7423
5432,上海市,嘉定博物馆,文化文物系统国有博物馆,一级,是,5515,1356,20,308,121.0738
5433,上海市,江南造船博物馆,其他行业国有博物馆,未定级,是,172,0,1,5,3.5
5434,上海市,交通银行博物馆,其他行业国有博物馆,未定级,是,10000,0,1,0,0
5435,上海市,李白烈士故居,文化文物系统国有博物馆,未定级,是,15,11,1,20,5.6895
5436,上海市,浦东新区南汇博物馆,文化文物系统国有博物馆,三级,是,3246,0,10,50,18
5437,上海市,钱学森图书馆,其他行业国有博物馆,一级,是,62965,10595,17,196,6.5601
5438,上海市,上海百诺巧克力博物馆,非国有博物馆,未定级,是,300,0,1,600,13.4
5439,上海市,上海宝库匠心博物馆,非国有博物馆,未定级,否,300,0,0,0,0
5440,上海市,上海玻璃博物馆,非国有博物馆,未定级,否,4547,0,10,269,12.6111
5441,上海市,上海博物馆,文化文物系统国有博物馆,一级,是,1024147,145262,39,3018,657.8628
5442,上海市,上海财经大学商学博物馆,其他行业国有博物馆,未定级,是,8596,0,10,24,1.6552
5443,上海市,上海城市规划展示馆,其他行业国有博物馆,未定级,是,0,0,8,393,27.603
5444,上海市,上海崇明竖新抗日战争博物馆,非国有博物馆,未定级,是,575,0,1,2,0.645
5445,上海市,上海崇明向化灶文化博物馆,非国有博物馆,未定级,是,316,0,1,2,0.7431
5446,上海市,上海大来时间博物馆,非国有博物馆,未定级,是,2660,0,3,68,12.9146
5447,上海市,上海大学博物馆,其他行业国有博物馆,一级,是,10714,44,15,215,68.6172
5448,上海市,上海地铁博物馆,其他行业国有博物馆,未定级,否,1650,0,7,29,5.5854
5449,上海市,上海电线电缆博物馆,非国有博物馆,未定级,是,309,0,6,2,2.6995
5450,上海市,上海电信博物馆,其他行业国有博物馆,未定级,是,5653,0,5,14,1.3486
5451,上海市,上海电影博物馆,其他行业国有博物馆,未定级,否,26000,0,3,376,20.0204
5452,上海市,上海东方地质博物馆,非国有博物馆,未定级,否,10393,0,1,356,11.3265
5453,上海市,上海动漫博物馆,非国有博物馆,未定级,是,1800,0,3,12,1.996
5454,上海市,上海对外经贸大学博物馆,其他行业国有博物馆,未定级,是,940,0,2,17,6.877
5455,上海市,上海儿童博物馆,其他行业国有博物馆,二级,是,1722,0,2,408,32.8
5456,上海市,上海纺织博物馆,非国有博物馆,三级,是,23574,0,8,261,13.9412
5457,上海市,上海纺织服饰博物馆,其他行业国有博物馆,未定级,是,3017,0,9,58,3.7805
5458,上海市,上海福寿园人文纪念馆,非国有博物馆,未定级,是,3529,0,5,64,0.9291
5459,上海市,上海工业设计博物馆,其他行业国有博物馆,未定级,否,4858,0,2,68,7.052
5460,上海市,上海工艺美术博物馆,非国有博物馆,三级,否,1112,0,8,189,4.2122
5461,上海市,上海公安博物馆,其他行业国有博物馆,二级,是,23519,2053,12,347,23.7229
5462,上海市,上海观复博物馆,非国有博物馆,未定级,否,348,0,5,61,6.296
5463,上海市,上海观止矿晶博物馆,非国有博物馆,未定级,否,306,0,5,22,0.4919
5464,上海市,上海广播博物馆,其他行业国有博物馆,未定级,是,350,0,2,10,1.2
5465,上海市,上海国际酒文化博物馆,非国有博物馆,未定级,是,316,1,2,5,0.1527
5466,上海市,上海海纳吴觉农茶文化博物馆,非国有博物馆,未定级,是,610,0,2,40,4.482
5467,上海市,上海海派红木艺术博物馆,非国有博物馆,未定级,是,340,0,4,2,0.15
5468,上海市,上海海洋大学博物馆,其他行业国有博物馆,未定级,是,40000,0,3,25,1.4762
5469,上海市,上海翰林匾额博物馆,非国有博物馆,未定级,是,32,0,2,24,3.6
5470,上海市,上海航宇科普中心,其他行业国有博物馆,二级,否,13716,33,6,24,11.3994
5471,上海市,上海红十字历史文化陈列馆,其他行业国有博物馆,未定级,是,366,0,5,16,0.2138
5472,上海市,上海寰宇铃铛博物馆,非国有博物馆,未定级,是,3010,0,2,10,1
5473,上海市,上海火炬众创孵化博物馆,非国有博物馆,未定级,是,323,0,1,0,2.8317
5474,上海市,上海交通大学博物馆,其他行业国有博物馆,未定级,是,786,0,6,40,11.8454
5475,上海市,上海交通大学董浩云航运博物馆,其他行业国有博物馆,未定级,是,1100,0,5,30,21.5
5476,上海市,上海交通大学校史博物馆,其他行业国有博物馆,未定级,是,4385,0,9,60,25.6
5477,上海市,上海金刚博物馆,非国有博物馆,未定级,否,300,0,1,0,1.245
5478,上海市,上海静安区文物史料馆（中国劳动组合书记部旧址陈列馆）,文化文物系统国有博物馆,未定级,是,553,0,10,51,35.7314
5479,上海市,上海科技馆,其他行业国有博物馆,一级,否,314626,0,35,15271,423.3577
5480,上海市,上海来伊份零食博物馆,非国有博物馆,未定级,是,560,0,9,270,11.88
5481,上海市,上海老相机摄影博物馆,非国有博物馆,未定级,是,1669,0,11,18,2.7325
5482,上海市,上海琉璃艺术博物馆,非国有博物馆,未定级,否,380,0,3,4,1.4938
5483,上海市,上海鲁迅纪念馆,文化文物系统国有博物馆,一级,是,88199,23383,23,162,68.5611
5484,上海市,上海美特斯邦威服饰博物馆,非国有博物馆,未定级,是,9350,0,2,1,0.1879
5485,上海市,上海民政博物馆,其他行业国有博物馆,未定级,是,1255,0,1,3,0.1136
5486,上海市,上海民族乐器博物馆,其他行业国有博物馆,未定级,是,232,0,1,35,0.105
5487,上海市,上海凝聚力工程博物馆,其他行业国有博物馆,未定级,是,3432,0,1,507,41.1521
5488,上海市,上海农垦博物馆,非国有博物馆,未定级,是,2000,0,0,0,0
5489,上海市,上海棋牌文化博物馆,其他行业国有博物馆,未定级,是,1221,0,2,29,1.2012
5490,上海市,上海气象博物馆,其他行业国有博物馆,未定级,是,1229,0,5,75,3
5491,上海市,上海汽车博物馆,其他行业国有博物馆,未定级,否,3786,0,9,215,35.8771
5492,上海市,上海三山会馆管理处,文化文物系统国有博物馆,未定级,是,391,0,11,36,2.055
5493,上海市,上海师范大学博物馆,其他行业国有博物馆,未定级,是,1766,0,3,20,1.8249
5494,上海市,上海世博会博物馆,文化文物系统国有博物馆,二级,是,19032,315,10,239,82.7031
5495,上海市,上海世界技能博物馆,其他行业国有博物馆,未定级,是,1431,0,3,69,32.2188
5496,上海市,上海市沧海盐田盐文化博物馆,非国有博物馆,未定级,是,410,0,2,303,3.6542
5497,上海市,上海市崇明区博物馆,文化文物系统国有博物馆,未定级,是,1848,383,2,7,9.4062
5498,上海市,上海市奉贤区博物馆,文化文物系统国有博物馆,一级,是,9107,279,18,775,65.5332
5499,上海市,上海市虹口区中共四大纪念馆,文化文物系统国有博物馆,二级,是,3003,678,10,148,73.5115
5500,上海市,上海市金山区博物馆,文化文物系统国有博物馆,三级,是,5419,1174,25,249,18.6032
5501,上海市,上海市历史博物馆（上海革命历史博物馆）,文化文物系统国有博物馆,一级,是,125286,10161,18,651,171.9676
5502,上海市,上海市龙华烈士纪念馆,其他行业国有博物馆,一级,是,12662,222,42,4301,156.18
5503,上海市,上海市闵行区博物馆,文化文物系统国有博物馆,三级,是,1868,0,8,125,78.5384
5504,上海市,上海市青浦区博物馆,文化文物系统国有博物馆,二级,是,4694,1241,11,224,22.4804
5505,上海市,上海市松江区博物馆,文化文物系统国有博物馆,二级,是,5421,1619,6,23,4.4866
5506,上海市,上海市陶行知纪念馆,其他行业国有博物馆,未定级,是,417,0,5,18,3.3086
5507,上海市,上海市外滩历史纪念馆,其他行业国有博物馆,未定级,是,0,0,1,1,14.823
5508,上海市,上海市徐汇区图书馆（上海市徐汇区土山湾博物馆）,文化文物系统国有博物馆,三级,是,977,0,4,100,25.0575
5509,上海市,上海市银行博物馆,非国有博物馆,三级,否,12916,0,2,23,7.6342
5510,上海市,上海市长宁区革命文物陈列馆,文化文物系统国有博物馆,未定级,是,0,0,3,9,1.386
5511,上海市,上海四行仓库抗战纪念馆,文化文物系统国有博物馆,未定级,是,2910,0,4,23,154.3352
5512,上海市,上海淞沪抗战纪念馆,文化文物系统国有博物馆,二级,是,4871,0,3,268,31.0654
5513,上海市,上海宋庆龄故居纪念馆,其他行业国有博物馆,二级,否,13142,149,4,18,56.2439
5514,上海市,上海隧道科技馆,其他行业国有博物馆,未定级,是,138,0,2,0,3.5695
5515,上海市,上海孙中山故居纪念馆,其他行业国有博物馆,二级,否,6440,201,12,174,19.3423
5516,上海市,上海泰迪之家泰迪熊博物馆,非国有博物馆,未定级,是,300,0,1,2,0.4862
5517,上海市,上海韬奋纪念馆（中国近现代新闻出版博物馆）,文化文物系统国有博物馆,二级,是,682076,3573,26,425,65.8767
5518,上海市,上海体育博物馆,其他行业国有博物馆,未定级,是,10850,0,10,45,12.6951
5519,上海市,上海体育大学武术博物馆,其他行业国有博物馆,未定级,是,2064,0,3,57,1.7537
5520,上海市,上海天文博物馆,其他行业国有博物馆,未定级,否,324,0,5,23,27.2944
5521,上海市,上海铁路博物馆,其他行业国有博物馆,未定级,否,2120,0,2,18,5.4163
5522,上海市,上海外国语大学语言博物馆,其他行业国有博物馆,未定级,是,16117,0,5,26,2.1571
5523,上海市,上海无线电博物馆,其他行业国有博物馆,未定级,是,3347,0,1,50,4.5302
5524,上海市,上海吴昌硕纪念馆,文化文物系统国有博物馆,未定级,是,660,0,6,116,5
5525,上海市,上海消防博物馆,其他行业国有博物馆,未定级,是,18749,0,1,32,10.8894
5526,上海市,上海眼镜博物馆,非国有博物馆,未定级,是,59,0,1,126,2.6
5527,上海市,上海艺术品博物馆,非国有博物馆,未定级,是,339,0,17,168,7.9586
5528,上海市,上海音乐学院东方乐器博物馆,其他行业国有博物馆,未定级,是,881,0,3,15,3
5529,上海市,上海印刷博物馆,其他行业国有博物馆,未定级,是,1983,0,7,19,0.7227
5530,上海市,上海印刷字体展示馆,其他行业国有博物馆,未定级,是,425,0,11,85,2.7872
5531,上海市,上海邮政博物馆,其他行业国有博物馆,未定级,是,937,0,6,15,4.9765
5532,上海市,上海犹太难民纪念馆,文化文物系统国有博物馆,二级,否,19926,9,10,77,19.9803
5533,上海市,上海有恒博物馆,非国有博物馆,未定级,是,310,0,3,2,5
5534,上海市,上海豫园管理处,文化文物系统国有博物馆,未定级,否,3403,534,5,2,210.0431
5535,上海市,上海院士风采馆,其他行业国有博物馆,未定级,是,1823,0,3,20,8.8615
5536,上海市,上海真静传统木作博物馆,非国有博物馆,未定级,是,2350,0,1,30,2.3
5537,上海市,上海震旦博物馆,非国有博物馆,未定级,否,88,0,14,86,4.6874
5538,上海市,上海知青博物馆,非国有博物馆,未定级,是,4697,0,4,23,3.68
5539,上海市,上海智慧湾增材制造文化博物馆,非国有博物馆,未定级,否,542,0,6,144,18.237
5540,上海市,上海中国航海博物馆,其他行业国有博物馆,一级,否,21394,1451,29,1665,60.8493
5541,上海市,上海中国留学生博物馆,非国有博物馆,未定级,是,353,0,7,41,1.7412
5542,上海市,上海中国烟草博物馆,其他行业国有博物馆,未定级,是,94380,0,9,2,1.2048
5543,上海市,上海中华印刷博物馆,非国有博物馆,未定级,是,7349,0,6,54,8.521
5544,上海市,上海中医药博物馆,其他行业国有博物馆,未定级,否,19192,0,10,292,16.3924
5545,上海市,上海周虎臣曹素功笔墨博物馆,非国有博物馆,未定级,是,401,0,6,8,1.5665
5546,上海市,上海翥云艺术博物馆,非国有博物馆,未定级,是,204,0,9,1,8.1
5547,上海市,上海尊木汇木文化博物馆,非国有博物馆,未定级,否,1108,0,6,285,24.6359
5548,上海市,四海壶具博物馆,非国有博物馆,未定级,是,400,0,4,16,4.5938
5549,上海市,宋庆龄生平事迹陈列馆,其他行业国有博物馆,三级,是,5187,12,6,547,19.0749
5550,上海市,同济大学博物馆,其他行业国有博物馆,未定级,是,472,0,6,4,5.402
5551,上海市,童涵春堂中药博物馆,其他行业国有博物馆,未定级,是,1258,0,2,80,9.69
5552,上海市,张闻天故居,文化文物系统国有博物馆,未定级,是,796,0,4,17,5.7311
5553,上海市,中共二大会址纪念馆,文化文物系统国有博物馆,二级,是,2159,267,9,106,52.444
5554,上海市,中国共产党第一次全国代表大会纪念馆,文化文物系统国有博物馆,一级,是,130821,26685,27,6024,311.8381
5555,上海市,中国科学院上海昆虫博物馆,其他行业国有博物馆,未定级,否,1293000,0,7,55,31
5556,上海市,中国社会主义青年团中央机关旧址纪念馆,文化文物系统国有博物馆,未定级,是,10,0,3,57,15.38
5557,上海市,中国证券博物馆,其他行业国有博物馆,未定级,是,9596,0,31,88,16.3543
5558,上海市,中国左翼作家联盟会址纪念馆,文化文物系统国有博物馆,未定级,是,1193,673,3,25,7.379
5559,四川省,“4·20”芦山强烈地震纪念馆,文化文物系统国有博物馆,未定级,是,48588,13,1,132,6.9003
5560,四川省,“5·12”汶川特大地震映秀震中纪念馆,文化文物系统国有博物馆,三级,是,13681,0,9,480,102.0911
5561,四川省,5·12抗震救灾纪念馆,非国有博物馆,未定级,是,877,0,1,4,97.4608
5562,四川省,5·12汶川特大地震纪念馆,其他行业国有博物馆,一级,是,61116,73,10,341,92.2737
5563,四川省,阿坝州博物馆,文化文物系统国有博物馆,三级,是,19606,261,4,9,5.0205
5564,四川省,艾芜纪念馆,其他行业国有博物馆,未定级,是,250,0,3,8,1.5686
5565,四川省,安岳石窟艺术博物馆,文化文物系统国有博物馆,未定级,否,1352,264,4,1,0.5
5566,四川省,巴金纪念馆,其他行业国有博物馆,未定级,是,7213,0,2,21,1.4254
5567,四川省,巴山民俗文化博物馆,文化文物系统国有博物馆,未定级,是,348,0,4,2,3.2125
5568,四川省,巴山游击队纪念馆,文化文物系统国有博物馆,未定级,是,129,31,10,835,49.8729
5569,四川省,巴中市巴州区历史文化博物馆,文化文物系统国有博物馆,未定级,是,29175,474,4,8,10.1
5570,四川省,巴中市巴州区晏阳初博物馆,文化文物系统国有博物馆,未定级,是,2461,0,5,193,3.5841
5571,四川省,白玉县俄色呷玛文化艺术博物馆,非国有博物馆,未定级,是,552,0,4,32,0.08
5572,四川省,宝镜村村史馆,其他行业国有博物馆,未定级,是,194,0,1,0,0.66
5573,四川省,宝胜客家古村落文化博物馆,其他行业国有博物馆,未定级,是,332,0,6,13,2.2
5574,四川省,宝兴县博物馆,文化文物系统国有博物馆,未定级,是,2274,397,2,160,18.3
5575,四川省,宝兴县红军翻越夹金山纪念馆,文化文物系统国有博物馆,未定级,是,89,10,2,500,33.1305
5576,四川省,北川羌族自治县红军长征纪念馆,文化文物系统国有博物馆,未定级,是,202,0,1,3,3.58
5577,四川省,北川羌族自治县羌族民俗博物馆,文化文物系统国有博物馆,未定级,是,1089,123,1,5,2.621
5578,四川省,毕占云生平事迹陈列馆,文化文物系统国有博物馆,未定级,是,175,94,1,6,8.73
5579,四川省,苍溪红军渡纪念馆,文化文物系统国有博物馆,未定级,是,232,16,4,12,6.3792
5580,四川省,苍溪黄猫垭战斗遗址纪念馆,文化文物系统国有博物馆,未定级,是,155,0,3,3,17.5412
5581,四川省,苍溪苏维埃政府旧址纪念馆,文化文物系统国有博物馆,未定级,是,64,0,5,2,0.4193
5582,四川省,昌列博物馆,非国有博物馆,未定级,是,2000,655,5,5,1.5623
5583,四川省,陈毅纪念馆,文化文物系统国有博物馆,二级,是,15394,22,9,436,8.951
5584,四川省,成都巴蜀汉陶艺术博物馆,非国有博物馆,未定级,是,1570,0,6,2,2.8784
5585,四川省,成都百家堂姓氏文化博物馆,非国有博物馆,未定级,是,2158,0,14,53,4.4394
5586,四川省,成都百年学前教育博物馆,其他行业国有博物馆,未定级,是,3050,0,17,72,9.2913
5587,四川省,成都保前明清家具博物馆,非国有博物馆,未定级,是,512,0,8,0,2.619
5588,四川省,成都标榜川西古典家具博物馆,非国有博物馆,未定级,是,3240,0,3,2,6
5589,四川省,成都标榜当代土陶艺术博物馆,非国有博物馆,未定级,是,386,0,1,1,3
5590,四川省,成都标榜古今发艺博物馆,非国有博物馆,未定级,是,616,0,2,2,5
5591,四川省,成都标榜民间传统养生技艺博物馆,非国有博物馆,未定级,是,1159,0,3,5,6
5592,四川省,成都标榜女红工艺博物馆,非国有博物馆,未定级,是,350,0,1,1,5
5593,四川省,成都博物馆（成都中国皮影博物馆）,文化文物系统国有博物馆,一级,是,225207,1417,16,582,333.8871
5594,四川省,成都诚林金丝楠乌木博物馆,非国有博物馆,未定级,是,420,0,0,0,0
5595,四川省,成都澄园书画艺术博物馆,非国有博物馆,未定级,是,508,0,6,28,4.2576
5596,四川省,成都川菜博物馆,非国有博物馆,二级,否,6745,0,21,168,43.9702
5597,四川省,成都川江钱币博物馆,非国有博物馆,未定级,是,3000,0,2,12,6.6707
5598,四川省,成都川剧艺术博物馆,其他行业国有博物馆,未定级,是,1398,0,1,0,0
5599,四川省,成都川上雕塑艺术博物馆,非国有博物馆,未定级,是,400,0,2,2,6.5982
5600,四川省,成都大华玉器博物馆,非国有博物馆,未定级,是,1491,0,6,2,2.8784
5601,四川省,成都大吉喜马拉雅文化艺术博物馆,非国有博物馆,未定级,是,331,0,0,0,0
5602,四川省,成都大熊猫博物馆,其他行业国有博物馆,未定级,是,4028,0,5,36,104.324
5603,四川省,成都大运会博物馆,其他行业国有博物馆,未定级,是,3538,0,6,97,7.9317
5604,四川省,成都杜甫草堂博物馆,文化文物系统国有博物馆,一级,否,28195,1277,43,206,382.7883
5605,四川省,成都尔玛民俗博物馆,非国有博物馆,未定级,是,8406,0,16,2,11.0944
5606,四川省,成都贺麟故居纪念馆,非国有博物馆,未定级,是,1206,0,9,191,25.0566
5607,四川省,成都华希昆虫博物馆,非国有博物馆,二级,是,1083989,2365,24,221,3.5627
5608,四川省,成都华珍藏羌文化博物馆,非国有博物馆,未定级,是,1095,0,4,20,19.9951
5609,四川省,成都画院书画博物馆,文化文物系统国有博物馆,未定级,是,2007,0,13,24,26.9048
5610,四川省,成都金沙遗址博物馆,文化文物系统国有博物馆,一级,否,3013,1919,25,520,188.684
5611,四川省,成都静涛金石书画博物馆,非国有博物馆,未定级,是,503,0,5,4,4.5718
5612,四川省,成都李彬报纸博物馆,非国有博物馆,未定级,是,320,0,1,16,2.6694
5613,四川省,成都立巢航空博物馆,非国有博物馆,二级,否,858,0,2,34,3.3438
5614,四川省,成都绿舟博物馆,非国有博物馆,未定级,否,535,0,5,23,7.1542
5615,四川省,成都毛家湾艺术博物馆,非国有博物馆,三级,是,3783,0,7,6,6.432
5616,四川省,成都梦缘博物馆,非国有博物馆,未定级,是,1597,0,3,0,1.8713
5617,四川省,成都泥邦陶瓷艺术博物馆,非国有博物馆,未定级,是,1461,0,5,21,3.4
5618,四川省,成都皮影艺术博物馆,非国有博物馆,未定级,是,1530,0,6,100,4.5837
5619,四川省,成都瑞鑫汉陶艺术博物馆,非国有博物馆,未定级,是,324,0,5,8,1.02
5620,四川省,成都三和老爷车博物馆,非国有博物馆,二级,否,11438,0,10,91,8.1955
5621,四川省,成都三邑川派盆景艺术博物馆,非国有博物馆,未定级,是,300,0,4,6,17.3151
5622,四川省,成都十二月市博物馆,其他行业国有博物馆,未定级,是,501,0,3,5,4.9
5623,四川省,成都市草堂小学博物馆,其他行业国有博物馆,未定级,是,452,0,8,6,1.6878
5624,四川省,成都市成华区拾野自然博物馆,非国有博物馆,二级,否,313,0,4,125,9.12
5625,四川省,成都市共品钱币博物馆,非国有博物馆,未定级,否,2942,0,12,10,10.53
5626,四川省,成都市九百村奇石根雕博物馆,非国有博物馆,未定级,是,19620,0,0,0,0
5627,四川省,成都市了凡木文化博物馆,非国有博物馆,未定级,是,519,0,8,2,8.2528
5628,四川省,成都市李劼人故居纪念馆,文化文物系统国有博物馆,未定级,是,1204,514,9,266,12.9357
5629,四川省,成都市龙泉驿区博物馆,文化文物系统国有博物馆,未定级,是,2346,283,3,17,3.591
5630,四川省,成都市龙泉驿区艺大木质乐器博物馆,非国有博物馆,未定级,是,700,0,3,2,5
5631,四川省,成都市龙泉驿区艺匠古籍文献修复技艺博物馆,非国有博物馆,未定级,是,612,0,2,29,7.8
5632,四川省,成都市泡桐树小学西区分校博物馆,其他行业国有博物馆,未定级,是,269,0,10,40,1.9146
5633,四川省,成都市郫都区博物馆,文化文物系统国有博物馆,未定级,是,2875,930,5,32,7.6
5634,四川省,成都市郫都区大珍堂家具石刻艺术博物馆,非国有博物馆,未定级,是,5800,0,4,0,8.1352
5635,四川省,成都市郫都区好惠捷吉他博物馆,非国有博物馆,未定级,是,320,0,1,2,2.15
5636,四川省,成都市郫都区望丛玉器博物馆,非国有博物馆,未定级,是,603,0,3,2,5.8867
5637,四川省,成都市郫都区益园民俗博物馆,非国有博物馆,未定级,是,5967,0,3,8,14.6368
5638,四川省,成都市青白江区博物馆,文化文物系统国有博物馆,二级,是,616,204,3,66,11.238
5639,四川省,成都市青白江区彭家珍大将军专祠纪念馆,文化文物系统国有博物馆,未定级,是,210,6,1,426,20.3453
5640,四川省,成都市人华奇石博物馆,非国有博物馆,未定级,是,555,0,2,8,6.0288
5641,四川省,成都市双流区广都博物馆,文化文物系统国有博物馆,未定级,是,2764,388,2,47,33.3755
5642,四川省,成都市双流区汉轩民俗艺术博物馆,非国有博物馆,未定级,是,408,0,4,0,4.0746
5643,四川省,成都市天府美术馆,文化文物系统国有博物馆,未定级,是,638,0,12,160,118.184
5644,四川省,成都市天府新区明昌博物馆,非国有博物馆,未定级,是,313,0,4,11,3.8927
5645,四川省,成都市温江区博物馆,文化文物系统国有博物馆,未定级,是,3662,1029,1,8,8.8371
5646,四川省,成都市武侯区寿丰堂艺术博物馆,非国有博物馆,未定级,是,455,0,2,0,0.12
5647,四川省,成都市新津区纯阳观博物馆,文化文物系统国有博物馆,未定级,是,2,2,2,74,30.1143
5648,四川省,成都蜀江博物馆,非国有博物馆,未定级,是,1160,0,6,1,5.5126
5649,四川省,成都蜀锦织绣博物馆,非国有博物馆,二级,是,9373,48,3,86,16.1207
5650,四川省,成都蜀山窑陶瓷艺术博物馆,非国有博物馆,未定级,是,518,0,3,51,3.1055
5651,四川省,成都水井坊博物馆,非国有博物馆,未定级,否,446,0,1,9,5.6322
5652,四川省,成都隋唐窑址博物馆,文化文物系统国有博物馆,未定级,是,1849,6,3,21,2.038
5653,四川省,成都体育学院博物馆,其他行业国有博物馆,未定级,是,528,0,4,3,0.4
5654,四川省,成都望江楼博物馆,其他行业国有博物馆,未定级,否,378,0,3,12,23.2538
5655,四川省,成都文宝轩博物馆,非国有博物馆,未定级,是,1186,0,0,0,0
5656,四川省,成都文清古蜀农耕文化博物馆,非国有博物馆,未定级,是,3000,0,1,3,10.1023
5657,四川省,成都乌木艺术博物馆,非国有博物馆,未定级,是,2369,0,7,3,6.3122
5658,四川省,成都武侯祠博物馆,文化文物系统国有博物馆,一级,否,23474,616,55,620,550.1656
5659,四川省,成都香米园汉陶艺术博物馆,非国有博物馆,未定级,是,2100,0,1,23,0.79
5660,四川省,成都许燎源现代设计艺术博物馆,非国有博物馆,二级,否,6994,30,11,78,49.5343
5661,四川省,成都杨德全蜀绣博物馆,非国有博物馆,未定级,是,420,0,7,10,5.2174
5662,四川省,成都饮食文化博物馆,其他行业国有博物馆,未定级,是,4319,0,14,20,4.0885
5663,四川省,成都永陵博物馆,文化文物系统国有博物馆,二级,否,3452,885,7,21,4.9868
5664,四川省,成都直升机博物馆,其他行业国有博物馆,未定级,是,1000,0,3,78,0.4981
5665,四川省,成都中医药大学博物馆,其他行业国有博物馆,二级,是,60902,28,12,42,8.3373
5666,四川省,成都朱成石刻艺术博物馆,非国有博物馆,未定级,是,8000,3,2,2,0.045
5667,四川省,成都自然博物馆（成都理工大博物馆）,文化文物系统国有博物馆,未定级,否,4118,0,11,165,155.1039
5668,四川省,崇州市博物馆,文化文物系统国有博物馆,三级,是,1500,403,4,129,79.8255
5669,四川省,崇州天演博物馆,非国有博物馆,二级,否,825,0,10,12,11.0382
5670,四川省,川藏公路博物馆,其他行业国有博物馆,未定级,是,416,0,7,49,1.1277
5671,四川省,川矿记忆陈列馆,文化文物系统国有博物馆,未定级,是,406,0,1,2,4.2629
5672,四川省,川陕革命根据地博物馆,文化文物系统国有博物馆,二级,是,5134,2431,8,132,16.3148
5673,四川省,川陕革命根据地万源保卫战战史陈列馆,文化文物系统国有博物馆,三级,是,2421,112,1,50,1.2699
5674,四川省,川陕苏区纪念馆,文化文物系统国有博物馆,未定级,是,1241,29,5,198,4.3591
5675,四川省,川陕苏区将帅碑林纪念馆,文化文物系统国有博物馆,三级,是,10719,145,7,112,132.0192
5676,四川省,川陕苏区苦草坝后勤中心旧址陈列馆,文化文物系统国有博物馆,未定级,是,417,0,8,5,1.8454
5677,四川省,川陕苏区平昌县革命文物陈列馆,文化文物系统国有博物馆,未定级,是,128,0,4,5,6.3878
5678,四川省,达维会师陈列馆,文化文物系统国有博物馆,未定级,是,0,0,0,6,1.842
5679,四川省,达州钢琴博物馆,非国有博物馆,未定级,是,300,0,3,9,5.5644
5680,四川省,达州红军文化陈列馆,文化文物系统国有博物馆,未定级,是,1304,0,5,811,48.1288
5681,四川省,达州市博物馆,文化文物系统国有博物馆,二级,是,13200,603,14,120,24.7538
5682,四川省,大路河红军石刻标语陈列馆,文化文物系统国有博物馆,未定级,是,29,0,1,3,0.7
5683,四川省,大田会议纪念馆,文化文物系统国有博物馆,未定级,是,141,0,5,5,1.0173
5684,四川省,大邑县刘氏庄园博物馆,文化文物系统国有博物馆,二级,否,1826,1166,9,44,177.5
5685,四川省,大邑县洺轩汉字文化博物馆,非国有博物馆,未定级,是,1320,0,4,5,13.2276
5686,四川省,大英县汉陶博物馆,文化文物系统国有博物馆,未定级,是,8020,112,9,79,12.15
5687,四川省,丹巴县红军旧址陈列馆,文化文物系统国有博物馆,未定级,是,285,0,1,21,5.0551
5688,四川省,丹棱县博物馆（丹棱县大雅堂博物馆、丹棱县大雅文化研究院）,文化文物系统国有博物馆,三级,是,878,29,14,210,15
5689,四川省,得荣红军长征陈列馆,文化文物系统国有博物馆,未定级,是,845,0,15,560,8.7655
5690,四川省,德昌县博物馆,文化文物系统国有博物馆,未定级,是,108,0,6,0,0.3
5691,四川省,德格县岭?阿库晁同文化博物馆,非国有博物馆,未定级,是,802,0,1,4,0.075
5692,四川省,德格县玛哈阿喀艺术博物馆,非国有博物馆,未定级,是,421,0,1,4,0.12
5693,四川省,德格县民俗博物馆,非国有博物馆,未定级,是,428,0,1,6,0.15
5694,四川省,德格县宗萨藏医药博物馆,非国有博物馆,未定级,是,1010,0,1,30,0.211
5695,四川省,德阳市博物馆,文化文物系统国有博物馆,未定级,是,2513,801,7,99,104.1561
5696,四川省,德阳市江奎艺术博物馆,非国有博物馆,未定级,是,5000,0,25,210,8.123
5697,四川省,德阳市罗江区博物馆,文化文物系统国有博物馆,未定级,是,390,13,8,8,1.3211
5698,四川省,德阳市罗江区庞统祠博物馆,文化文物系统国有博物馆,未定级,否,158,0,3,8,8.1997
5699,四川省,邓萍故居陈列馆,文化文物系统国有博物馆,未定级,是,13,0,1,0,5
5700,四川省,邓小平故居陈列馆,文化文物系统国有博物馆,一级,是,19502,156,13,498,400.9066
5701,四川省,东坡泡菜博物馆,其他行业国有博物馆,未定级,是,350,0,1,50,8.5214
5702,四川省,都江堰青城金丝楠乌木博物馆,非国有博物馆,未定级,是,533,0,21,61,22.3489
5703,四川省,都江堰市博物馆,文化文物系统国有博物馆,未定级,是,10920,1049,1,16,1.8229
5704,四川省,都江堰市抗震救灾和恢复重建陈列馆,文化文物系统国有博物馆,未定级,是,29,0,0,0,0
5705,四川省,都江堰市青城山历史文化博物馆,文化文物系统国有博物馆,未定级,是,27,0,3,0,0.5509
5706,四川省,峨边彝族自治县博物馆,文化文物系统国有博物馆,未定级,是,180,0,13,13,2.5
5707,四川省,峨眉山博物馆,文化文物系统国有博物馆,二级,是,4710,1011,9,31,54.0336
5708,四川省,峨眉山市博物馆,文化文物系统国有博物馆,未定级,是,153,59,1,2,3.785
5709,四川省,范长江纪念馆,文化文物系统国有博物馆,未定级,是,22417,25,11,22,41.15
5710,四川省,冯建吴石鲁艺术博物馆,文化文物系统国有博物馆,未定级,是,74,0,2,55,2.3994
5711,四川省,富顺文庙博物馆,文化文物系统国有博物馆,未定级,否,631,167,2,20,8.2465
5712,四川省,富顺县博物馆,文化文物系统国有博物馆,未定级,是,418,110,1,10,5.62
5713,四川省,甘孜藏族自治州民族博物馆,文化文物系统国有博物馆,二级,是,7887,760,8,34,16.5839
5714,四川省,甘孜县格萨甲波文化博物馆,非国有博物馆,未定级,是,20000,0,21,10,0.5
5715,四川省,高县李硕勋烈士纪念馆,其他行业国有博物馆,未定级,是,56,0,1,18,6.6586
5716,四川省,高县阳翰笙纪念馆,文化文物系统国有博物馆,未定级,是,35,0,1,6,2.6357
5717,四川省,珙县博物馆,文化文物系统国有博物馆,未定级,是,191,39,1,23,8.5683
5718,四川省,古蔺县二郎滩渡口陈列馆,文化文物系统国有博物馆,未定级,是,208,0,1,177,4.8853
5719,四川省,古蔺县红军长征四渡赤水博物馆,文化文物系统国有博物馆,三级,是,541,111,7,225,37.4255
5720,四川省,光雾山-诺水河地质公园博物馆,其他行业国有博物馆,未定级,是,325,0,8,7,4.3
5721,四川省,广安川东民俗博物馆,非国有博物馆,未定级,否,612,0,11,2,6
5722,四川省,广安市博物馆,文化文物系统国有博物馆,未定级,是,15579,21,8,70,43.7143
5723,四川省,广安中学校史陈列馆,其他行业国有博物馆,未定级,是,160,0,2,18,1.6559
5724,四川省,广元市博物馆,文化文物系统国有博物馆,二级,是,1028,382,6,169,16
5725,四川省,广元市朝天地震陈列馆,其他行业国有博物馆,未定级,是,24,0,1,2,0.3211
5726,四川省,广元市朝天区博物馆,文化文物系统国有博物馆,未定级,是,500,0,1,2,1.7586
5727,四川省,广元市红军文化博物馆,文化文物系统国有博物馆,未定级,是,170,146,1,162,1.576
5728,四川省,广元市千佛崖石刻艺术博物馆,文化文物系统国有博物馆,未定级,否,26,0,2,19,26.725
5729,四川省,广元市昭化区博物馆（广元市昭化区汉城博物馆）,文化文物系统国有博物馆,未定级,是,1821,165,1,4,12.5329
5730,四川省,广元万安博物馆,非国有博物馆,未定级,是,822,321,7,12,9.6266
5731,四川省,国立剧专史料江安陈列馆,文化文物系统国有博物馆,未定级,是,2775,60,3,38,8.0712
5732,四川省,汉源县博物馆,文化文物系统国有博物馆,未定级,是,620,315,2,2,0.4306
5733,四川省,合江县博物馆,文化文物系统国有博物馆,未定级,是,890,353,3,12,1.6606
5734,四川省,合江县王朝闻故居陈列馆,文化文物系统国有博物馆,未定级,是,65,0,5,10,13.5459
5735,四川省,荷桥村村史陈列馆（荷桥之路-展示中心）,其他行业国有博物馆,未定级,是,102,0,1,3,2.495
5736,四川省,黑龙滩陈列馆,文化文物系统国有博物馆,未定级,是,187,0,1,61,0.447
5737,四川省,黑水县芦花会议会址陈列馆,文化文物系统国有博物馆,未定级,是,135,0,1,180,3.2
5738,四川省,红江县政治保卫局旧址陈列馆,文化文物系统国有博物馆,未定级,是,84,0,7,6,1.3411
5739,四川省,红九军政治部旧址陈列馆,文化文物系统国有博物馆,未定级,是,88,38,1,6,1.163
5740,四川省,红军飞夺泸定桥纪念馆,文化文物系统国有博物馆,未定级,是,632,85,1,45,50.6223
5741,四川省,红军长征纪念馆,文化文物系统国有博物馆,未定级,是,60,0,5,7,23.9511
5742,四川省,红军长征礼州会议陈列馆,文化文物系统国有博物馆,未定级,是,99,5,4,100,7.5
5743,四川省,红军长征邛崃纪念馆,文化文物系统国有博物馆,未定级,是,140,0,3,25,9.1281
5744,四川省,红三十一军军部旧址纪念馆,文化文物系统国有博物馆,未定级,是,52,0,1,85,9.7925
5745,四川省,红四方面军工农剧团旧址纪念馆,文化文物系统国有博物馆,未定级,是,47,0,1,39,9.5749
5746,四川省,红四方面军剑阁陈列馆,文化文物系统国有博物馆,未定级,是,26,0,1,3,2
5747,四川省,红四方面军马鞍山纪念馆,文化文物系统国有博物馆,未定级,是,268,0,2,6,2.8
5748,四川省,红四方面军总医院旧址陈列馆,文化文物系统国有博物馆,未定级,是,367,0,8,5,1.8191
5749,四川省,红四方面军总指挥部旧址纪念馆,文化文物系统国有博物馆,未定级,是,134,0,1,90,9.9842
5750,四川省,红四方面军总指挥部旧址纪念馆,文化文物系统国有博物馆,二级,是,7692,691,10,216,32.42
5751,四川省,红原红军长征过草地陈列馆,文化文物系统国有博物馆,未定级,是,108,0,3,0,0.02
5752,四川省,虹口深溪沟地震遗址纪念地陈列馆,文化文物系统国有博物馆,未定级,是,1,0,1,0,1.1017
5753,四川省,洪雅县罗家大院民俗馆,非国有博物馆,未定级,是,2992,0,3,12,0.72
5754,四川省,洪雅县民俗台会博物馆,文化文物系统国有博物馆,未定级,是,453,65,3,4,1.1
5755,四川省,华西口腔医学博物馆,其他行业国有博物馆,未定级,是,3300,0,10,6,0.7
5756,四川省,华蓥山起义女战士陈列馆,文化文物系统国有博物馆,未定级,是,52,0,1,9,12.6
5757,四川省,皇泽寺博物馆,文化文物系统国有博物馆,三级,否,845,708,3,18,26.59
5758,四川省,黄继光纪念馆（黄继光故居管理所、县烈士纪念设施保护中心）,其他行业国有博物馆,未定级,是,450,22,4,45,67.1976
5759,四川省,会理绿陶博物馆,非国有博物馆,未定级,是,733,0,4,6,29.5261
5760,四川省,会理市红军长征过会理纪念馆,文化文物系统国有博物馆,未定级,是,202,13,3,366,9.5887
5761,四川省,会理市红军长征巧渡金沙江陈列馆,文化文物系统国有博物馆,未定级,是,23,0,1,0,0
5762,四川省,会理市会理会议陈列馆,文化文物系统国有博物馆,未定级,是,30,0,1,0,0
5763,四川省,会理市黎溪镇绿前村村史馆,其他行业国有博物馆,未定级,是,113,0,1,56,1.5
5764,四川省,火烧寺战斗陈列馆,文化文物系统国有博物馆,未定级,是,100,0,1,3,0.7
5765,四川省,夹江核动力博物馆,文化文物系统国有博物馆,未定级,是,26648,0,5,14,8.015
5766,四川省,夹江县收音机博物馆,非国有博物馆,未定级,是,1600,0,2,4,0.2
5767,四川省,犍为县博物馆,文化文物系统国有博物馆,未定级,是,165,75,2,35,10.2418
5768,四川省,剑阁县博物馆,文化文物系统国有博物馆,未定级,是,1350,621,1,4,3.02
5769,四川省,江姐故居陈列馆,文化文物系统国有博物馆,未定级,是,1639,0,8,50,11.2887
5770,四川省,江油市李白纪念馆,文化文物系统国有博物馆,二级,是,8321,452,25,70,203.6732
5771,四川省,江油市王右木纪念园,其他行业国有博物馆,未定级,是,142,0,2,19,3.693
5772,四川省,江油市文物保护中心（江油市博物馆）,文化文物系统国有博物馆,未定级,是,4281,1088,4,12,9.2358
5773,四川省,蒋兆和故居陈列馆,文化文物系统国有博物馆,未定级,是,745,34,2,28,1.55
5774,四川省,交子金融博物馆,其他行业国有博物馆,未定级,是,1143,0,4,202,10.4618
5775,四川省,金川县红五军军部旧址陈列馆,文化文物系统国有博物馆,未定级,是,24,0,1,80,1.2
5776,四川省,九寨藏羌非遗博物馆,其他行业国有博物馆,未定级,否,500,0,1,7,2.4
5777,四川省,九寨沟县博物馆,文化文物系统国有博物馆,未定级,是,310,0,1,2,0.42
5778,四川省,开江县博物馆,文化文物系统国有博物馆,未定级,是,1070,137,1,20,4.5193
5779,四川省,开善寺博物馆,文化文物系统国有博物馆,未定级,是,162,0,4,0,0
5780,四川省,况场朱德旧居陈列馆,文化文物系统国有博物馆,未定级,是,209,4,7,200,11.5656
5781,四川省,阆中市博物馆,文化文物系统国有博物馆,未定级,是,2263,1024,6,2,7.8864
5782,四川省,阆中市红军烈士纪念园,其他行业国有博物馆,未定级,是,242,46,1,4,12.3024
5783,四川省,阆中丝毯博物馆,非国有博物馆,未定级,是,312,0,5,40,12.9806
5784,四川省,乐山故宫文物南迁陈列馆,文化文物系统国有博物馆,未定级,是,601,0,1,13,0.1289
5785,四川省,乐山市博物馆,其他行业国有博物馆,未定级,是,5566,1263,3,27,47.5274
5786,四川省,乐山市金口河铁道兵博物馆,文化文物系统国有博物馆,未定级,是,680,0,5,15,15.8
5787,四川省,乐山文庙博物馆,文化文物系统国有博物馆,未定级,是,256,0,9,116,13.3887
5788,四川省,乐山崖墓博物馆,文化文物系统国有博物馆,未定级,是,158,36,3,0,9.7407
5789,四川省,礼州边氏民俗博物馆,非国有博物馆,未定级,否,326,0,1,6,0.4
5790,四川省,李庄文化抗战博物馆,文化文物系统国有博物馆,三级,是,3689,4,7,5,52.211
5791,四川省,理塘县俄丁村博物馆,其他行业国有博物馆,未定级,是,104,0,1,1,0.018
5792,四川省,理塘县民族博物馆,文化文物系统国有博物馆,未定级,否,949,0,2,0,8.6916
5793,四川省,理县博物馆,文化文物系统国有博物馆,未定级,是,81,22,2,2,0.73
5794,四川省,凉山彝族奴隶社会博物馆,文化文物系统国有博物馆,三级,是,4350,272,5,6,22.4536
5795,四川省,凉山州博物馆,文化文物系统国有博物馆,未定级,是,5500,1091,2,7,1.9322
5796,四川省,邻水县博物馆,文化文物系统国有博物馆,未定级,是,502,173,1,3,1.0288
5797,四川省,邻水县李准文化陈列馆,其他行业国有博物馆,未定级,是,135,0,1,12,0.5
5798,四川省,卢德铭故居陈列馆,其他行业国有博物馆,未定级,是,194,0,7,5,1.22
5799,四川省,芦山石刻博物馆,文化文物系统国有博物馆,未定级,是,1300,0,1,10,1.2
5800,四川省,芦山县博物馆,文化文物系统国有博物馆,二级,是,9132,550,2,12,5.4
5801,四川省,炉霍县文物考古研究所（炉霍博物馆),文化文物系统国有博物馆,未定级,是,1297,110,2,0,2.1053
5802,四川省,泸定县大横断地质博物馆,非国有博物馆,未定级,是,423,0,8,50,6.9766
5803,四川省,泸顺起义陈列馆,文化文物系统国有博物馆,未定级,是,186,0,3,22,13.275
5804,四川省,泸县博物馆（四川泸县宋代石刻博物馆、泸县屈氏庄园博物馆）,文化文物系统国有博物馆,二级,是,1625,635,6,41,3.9981
5805,四川省,泸县民俗博物馆,非国有博物馆,未定级,是,2216,0,3,30,5.4879
5806,四川省,泸县屈氏庄园博物馆,文化文物系统国有博物馆,未定级,是,970,0,1,41,4.3741
5807,四川省,泸州河川剧艺术博物馆,文化文物系统国有博物馆,未定级,否,456,0,1,0,0
5808,四川省,泸州老窖博物馆,其他行业国有博物馆,未定级,否,637,0,1,26,43.2468
5809,四川省,泸州石刻艺术博物馆,文化文物系统国有博物馆,未定级,是,1006,361,1,8,0.1611
5810,四川省,泸州市博物馆,文化文物系统国有博物馆,一级,是,15102,1521,12,202,51.3024
5811,四川省,泸州市古籍文献博物馆,文化文物系统国有博物馆,未定级,是,438,64,1,3,0.1216
5812,四川省,泸州市纳溪区护国战争博物馆,文化文物系统国有博物馆,未定级,是,508,101,1,35,12.43
5813,四川省,泸州市影像博物馆,其他行业国有博物馆,未定级,是,8600,0,2,20,0.2861
5814,四川省,泸州市长江博物馆,非国有博物馆,未定级,是,5176,245,7,7,2.2078
5815,四川省,罗家坝遗址博物馆,文化文物系统国有博物馆,未定级,否,591,221,3,35,6
5816,四川省,罗平旧时光社区博物馆,其他行业国有博物馆,未定级,是,110,0,5,24,2.21
5817,四川省,罗瑞卿纪念馆,文化文物系统国有博物馆,未定级,是,377,66,5,375,21.7562
5818,四川省,马尔康红军长征纪念馆,文化文物系统国有博物馆,未定级,是,26,0,1,2,1.1979
5819,四川省,马尔康市嘉绒吉岗脱模泥塑艺术博物馆,非国有博物馆,未定级,是,350,0,10,5,0.35
5820,四川省,毛儿盖会议会址陈列馆,文化文物系统国有博物馆,未定级,是,10,0,1,1,0.3116
5821,四川省,毛浴坝会议会址陈列馆,文化文物系统国有博物馆,未定级,是,94,0,8,5,2.1145
5822,四川省,茂县羌族博物馆,文化文物系统国有博物馆,二级,是,10594,313,13,280,30.2683
5823,四川省,眉山江口沉银博物馆,文化文物系统国有博物馆,未定级,否,0,0,1,5,0
5824,四川省,眉山三苏祠博物馆,文化文物系统国有博物馆,一级,否,5121,778,7,2684,120.106
5825,四川省,眉山三苏纪念馆,文化文物系统国有博物馆,未定级,是,5114,777,3,0,33.876
5826,四川省,眉山天府新区高家镇乡村史馆,文化文物系统国有博物馆,未定级,是,145,0,2,2,0.5
5827,四川省,蒙顶山茶史博物馆,文化文物系统国有博物馆,未定级,是,561,26,2,23,6.1086
5828,四川省,绵阳吉快艺术博物馆,非国有博物馆,未定级,是,456,122,1,1,0.05
5829,四川省,绵阳市安州区博物馆,文化文物系统国有博物馆,三级,是,3125,321,12,35,6.538
5830,四川省,绵阳市安州区千佛山战役纪念馆,文化文物系统国有博物馆,未定级,是,100,0,4,2,0.6
5831,四川省,绵阳市博物馆,文化文物系统国有博物馆,二级,是,35464,1909,34,201,34.9587
5832,四川省,绵阳市三台县川麦冬博物馆,其他行业国有博物馆,未定级,是,300,0,1,3,0.3598
5833,四川省,绵阳市游仙区飞龙山红军纪念馆,文化文物系统国有博物馆,未定级,是,111,0,1,0,0.014
5834,四川省,绵竹年画博物馆,文化文物系统国有博物馆,未定级,是,1144,88,11,100,5
5835,四川省,绵竹市博物馆,文化文物系统国有博物馆,未定级,是,2433,561,3,8,1.5255
5836,四川省,绵竹市抗震救灾·灾后重建纪念馆,其他行业国有博物馆,三级,是,4412,6,9,52,26.2517
5837,四川省,绵竹市李家大院民俗博物馆,非国有博物馆,未定级,否,397,0,1,85,10.3
5838,四川省,冕宁县红军长征纪念馆,文化文物系统国有博物馆,未定级,是,52,8,3,45,7.0266
5839,四川省,明蜀王陵博物馆,文化文物系统国有博物馆,未定级,否,308,0,1,3,3.5407
5840,四川省,木坡乡登春村守备衙门文化村史馆,其他行业国有博物馆,未定级,是,205,0,2,3,0.5
5841,四川省,沐川县农耕博物馆,文化文物系统国有博物馆,未定级,是,310,0,1,2,2.2288
5842,四川省,南部县文物博物馆,文化文物系统国有博物馆,未定级,是,540,164,2,0,6.5
5843,四川省,南部县长坪山红军纪念馆,文化文物系统国有博物馆,未定级,是,30,0,1,0,4.2
5844,四川省,南充博物院（南充市文物保护中心）,文化文物系统国有博物馆,未定级,是,871,294,1,29,40.1367
5845,四川省,南江县博物馆,文化文物系统国有博物馆,三级,是,35438,540,11,167,15.4991
5846,四川省,南江县长赤苏维埃政府旧址陈列馆,文化文物系统国有博物馆,未定级,是,24,5,6,126,17.5985
5847,四川省,内江市博物馆,文化文物系统国有博物馆,未定级,是,5802,2,4,6,6.2225
5848,四川省,内江市张大千纪念馆,文化文物系统国有博物馆,三级,是,2821,24,10,201,6.0627
5849,四川省,攀枝花东区建设人物事迹展览馆,文化文物系统国有博物馆,未定级,是,168,0,1,15,0.24
5850,四川省,攀枝花开发建设纪念馆,文化文物系统国有博物馆,未定级,是,500,0,7,2,1.2465
5851,四川省,攀枝花市东区兰尖故事博物馆,其他行业国有博物馆,未定级,是,500,0,2,26,1.4136
5852,四川省,攀枝花市仁和区博物馆(苴却砚博物馆）,文化文物系统国有博物馆,未定级,是,2032,0,7,8,8.7505
5853,四川省,攀枝花市西区宝鼎文化展示馆,其他行业国有博物馆,未定级,是,110,0,1,8,0.4482
5854,四川省,攀枝花市西区初心园三线建设博物馆,文化文物系统国有博物馆,未定级,是,496,0,1,60,1.1969
5855,四川省,攀枝花中国三线建设博物馆（攀枝花市博物馆、攀枝花市文化遗产保护中心）,文化文物系统国有博物馆,二级,是,26426,345,6,96,60.0167
5856,四川省,彭山博物馆（眉山市彭山区汉崖墓博物馆）,文化文物系统国有博物馆,未定级,是,1030,162,4,6,3.8869
5857,四川省,彭州市博物馆,文化文物系统国有博物馆,三级,是,5114,944,4,20,4.3621
5858,四川省,彭州市万木留香家具博物馆,非国有博物馆,三级,是,46785,0,14,111,13.0037
5859,四川省,蓬安县老屋山明清农耕文化博物馆,非国有博物馆,未定级,是,324,0,1,0,2
5860,四川省,蓬溪书法艺术博物馆,文化文物系统国有博物馆,未定级,是,1676,295,1,8,7.42
5861,四川省,蓬溪县旷继勋纪念馆,文化文物系统国有博物馆,未定级,是,199,0,8,333,9.6307
5862,四川省,平昌县刘伯坚纪念馆,文化文物系统国有博物馆,未定级,是,1123,0,5,24,53.128
5863,四川省,平武报恩寺博物馆,文化文物系统国有博物馆,未定级,否,1772,752,5,43,24.98
5864,四川省,平武县历史博物馆,文化文物系统国有博物馆,未定级,是,49,0,1,32,0.6508
5865,四川省,屏山县综合博物馆,文化文物系统国有博物馆,未定级,是,121,53,6,34,16.0507
5866,四川省,蒲江明月轩篆刻艺术博物馆（传习所）,非国有博物馆,未定级,是,318,0,4,38,4.711
5867,四川省,蒲江县博物馆,文化文物系统国有博物馆,未定级,是,1300,406,4,50,6.1641
5868,四川省,七里坪乡史馆,其他行业国有博物馆,未定级,是,100,0,3,12,0.135
5869,四川省,青川县博物馆,文化文物系统国有博物馆,未定级,是,216,41,4,24,3.0871
5870,四川省,青川县地震博物馆,其他行业国有博物馆,二级,是,45814,10,8,56,37.3
5871,四川省,青神国际竹编艺术博览馆,其他行业国有博物馆,未定级,否,300,0,6,200,5
5872,四川省,青神县竹编博物馆,非国有博物馆,未定级,是,4000,0,17,125,6.79
5873,四川省,邛崃市博物馆,文化文物系统国有博物馆,未定级,是,7206,677,1,150,27.9665
5874,四川省,邛崃市当代孝道文化博物馆,非国有博物馆,未定级,是,386,0,3,5,2
5875,四川省,邛崃市古韵博物馆,非国有博物馆,未定级,是,303,0,3,2,1.2369
5876,四川省,渠县汉阙文化博物馆,文化文物系统国有博物馆,未定级,是,5,0,2,33,5.5385
5877,四川省,渠县历史博物馆,文化文物系统国有博物馆,三级,是,3243,434,7,20,13.6348
5878,四川省,壤塘县博物馆,文化文物系统国有博物馆,未定级,是,0,0,0,0,0
5879,四川省,壤塘县壤巴拉非遗博物馆,非国有博物馆,未定级,否,0,0,0,0,0
5880,四川省,荣县博物馆,文化文物系统国有博物馆,未定级,是,1247,452,5,24,10.5011
5881,四川省,荣县军政府旧址陈列馆,文化文物系统国有博物馆,未定级,是,200,1,6,37,9.9185
5882,四川省,荣县吴玉章故居陈列馆,文化文物系统国有博物馆,未定级,是,3000,0,4,18,25.05
5883,四川省,若尔盖县巴西纪念馆,文化文物系统国有博物馆,未定级,是,139,0,8,28,5.172
5884,四川省,若尔盖县红军长征过草地纪念馆,文化文物系统国有博物馆,未定级,是,0,0,0,0,0
5885,四川省,三台县博物馆,文化文物系统国有博物馆,三级,是,11547,1015,6,9,2.9909
5886,四川省,色达县格萨尔文化博物馆,文化文物系统国有博物馆,未定级,是,481,3,7,1,0.5
5887,四川省,沙湾郭沫若故居纪念馆,文化文物系统国有博物馆,未定级,是,432,7,9,13,21.817
5888,四川省,沙窝会议会址陈列馆,文化文物系统国有博物馆,未定级,是,5,0,1,1,0.2986
5889,四川省,陕南战役傲盘观战斗遗址陈列馆,文化文物系统国有博物馆,未定级,是,65,0,1,1,0.3275
5890,四川省,上川东地工委禄市特支陈列馆,文化文物系统国有博物馆,未定级,是,118,0,1,8,1.915
5891,四川省,射洪市书画博物馆,文化文物系统国有博物馆,三级,是,4685,515,9,48,10.3
5892,四川省,什邡市博物馆,文化文物系统国有博物馆,二级,是,2437,1045,12,59,13.13
5893,四川省,石渠县扎嘉民俗博物馆,非国有博物馆,未定级,是,680,0,1,0,0.05
5894,四川省,四川报业博物馆,其他行业国有博物馆,未定级,否,589,0,3,43,2.0442
5895,四川省,四川博物院,文化文物系统国有博物馆,一级,是,197945,45903,18,1828,160.5769
5896,四川省,四川大学博物馆,其他行业国有博物馆,一级,是,527185,35,7,199,61.1543
5897,四川省,四川广汉三星堆博物馆,文化文物系统国有博物馆,一级,否,1100,599,34,176,600.0108
5898,四川省,四川夹江手工造纸博物馆,文化文物系统国有博物馆,未定级,是,1322,36,2,11,4.2642
5899,四川省,四川建华芝麻油博物馆,非国有博物馆,未定级,是,389,0,1,15,0.3429
5900,四川省,四川绿色中医药博物馆,非国有博物馆,未定级,是,453,0,5,6,1.2
5901,四川省,四川茂林博物馆,非国有博物馆,未定级,是,2100,190,10,1,15.0625
5902,四川省,四川南方丝绸之路博物馆,非国有博物馆,未定级,是,1001,0,9,307,14.7609
5903,四川省,四川荣军博物馆,其他行业国有博物馆,未定级,是,2385,51,4,82,2.4018
5904,四川省,四川省东汉醪糟文化博物馆,非国有博物馆,未定级,是,440,1,1,72,0.5
5905,四川省,四川省建川博物馆,非国有博物馆,一级,否,2799496,758,27,14,203.0834
5906,四川省,四川省鹿野苑私立石刻艺术博物馆,非国有博物馆,未定级,是,869,0,3,6,15.1614
5907,四川省,四川省蓉府藏文典籍博物馆,非国有博物馆,未定级,是,495,211,1,0,0
5908,四川省,四川省三都博物馆,非国有博物馆,未定级,是,2841,123,7,3,3.8915
5909,四川省,四川省夕佳山民俗博物馆,文化文物系统国有博物馆,未定级,是,2888,102,3,33,21.6542
5910,四川省,四川泰来古代艺术博物馆,非国有博物馆,未定级,是,50,0,6,0,0.1339
5911,四川省,四川天府荆溪茶具文化博物馆,非国有博物馆,未定级,是,305,0,10,50,11.538
5912,四川省,四川天府新区和美三农博物馆,非国有博物馆,未定级,是,304,0,2,3,1.5621
5913,四川省,四川王皮影艺术博物馆,非国有博物馆,未定级,是,7360,0,5,58,1.25
5914,四川省,四川易园园林艺术博物馆,非国有博物馆,三级,是,1528,0,13,16,2.6848
5915,四川省,四川原道文化博物馆,非国有博物馆,未定级,是,2700,0,3,0,0.25
5916,四川省,松潘红军长征过草地陈列馆,文化文物系统国有博物馆,未定级,是,10,0,1,1,0.076
5917,四川省,遂宁观音文化博物馆,非国有博物馆,未定级,是,1080,0,5,24,3.98
5918,四川省,遂宁市安居区博物馆（区文物保护所）,文化文物系统国有博物馆,未定级,是,138,1,3,8,1.4832
5919,四川省,遂宁市安居人家博物馆,非国有博物馆,未定级,是,14018,0,4,0,0.9
5920,四川省,遂宁市博物馆,文化文物系统国有博物馆,二级,是,15200,1449,25,1706,31.0003
5921,四川省,天宝村博物馆,文化文物系统国有博物馆,未定级,是,156,0,2,10,3
5922,四川省,天府农耕文明博物馆,其他行业国有博物馆,未定级,否,596,0,5,0,14
5923,四川省,天全县红军纪念馆,文化文物系统国有博物馆,未定级,是,850,9,6,12,10.4666
5924,四川省,天全县红色文化陈列馆,文化文物系统国有博物馆,未定级,是,150,2,4,5,2.0947
5925,四川省,天仙镇飞跃村村史馆,其他行业国有博物馆,未定级,是,133,0,2,1,0.6
5926,四川省,通江县空山战役纪念馆,其他行业国有博物馆,未定级,是,124,0,1,132,8.957
5927,四川省,通江银耳博物馆,文化文物系统国有博物馆,未定级,是,531,11,4,15,31.5128
5928,四川省,王光祈纪念馆,文化文物系统国有博物馆,未定级,是,610,0,1,21,2.2637
5929,四川省,旺苍县木门军事会议纪念馆,文化文物系统国有博物馆,未定级,是,68,13,1,105,18.4714
5930,四川省,威远县罗世文烈士史料陈列馆,其他行业国有博物馆,未定级,是,582,92,16,259,9.94
5931,四川省,维强羌族银饰博物馆,非国有博物馆,未定级,是,316,0,9,20,0.45
5932,四川省,魏明伦戏剧馆,其他行业国有博物馆,未定级,是,899,0,4,5,2
5933,四川省,汶川县博物馆,文化文物系统国有博物馆,三级,是,12329,280,8,20,1.8343
5934,四川省,汶川县马岭山红军阻击战场遗址纪念馆,文化文物系统国有博物馆,未定级,是,234,0,7,0,0.0321
5935,四川省,卧龙自然与地震博物馆,其他行业国有博物馆,未定级,是,5100,0,4,8,6.8312
5936,四川省,五粮液酒文化博览馆,其他行业国有博物馆,未定级,是,131,0,1,0,6.4862
5937,四川省,武胜县宝箴塞民俗博物馆,文化文物系统国有博物馆,未定级,否,216,0,1,5,33.65
5938,四川省,西部客家博物馆,其他行业国有博物馆,未定级,是,679,0,6,68,23
5939,四川省,西昌市建昌蜀绣博物馆,非国有博物馆,未定级,是,892,0,2,10,34.885
5940,四川省,西昌市开物斋喜马拉雅艺术博物馆,非国有博物馆,未定级,否,369,0,5,3,3.2036
5941,四川省,西充县博物馆,文化文物系统国有博物馆,未定级,是,2034,498,11,3,0.45
5942,四川省,西南民族大学民族博物馆,其他行业国有博物馆,未定级,是,8848,0,9,7,1.3357
5943,四川省,西南医科大学附属中医医院中医药文化博物馆,其他行业国有博物馆,未定级,是,283,0,2,134,0.2632
5944,四川省,乡城县红军长征陈列馆,文化文物系统国有博物馆,未定级,是,467,0,4,2,1.3
5945,四川省,小金县红军长征两河口会议纪念馆,文化文物系统国有博物馆,未定级,是,200,0,4,5,3.52
5946,四川省,新都博物馆,文化文物系统国有博物馆,未定级,是,1615,464,11,30,22.2026
5947,四川省,新都杨升庵博物馆,文化文物系统国有博物馆,二级,否,1615,427,11,30,43.5961
5948,四川省,荥经县博物馆,文化文物系统国有博物馆,二级,是,5248,271,5,12,2.6032
5949,四川省,兴文县博物馆,文化文物系统国有博物馆,未定级,是,1128,0,1,22,6.3071
5950,四川省,叙永县木雕石刻艺术博物馆,文化文物系统国有博物馆,未定级,是,916,107,3,150,13
5951,四川省,叙永县石厢子长征红色革命文化陈列馆,文化文物系统国有博物馆,未定级,是,302,0,1,672,6.8234
5952,四川省,宣汉县王维舟纪念馆,文化文物系统国有博物馆,未定级,是,876,112,4,25,14.888
5953,四川省,雅安市博物馆,文化文物系统国有博物馆,二级,是,7202,79,7,32,13.4585
5954,四川省,雅安市名山区红军百丈关战斗遗址陈列馆,文化文物系统国有博物馆,未定级,是,217,0,1,171,11.2528
5955,四川省,雅安市骑士罗骑行游历博物馆,非国有博物馆,未定级,是,311,0,2,3,2.3421
5956,四川省,雅安市生态博物馆,文化文物系统国有博物馆,未定级,是,1173,1,16,57,18.022
5957,四川省,雅安市雨城区博物馆,文化文物系统国有博物馆,未定级,是,556,255,8,15,0.3842
5958,四川省,盐亭县博物馆,文化文物系统国有博物馆,未定级,是,1459,102,3,7,6.166
5959,四川省,盐源摩梭博物馆,文化文物系统国有博物馆,未定级,否,517,43,3,4,8.7683
5960,四川省,仪陇县博物馆,文化文物系统国有博物馆,未定级,是,182,182,1,33,45.5019
5961,四川省,宜宾市博物院,文化文物系统国有博物馆,一级,是,3604,942,8,636,48.0768
5962,四川省,宜宾市翠屏区李庄抗战文化陈列馆,文化文物系统国有博物馆,未定级,是,445,1,6,5,38.2752
5963,四川省,宜宾市南溪区博物馆,文化文物系统国有博物馆,未定级,是,1363,474,3,50,0.9984
5964,四川省,宜宾市南溪朱德旧居陈列馆,文化文物系统国有博物馆,未定级,是,249,0,2,25,11.5789
5965,四川省,宜宾市蜀南竹海博物馆,文化文物系统国有博物馆,未定级,是,634,0,7,8,17.2779
5966,四川省,宜宾市叙州区博物馆,文化文物系统国有博物馆,未定级,是,475,158,1,27,3.0968
5967,四川省,宜宾市赵一曼纪念馆,文化文物系统国有博物馆,二级,是,920,84,6,55,48.3726
5968,四川省,彝海结盟纪念馆,文化文物系统国有博物馆,未定级,是,103,22,2,80,14.0417
5969,四川省,英勇社区博物馆,其他行业国有博物馆,未定级,是,352,0,1,30,1.8
5970,四川省,营山县博物馆,文化文物系统国有博物馆,未定级,是,2896,96,1,0,4.35
5971,四川省,张大千博物馆,文化文物系统国有博物馆,未定级,是,638,7,9,13,7.1492
5972,四川省,张澜纪念馆,文化文物系统国有博物馆,未定级,是,544,45,9,204,37.3732
5973,四川省,张思德故居陈列室,文化文物系统国有博物馆,未定级,是,114,5,1,6,15
5974,四川省,张思德纪念馆,文化文物系统国有博物馆,未定级,是,931,0,5,33,2.275
5975,四川省,昭化古城红军革命遗址群陈列馆,文化文物系统国有博物馆,未定级,是,82,0,1,1,1.9135
5976,四川省,昭化区红四方面军指挥部旧址陈列馆,文化文物系统国有博物馆,未定级,是,85,0,1,1,0.3275
5977,四川省,昭化区太公山红军遗址群陈列馆,文化文物系统国有博物馆,未定级,是,300,0,1,2,4.5213
5978,四川省,知识青年上山下乡西昌纪念馆,文化文物系统国有博物馆,未定级,是,4238,0,10,128,28.1357
5979,四川省,中共川南特委陈列馆,文化文物系统国有博物馆,未定级,是,644,0,4,6,11.2656
5980,四川省,中共阆南县委旧址陈列馆,文化文物系统国有博物馆,未定级,是,51,0,2,5,1.1554
5981,四川省,中国彩灯博物馆,文化文物系统国有博物馆,二级,是,4443,5,16,487,56.3725
5982,四川省,中国工农红军强渡大渡河纪念馆,文化文物系统国有博物馆,未定级,是,542,38,2,39,36.2372
5983,四川省,中国民主同盟历史陈列馆,其他行业国有博物馆,未定级,是,325,0,3,20,31.013
5984,四川省,中江博物馆,文化文物系统国有博物馆,未定级,是,1537,481,5,37,6.4004
5985,四川省,朱德同志故居纪念馆,文化文物系统国有博物馆,一级,是,3397,654,12,569,49.8563
5986,四川省,朱德铜像纪念园,文化文物系统国有博物馆,三级,是,1520,39,10,62,48.31
5987,四川省,朱德总司令和五世格达活佛纪念馆,文化文物系统国有博物馆,未定级,是,1512,0,37,43,6.76
5988,四川省,资阳市博物馆,文化文物系统国有博物馆,未定级,是,1419,143,19,68,15.86
5989,四川省,资中县博物馆,文化文物系统国有博物馆,未定级,是,1258,349,3,2,0.98
5990,四川省,资中县罗泉会议会址陈列馆,文化文物系统国有博物馆,未定级,是,103,0,9,20,1.12
5991,四川省,梓潼县博物馆,文化文物系统国有博物馆,未定级,是,990,151,3,3,16.5623
5992,四川省,自贡博物院,文化文物系统国有博物馆,未定级,否,734,19,13,173,2.5
5993,四川省,自贡抗日献金运动陈列馆,文化文物系统国有博物馆,未定级,是,122,0,8,206,5.8
5994,四川省,自贡抗战盐运文化陈列馆,文化文物系统国有博物馆,未定级,是,122,0,2,5,3.3997
5995,四川省,自贡恐龙博物馆,文化文物系统国有博物馆,一级,否,4382,3442,22,536,160.0451
5996,四川省,自贡三线建设博物馆,其他行业国有博物馆,未定级,是,736,0,2,45,1.1587
5997,四川省,自贡市大安区燊海井遗址博物馆,文化文物系统国有博物馆,未定级,否,490,0,1,209,37.9563
5998,四川省,自贡市贡井区贡井街道老街子社区博物馆,文化文物系统国有博物馆,未定级,是,200,0,24,10,0.65
5999,四川省,自贡市盐业历史博物馆,文化文物系统国有博物馆,一级,否,4967,572,14,226,30.348
6000,四川省,自贡仙市古镇陈家祠家风馆,文化文物系统国有博物馆,未定级,是,201,0,3,4,6.5
6001,天津市,曹禺故居纪念馆,其他行业国有博物馆,未定级,是,987,0,4,0,7.232
6002,天津市,霍元甲纪念馆,其他行业国有博物馆,未定级,否,30,0,1,6,2
6003,天津市,李叔同（故居）纪念馆,文化文物系统国有博物馆,未定级,是,271,0,1,25,11.3226
6004,天津市,利顺德博物馆,其他行业国有博物馆,未定级,否,101,17,2,26,5.6142
6005,天津市,南开大学博物馆,其他行业国有博物馆,未定级,是,3454,486,3,7,0.6112
6006,天津市,平津战役纪念馆,文化文物系统国有博物馆,一级,是,11296,305,6,142,101.95
6007,天津市,平津战役天津前线指挥部旧址陈列馆,文化文物系统国有博物馆,未定级,是,118,0,2,20,0.5721
6008,天津市,天津拜石文化博物馆,非国有博物馆,未定级,是,409,0,12,2,8.4878
6009,天津市,天津宝成博物苑,非国有博物馆,未定级,否,764,0,0,0,0
6010,天津市,天津标准眼镜博物馆,非国有博物馆,未定级,是,700,0,3,19,1.1
6011,天津市,天津博物馆,文化文物系统国有博物馆,一级,是,217813,137848,39,678,261.5865
6012,天津市,天津沉香艺术博物馆,非国有博物馆,二级,是,345,0,6,40,2.9418
6013,天津市,天津大港奥林匹克博物馆,非国有博物馆,未定级,是,885,0,8,26,1.5398
6014,天津市,天津电力科技博物馆,其他行业国有博物馆,未定级,是,80,0,7,19,1.5404
6015,天津市,天津纺织博物馆,其他行业国有博物馆,未定级,否,2201,0,1,5,0.7071
6016,天津市,天津格格府典藏博物馆,非国有博物馆,未定级,否,336,0,3,3,3.7233
6017,天津市,天津鼓楼博物馆,文化文物系统国有博物馆,未定级,是,13,0,3,72,23.1058
6018,天津市,天津国家海洋博物馆,其他行业国有博物馆,未定级,是,39138,124,28,1223,327.0073
6019,天津市,天津华明机床博物馆,非国有博物馆,未定级,是,316,0,5,13,1.6483
6020,天津市,天津华夏草堂艺术品博物馆,非国有博物馆,未定级,否,312,0,1,0,0.3
6021,天津市,天津华夏石雕艺术博物馆,非国有博物馆,未定级,是,303,0,5,5,0.3185
6022,天津市,天津华夏鞋文化博物馆,非国有博物馆,未定级,是,953,0,0,0,0
6023,天津市,天津黄崖关长城博物馆,其他行业国有博物馆,未定级,否,305,0,2,6,40.9184
6024,天津市,天津金融博物馆,非国有博物馆,未定级,否,301,0,0,0,0
6025,天津市,天津酒博印象博物馆,非国有博物馆,未定级,是,1500,0,2,6,0.5859
6026,天津市,天津觉悟社纪念馆,文化文物系统国有博物馆,未定级,是,425,0,5,55,11.4823
6027,天津市,天津开发区三维成像技术博物馆,非国有博物馆,未定级,是,251,0,8,17,0.0398
6028,天津市,天津可乐马古典家具博物馆,非国有博物馆,未定级,否,304,0,2,3,1.05
6029,天津市,天津梁启超纪念馆,文化文物系统国有博物馆,三级,否,1157,6,13,171,12.518
6030,天津市,天津芦台春地方文化博物馆,非国有博物馆,未定级,是,312,0,17,30,5
6031,天津市,天津炉天下宣德炉艺术博物馆,非国有博物馆,未定级,是,300,0,4,15,0.285
6032,天津市,天津美术馆,文化文物系统国有博物馆,未定级,是,1409,0,35,329,62.8432
6033,天津市,天津美术学院美术馆,其他行业国有博物馆,未定级,是,2191,0,37,34,5.7893
6034,天津市,天津名车苑汽车文化博物馆,非国有博物馆,未定级,是,1607,0,5,57,2.9
6035,天津市,天津泉香阁钱币博物馆,非国有博物馆,未定级,是,595,0,15,12,0.5994
6036,天津市,天津尚贤阁近代历史文化博物馆,非国有博物馆,未定级,是,330,0,0,0,0
6037,天津市,天津市滨海新区博物馆,文化文物系统国有博物馆,二级,是,4972,8,20,66,9.323
6038,天津市,天津市滨海新区汉沽国际版画藏书票收藏馆,非国有博物馆,未定级,是,7976,0,8,15,0.6996
6039,天津市,天津市滨海新区塘沽大沽口炮台遗址博物馆,文化文物系统国有博物馆,未定级,否,603,19,4,286,26.3362
6040,天津市,天津市瓷房子博物馆,非国有博物馆,未定级,否,1110,0,1,10,46.8802
6041,天津市,天津市古林古海岸遗迹博物馆,文化文物系统国有博物馆,未定级,是,574,0,2,41,1.1881
6042,天津市,天津市蓟州区地质博物馆（天津市蓟州区历史博物馆）,其他行业国有博物馆,未定级,是,1318,0,8,27,5.571
6043,天津市,天津市蓟州区文物博物馆,文化文物系统国有博物馆,未定级,否,1782,45,14,8,44.8643
6044,天津市,天津市蓟州中上元古界地质陈列馆,其他行业国有博物馆,未定级,是,522,0,1,2,1.1619
6045,天津市,天津市静海区萨马兰奇纪念馆,非国有博物馆,二级,否,15134,0,5,173,14.5038
6046,天津市,天津市隽祯博物馆,非国有博物馆,未定级,否,1104,0,1,5,1.5663
6047,天津市,天津市军事管制委员会和中共天津市委旧址纪念馆,其他行业国有博物馆,未定级,否,450,0,2,16,15
6048,天津市,天津市老城博物馆,文化文物系统国有博物馆,未定级,否,274,0,4,13,16.5719
6049,天津市,天津市联升斋刺绣艺术博物馆,非国有博物馆,未定级,是,300,0,6,4,0.7374
6050,天津市,天津市烈士陵园（在日殉难烈士·劳工纪念馆）,其他行业国有博物馆,未定级,是,471,51,6,490,10
6051,天津市,天津市民俗博物馆,其他行业国有博物馆,未定级,是,849,0,2,24,39.6025
6052,天津市,天津市宁河区烈士陵园（于方舟烈士纪念馆）,其他行业国有博物馆,未定级,是,125,0,0,0,0
6053,天津市,天津市盘山烈士陵园（盘山革命纪念馆）,其他行业国有博物馆,未定级,是,363,0,6,600,8.4
6054,天津市,天津市三条石历史博物馆,文化文物系统国有博物馆,未定级,是,5900,25,6,6,0.7257
6055,天津市,天津市体育博物馆,其他行业国有博物馆,未定级,是,5612,0,12,58,12.7296
6056,天津市,天津市天津建筑工法展览馆,非国有博物馆,未定级,是,292,0,5,8,0.6283
6057,天津市,天津市武清区博物馆,文化文物系统国有博物馆,二级,是,2707,97,12,46,10.03
6058,天津市,天津守道胶片相机博物馆,非国有博物馆,未定级,是,831,0,18,0,0.156
6059,天津市,天津数字艺术博物馆,非国有博物馆,未定级,否,400,0,10,154,10.2566
6060,天津市,天津水上记忆博物馆,非国有博物馆,未定级,是,356,0,8,139,11.6428
6061,天津市,天津文庙博物馆,文化文物系统国有博物馆,三级,否,242,0,3,142,4.7985
6062,天津市,天津五岳缘古典家具博物馆,非国有博物馆,未定级,否,302,0,3,12,1.023
6063,天津市,天津西洋美术馆,非国有博物馆,未定级,是,590,0,4,0,0.474
6064,天津市,天津戏剧博物馆,文化文物系统国有博物馆,三级,否,3668,707,10,70,18.2151
6065,天津市,天津兴家民俗博物馆,非国有博物馆,未定级,是,5326,0,6,15,0.358
6066,天津市,天津杨柳青博物馆（杨柳青年画馆）,文化文物系统国有博物馆,未定级,是,986,0,1,0,0
6067,天津市,天津杨柳青木版年画博物馆,其他行业国有博物馆,未定级,是,30081,34,9,69,1.83
6068,天津市,天津一二?九抗日救亡运动纪念馆,其他行业国有博物馆,未定级,是,3,0,1,8,1
6069,天津市,天津义和团纪念馆（天津市红桥区文物保护中心）,文化文物系统国有博物馆,未定级,是,455,66,6,6,1.7174
6070,天津市,天津义聚永酒文化博物馆,其他行业国有博物馆,未定级,是,211,0,2,4,0.1574
6071,天津市,天津应大皮衣博物馆,非国有博物馆,未定级,是,327,0,1,12,0.0585
6072,天津市,天津邮政博物馆,其他行业国有博物馆,未定级,是,591,0,9,19,13.482
6073,天津市,天津自然博物馆（北疆博物院）,文化文物系统国有博物馆,一级,是,374350,1160,20,1984,320.7446
6074,天津市,元明清天妃宫遗址博物馆,文化文物系统国有博物馆,二级,是,7992,102,3,38,6.0062
6075,天津市,中共中央北方局旧址纪念馆,文化文物系统国有博物馆,未定级,是,0,0,1,0,3.1936
6076,天津市,中国共产党天津历史纪念馆,文化文物系统国有博物馆,未定级,是,300,1,2,35,6.3251
6077,天津市,中国银行（天津）博物馆,其他行业国有博物馆,未定级,是,327,0,1,167,6.2333
6078,天津市,周恩来邓颖超纪念馆,文化文物系统国有博物馆,一级,是,15835,583,47,170,119.1628
6079,西藏自治区,阿里博物馆,文化文物系统国有博物馆,未定级,是,2100,0,11,14,2.6773
6080,西藏自治区,班戈县非遗博物馆,文化文物系统国有博物馆,未定级,是,186,0,2,1,0.0367
6081,西藏自治区,藏王陵博物馆,文化文物系统国有博物馆,未定级,是,2,0,3,35,0.5445
6082,西藏自治区,藏戏博物馆,其他行业国有博物馆,未定级,是,1950,72,1,10,0.5
6083,西藏自治区,昌都市博物馆,文化文物系统国有博物馆,未定级,是,7000,0,9,5,4.1
6084,西藏自治区,昌都市革命历史博物馆,文化文物系统国有博物馆,未定级,是,850,0,4,45,3.54
6085,西藏自治区,大唐天竺使之铭陈列馆,文化文物系统国有博物馆,未定级,是,32,0,1,16,0.12
6086,西藏自治区,江达县岗托十八军军营旧址,文化文物系统国有博物馆,未定级,是,171,0,25,71,0.7603
6087,西藏自治区,朗孜夏陈列馆,文化文物系统国有博物馆,未定级,是,65,0,1,13,19.9704
6088,西藏自治区,林芝市藏东南文化遗产博物馆,文化文物系统国有博物馆,未定级,是,2000,0,1,18,4.8113
6089,西藏自治区,林芝市察隅县英雄坡纪念馆陈列馆,文化文物系统国有博物馆,未定级,是,100,0,2,15,0.05
6090,西藏自治区,林周农场,文化文物系统国有博物馆,未定级,是,1055,0,1,436,1.3212
6091,西藏自治区,清政府驻藏大臣衙门旧址陈列馆,文化文物系统国有博物馆,未定级,是,168,0,1,36,100
6092,西藏自治区,日喀则博物馆,文化文物系统国有博物馆,未定级,是,3555,65,8,263,2.2017
6093,西藏自治区,日喀则石刻艺术博物馆,文化文物系统国有博物馆,未定级,是,1608,289,6,7,1.8
6094,西藏自治区,山南市博物馆（市文物保护和考古研究所）,文化文物系统国有博物馆,三级,是,8000,140,7,4,11.9908
6095,西藏自治区,谭冠三纪念园,其他行业国有博物馆,未定级,是,25,0,4,50,4.8
6096,西藏自治区,西藏博物馆,文化文物系统国有博物馆,一级,是,71121,43282,17,159,75.4664
6097,西藏自治区,西藏夺底钱币博物馆,非国有博物馆,未定级,是,4958,0,2,3,0.6621
6098,西藏自治区,西藏工业博物馆,其他行业国有博物馆,未定级,是,422,0,4,261,0.9894
6099,西藏自治区,西藏毛主席像章博物馆,非国有博物馆,未定级,是,350000,0,1,8,3.1
6100,西藏自治区,西藏牦牛博物馆,文化文物系统国有博物馆,二级,是,7634,109,5,6,5.0409
6101,西藏自治区,西藏自然科学博物馆,其他行业国有博物馆,未定级,是,6494,0,12,67,12.3144
6102,西藏自治区,西藏自治区布达拉宫管理处,文化文物系统国有博物馆,未定级,否,185969,30522,3,5,167.3209
6103,西藏自治区,西藏自治区罗布林卡管理处,文化文物系统国有博物馆,未定级,否,114370,12539,3,3,61.5599
6104,西藏自治区,扎木中心县委红楼,文化文物系统国有博物馆,未定级,是,2160,0,1,400,3.5
6105,新疆生产建设兵团,103团知青纪念馆、亮剑团史馆,文化文物系统国有博物馆,未定级,是,4336,0,1,183,0.8532
6106,新疆生产建设兵团,兵团十师屯垦戍边史馆,文化文物系统国有博物馆,未定级,是,108,0,3,890,4.42
6107,新疆生产建设兵团,第二师渤海教导旅纪念馆,文化文物系统国有博物馆,未定级,是,217,0,3,8,20.63
6108,新疆生产建设兵团,第六师五家渠市军垦博物馆,文化文物系统国有博物馆,二级,是,5178,0,1,80,22.0956
6109,新疆生产建设兵团,第十三师新星市博物馆,文化文物系统国有博物馆,未定级,是,5284,0,1,5,5
6110,新疆生产建设兵团,第十三师新星市红星军垦博物馆,文化文物系统国有博物馆,三级,是,1890,0,1,12,10.5
6111,新疆生产建设兵团,第十师博物馆,文化文物系统国有博物馆,未定级,是,2850,0,7,9,2.7042
6112,新疆生产建设兵团,第十师一八五团抗洪守土纪念馆,文化文物系统国有博物馆,未定级,是,1,0,1,193,6
6113,新疆生产建设兵团,第五师双河市“红星耀双河”陈列馆,文化文物系统国有博物馆,未定级,是,1711,0,1,38,2.3234
6114,新疆生产建设兵团,戈壁母亲旧居,文化文物系统国有博物馆,未定级,是,980,0,1,7,6.65
6115,新疆生产建设兵团,七十二团红军团博物馆,文化文物系统国有博物馆,未定级,是,427,0,1,8,1.5035
6116,新疆生产建设兵团,三五九旅屯垦纪念馆,文化文物系统国有博物馆,三级,是,13991,0,6,26,41.32
6117,新疆生产建设兵团,孙龙珍屯垦戍边陈列馆,文化文物系统国有博物馆,未定级,是,103,0,2,27,5.036
6118,新疆生产建设兵团,西域文化博物馆,其他行业国有博物馆,未定级,是,851,0,1,16,0.15
6119,新疆生产建设兵团,新疆生产建设兵团军垦博物馆,文化文物系统国有博物馆,二级,是,28689,52,6,500,80.8862
6120,新疆生产建设兵团,新疆屯垦历史博物馆,文化文物系统国有博物馆,三级,是,4345,90,2,32,24.1631
6121,新疆生产建设兵团,中国人民解放军进军和田纪念馆,其他行业国有博物馆,未定级,是,946,0,1,200,7.3934
6122,新疆生产建设兵团,周总理纪念碑、纪念馆,文化文物系统国有博物馆,未定级,是,199,0,1,0,11.7919
6123,新疆维吾尔自治区,阿尔泰山中草药博物馆,其他行业国有博物馆,未定级,是,1184,0,3,43,3.5505
6124,新疆维吾尔自治区,阿克苏地区柯柯牙纪念馆,其他行业国有博物馆,未定级,是,152,0,1,2,10.0372
6125,新疆维吾尔自治区,阿克苏地区文博院（博物馆）,文化文物系统国有博物馆,二级,是,11854,89,8,63,30.1106
6126,新疆维吾尔自治区,阿拉山口市群众文化体育管理中心（文化馆、博物馆、图书馆、美术馆、体育馆）,其他行业国有博物馆,未定级,是,13,0,1,65,2.3829
6127,新疆维吾尔自治区,阿乐惠镇军工纪念馆,其他行业国有博物馆,未定级,是,1000,0,2,55,0.32
6128,新疆维吾尔自治区,阿勒泰市博物馆,文化文物系统国有博物馆,未定级,是,613,47,2,30,1.6
6129,新疆维吾尔自治区,阿瓦提县博物馆,文化文物系统国有博物馆,未定级,是,50,0,0,0,0
6130,新疆维吾尔自治区,巴楚县博物馆,文化文物系统国有博物馆,三级,是,353,22,4,19,13.5162
6131,新疆维吾尔自治区,巴里坤哈萨克自治县博物馆,文化文物系统国有博物馆,未定级,是,1563,27,13,25,38
6132,新疆维吾尔自治区,巴州心祖博物馆,非国有博物馆,未定级,否,5000,0,1,0,0.03
6133,新疆维吾尔自治区,百年喀什馆,其他行业国有博物馆,未定级,否,0,0,1,0,15.8067
6134,新疆维吾尔自治区,拜城县博物馆,文化文物系统国有博物馆,未定级,是,236,9,4,17,3.1326
6135,新疆维吾尔自治区,博尔塔拉蒙古自治州博物馆,文化文物系统国有博物馆,三级,是,4633,203,12,23,11.6774
6136,新疆维吾尔自治区,博乐市博物馆,文化文物系统国有博物馆,未定级,是,329,36,1,82,4.2
6137,新疆维吾尔自治区,博乐市达勒特古城遗址博物馆,文化文物系统国有博物馆,未定级,是,42,0,1,0,0.815
6138,新疆维吾尔自治区,博乐市西海牧歌博物馆,非国有博物馆,未定级,是,5000,0,2,0,0.35
6139,新疆维吾尔自治区,布尔津县文博院（前苏联航运办事处纪念馆）,文化文物系统国有博物馆,未定级,是,468,32,1,34,7.5997
6140,新疆维吾尔自治区,布茹玛汗·毛勒朵戍边馆,其他行业国有博物馆,未定级,是,450,0,1,81,0.7
6141,新疆维吾尔自治区,策勒县博物馆,文化文物系统国有博物馆,未定级,是,261,17,1,42,3.6946
6142,新疆维吾尔自治区,策勒县红色展馆,文化文物系统国有博物馆,未定级,是,30000,0,1,15,0.3
6143,新疆维吾尔自治区,察布查尔锡伯自治县文博院,文化文物系统国有博物馆,未定级,是,103,0,2,65,14.3746
6144,新疆维吾尔自治区,察布查尔县扎库齐牛录乡小白杨戍边文化纪念馆,其他行业国有博物馆,未定级,是,118,0,1,364,2.2
6145,新疆维吾尔自治区,昌吉回族自治州博物馆（昌吉回族自治州文物保护研究所）,文化文物系统国有博物馆,三级,是,6874,238,2,52,19.8312
6146,新疆维吾尔自治区,昌吉恐龙馆,其他行业国有博物馆,未定级,是,103,0,1,111,14
6147,新疆维吾尔自治区,昌吉木垒草原坎儿井博物馆,其他行业国有博物馆,未定级,否,32,0,1,4,0.352
6148,新疆维吾尔自治区,昌吉市清代粮仓遗址博物馆,文化文物系统国有博物馆,未定级,是,192,0,1,5,3.2456
6149,新疆维吾尔自治区,独库公路博物馆,其他行业国有博物馆,未定级,是,692,0,5,10,41.6743
6150,新疆维吾尔自治区,额敏县博物馆,文化文物系统国有博物馆,未定级,是,419,17,5,27,15.9947
6151,新疆维吾尔自治区,福海县文博院,文化文物系统国有博物馆,未定级,是,148,6,1,39,2.127
6152,新疆维吾尔自治区,阜康市博物馆,文化文物系统国有博物馆,未定级,是,5308,23,3,36,2.0125
6153,新疆维吾尔自治区,富蕴县文博院（富蕴可可托海世界地质公园博物馆）,文化文物系统国有博物馆,未定级,是,627,34,2,83,4.0916
6154,新疆维吾尔自治区,工商银行乌鲁木齐大银行历史展馆,其他行业国有博物馆,未定级,是,568,0,1,33,0.2925
6155,新疆维吾尔自治区,巩留县博物馆,文化文物系统国有博物馆,未定级,是,305,0,2,16,2.4852
6156,新疆维吾尔自治区,哈巴河县文博院,文化文物系统国有博物馆,未定级,是,404,78,1,12,1.6
6157,新疆维吾尔自治区,哈密市博物馆,文化文物系统国有博物馆,一级,是,59038,542,19,120,41.6768
6158,新疆维吾尔自治区,哈密市伊州区博物馆,文化文物系统国有博物馆,未定级,是,190,0,5,12,14
6159,新疆维吾尔自治区,哈密左公文化苑,文化文物系统国有博物馆,未定级,是,69,1,1,0,7
6160,新疆维吾尔自治区,和布克赛尔蒙古自治县博物馆,文化文物系统国有博物馆,未定级,是,128,6,3,3,3.438
6161,新疆维吾尔自治区,和布克赛尔县王爷府博物馆,文化文物系统国有博物馆,未定级,是,0,0,1,2,1.245
6162,新疆维吾尔自治区,和静县东归博物馆（和静县文物管理所）,文化文物系统国有博物馆,未定级,是,1587,168,4,0,5.195
6163,新疆维吾尔自治区,和硕县文博馆,文化文物系统国有博物馆,未定级,是,348,10,3,24,7.2
6164,新疆维吾尔自治区,和田地区博物馆,文化文物系统国有博物馆,二级,是,20774,851,10,102,41.2979
6165,新疆维吾尔自治区,红旗露天影剧院博物馆,其他行业国有博物馆,未定级,是,600,0,1,2,0.5
6166,新疆维吾尔自治区,呼图壁县博物馆,文化文物系统国有博物馆,未定级,是,9703,4,6,42,1.6982
6167,新疆维吾尔自治区,霍城县博物馆,文化文物系统国有博物馆,未定级,是,223,15,0,0,0
6168,新疆维吾尔自治区,吉木乃县博物馆,文化文物系统国有博物馆,未定级,是,140,22,1,10,0.05
6169,新疆维吾尔自治区,吉木萨尔县北庭西寺遗址博物馆,文化文物系统国有博物馆,未定级,否,0,0,1,70,10.5
6170,新疆维吾尔自治区,吉木萨尔县博物馆,文化文物系统国有博物馆,未定级,是,1514,18,2,30,3.102
6171,新疆维吾尔自治区,精河县博物馆,文化文物系统国有博物馆,未定级,是,550,57,1,4,0.58
6172,新疆维吾尔自治区,喀什地区博物馆,文化文物系统国有博物馆,二级,是,5265,61,9,58,25.1022
6173,新疆维吾尔自治区,喀什市博物馆,文化文物系统国有博物馆,未定级,是,0,0,0,0,0
6174,新疆维吾尔自治区,柯坪县博物馆,文化文物系统国有博物馆,未定级,是,748,0,3,0,0
6175,新疆维吾尔自治区,克拉玛依红色记忆展览馆,非国有博物馆,未定级,是,10000,0,3,4,1.35
6176,新疆维吾尔自治区,克拉玛依区丝绸之路博物馆,非国有博物馆,未定级,是,436,0,1,4,0.026
6177,新疆维吾尔自治区,克拉玛依市城市记忆博物馆,非国有博物馆,未定级,是,1200,0,2,2,0.065
6178,新疆维吾尔自治区,克拉玛依市独山子区展览（博物）馆,文化文物系统国有博物馆,未定级,是,2561,24,8,7,1.3793
6179,新疆维吾尔自治区,克拉玛依市文博院（展览馆）,文化文物系统国有博物馆,二级,是,7465,69,4,28,11.0056
6180,新疆维吾尔自治区,克拉玛依市紫砂博物馆,非国有博物馆,未定级,是,300,0,7,18,4.5
6181,新疆维吾尔自治区,克州博物馆,文化文物系统国有博物馆,未定级,是,1154,21,6,41,10.5212
6182,新疆维吾尔自治区,空军新疆航空队纪念馆,其他行业国有博物馆,未定级,是,120,0,2,80,1.2
6183,新疆维吾尔自治区,库车龟兹魏晋遗址博物馆,文化文物系统国有博物馆,未定级,否,161,0,1,8,10
6184,新疆维吾尔自治区,库车市龟兹博物馆,文化文物系统国有博物馆,未定级,是,3985,96,2,22,50
6185,新疆维吾尔自治区,库车市林基路烈士纪念馆,文化文物系统国有博物馆,未定级,是,11,0,1,8,2.9
6186,新疆维吾尔自治区,库尔勒民俗文化博物馆,文化文物系统国有博物馆,三级,是,2049,0,9,28,6.5
6187,新疆维吾尔自治区,轮台县文物保护管理所（轮台县博物馆）,文化文物系统国有博物馆,未定级,是,288,0,3,2,3.2
6188,新疆维吾尔自治区,轮台长城文化博物馆,文化文物系统国有博物馆,未定级,是,45,0,0,0,0
6189,新疆维吾尔自治区,洛浦县博物馆,文化文物系统国有博物馆,未定级,是,325,4,4,52,1.9
6190,新疆维吾尔自治区,玛纳斯县博物馆,文化文物系统国有博物馆,三级,是,2113,10,3,57,4.3465
6191,新疆维吾尔自治区,玛纳斯县乐土驿·驿站博物馆,其他行业国有博物馆,未定级,是,158,0,1,33,2.1
6192,新疆维吾尔自治区,民丰县尼雅博物馆,文化文物系统国有博物馆,未定级,是,205,60,2,30,2.1786
6193,新疆维吾尔自治区,木垒哈萨克自治县博物馆,文化文物系统国有博物馆,三级,是,2369,86,4,56,6.1638
6194,新疆维吾尔自治区,木垒县胡杨精神陈列馆,其他行业国有博物馆,未定级,是,322,0,4,0,0.035
6195,新疆维吾尔自治区,尼勒克县种蜂场黑蜂科技馆,其他行业国有博物馆,未定级,是,138,0,1,40,1.2
6196,新疆维吾尔自治区,奇台县博物馆,文化文物系统国有博物馆,三级,是,2858,42,2,78,16.6462
6197,新疆维吾尔自治区,且末县文博馆,文化文物系统国有博物馆,未定级,是,1049,173,1,2,3.9401
6198,新疆维吾尔自治区,青河县文博院,文化文物系统国有博物馆,未定级,是,676,83,4,38,3.101
6199,新疆维吾尔自治区,若羌县米兰长城国家文化公园展馆,文化文物系统国有博物馆,未定级,是,0,0,1,8,0.75
6200,新疆维吾尔自治区,若羌县文博馆,文化文物系统国有博物馆,未定级,是,5717,81,6,68,28.2892
6201,新疆维吾尔自治区,沙湾市博物馆,文化文物系统国有博物馆,未定级,是,373,27,2,20,5.892
6202,新疆维吾尔自治区,沙雅县博物馆,文化文物系统国有博物馆,未定级,是,1207,56,13,30,6.0132
6203,新疆维吾尔自治区,鄯善县博物馆,文化文物系统国有博物馆,未定级,是,642,109,1,124,10.3075
6204,新疆维吾尔自治区,疏附县麻赫穆德·喀什噶里博物馆,文化文物系统国有博物馆,未定级,是,124,16,0,0,0
6205,新疆维吾尔自治区,疏勒县张骞纪念馆,文化文物系统国有博物馆,未定级,是,89,0,4,3,13.9
6206,新疆维吾尔自治区,丝绸之路·莎车博物馆,文化文物系统国有博物馆,未定级,是,951,0,5,18,4.785
6207,新疆维吾尔自治区,塔城地区博物馆,文化文物系统国有博物馆,三级,是,8078,78,6,22,31.254
6208,新疆维吾尔自治区,塔城市博物馆,文化文物系统国有博物馆,未定级,是,1409,0,8,30,11.278
6209,新疆维吾尔自治区,塔里木油田历史展览馆,其他行业国有博物馆,未定级,是,155,0,1,0,0.22
6210,新疆维吾尔自治区,塔什库尔干塔吉克自治县博物馆,文化文物系统国有博物馆,未定级,是,159,16,2,12,2.6229
6211,新疆维吾尔自治区,特克斯县文博院,文化文物系统国有博物馆,未定级,是,719,273,1,2,8.2
6212,新疆维吾尔自治区,吐鲁番市高昌区东方红卓览文化博物馆,非国有博物馆,未定级,否,1500,0,2,142,2.0342
6213,新疆维吾尔自治区,吐鲁番市文博院,文化文物系统国有博物馆,一级,是,20637,846,13,155,69.9205
6214,新疆维吾尔自治区,托里县博物馆,文化文物系统国有博物馆,未定级,是,182,19,4,22,3.15
6215,新疆维吾尔自治区,尉犁县罗布淖尔博物馆,文化文物系统国有博物馆,未定级,是,3237,89,2,14,1.6721
6216,新疆维吾尔自治区,尉犁县丝绸之路·长城文化博物馆,文化文物系统国有博物馆,未定级,是,689,0,2,59,10.1352
6217,新疆维吾尔自治区,温泉县博物馆,文化文物系统国有博物馆,未定级,是,187,49,4,1,2.2869
6218,新疆维吾尔自治区,乌鲁木齐高新区(新市区)红色文化展览馆,非国有博物馆,未定级,否,63,0,2,251,1.2332
6219,新疆维吾尔自治区,乌鲁木齐市博物馆（乌鲁木齐市革命历史纪念地管理中心）,文化文物系统国有博物馆,三级,是,14157,87,16,189,139.5687
6220,新疆维吾尔自治区,乌鲁木齐市久德珍宝博物馆,非国有博物馆,未定级,是,436,0,4,4,3.2406
6221,新疆维吾尔自治区,乌恰县博物馆,文化文物系统国有博物馆,未定级,是,242,2,1,6,0.4292
6222,新疆维吾尔自治区,乌什别迭里烽燧长城国家文化公园馆,文化文物系统国有博物馆,未定级,是,0,0,3,20,16
6223,新疆维吾尔自治区,乌什县博物馆,文化文物系统国有博物馆,未定级,是,134,1,2,1,0.28
6224,新疆维吾尔自治区,乌苏市博物馆,文化文物系统国有博物馆,未定级,是,148,7,1,3,4.3
6225,新疆维吾尔自治区,新和县博物馆,文化文物系统国有博物馆,三级,是,1096,20,5,15,11.5411
6226,新疆维吾尔自治区,新疆阿勒泰地区文博院,文化文物系统国有博物馆,未定级,是,579,56,7,72,14.7
6227,新疆维吾尔自治区,新疆巴音郭楞蒙古自治州文博院（新疆巴音郭楞蒙古自治州博物馆）,文化文物系统国有博物馆,二级,是,10231,688,9,46,36.5863
6228,新疆维吾尔自治区,新疆北鲵馆,其他行业国有博物馆,未定级,否,44,0,1,3,2.3
6229,新疆维吾尔自治区,新疆财经大学校史馆,其他行业国有博物馆,未定级,是,300,0,1,20,0.402
6230,新疆维吾尔自治区,新疆春秋艺术博物馆,非国有博物馆,未定级,否,967,0,4,2,2.4913
6231,新疆维吾尔自治区,新疆大学校史馆,其他行业国有博物馆,未定级,是,105,0,4,60,2.4
6232,新疆维吾尔自治区,新疆地质矿产博物馆,其他行业国有博物馆,未定级,是,1579,0,8,56,5.0195
6233,新疆维吾尔自治区,新疆地质文化馆,其他行业国有博物馆,未定级,是,950,0,3,10,0.1011
6234,新疆维吾尔自治区,新疆妇女儿童教育馆,其他行业国有博物馆,未定级,是,100,0,3,0,2.4589
6235,新疆维吾尔自治区,新疆活体昆虫博物馆,其他行业国有博物馆,未定级,否,150,0,2,3,3
6236,新疆维吾尔自治区,新疆机场历史陈列馆,其他行业国有博物馆,未定级,是,5002,0,1,78,0.3477
6237,新疆维吾尔自治区,新疆检察史馆,其他行业国有博物馆,未定级,是,137,0,1,23,0.068
6238,新疆维吾尔自治区,新疆警史馆,其他行业国有博物馆,未定级,是,734,0,1,82,3.5
6239,新疆维吾尔自治区,新疆历代和阗玉博物馆,非国有博物馆,未定级,是,2000,0,2,3,0.8
6240,新疆维吾尔自治区,新疆农业大学校史馆,其他行业国有博物馆,未定级,是,662,0,1,0,1.1
6241,新疆维吾尔自治区,新疆气象局局史馆,其他行业国有博物馆,未定级,是,24,0,1,0,0.3
6242,新疆维吾尔自治区,新疆钱币博物馆,其他行业国有博物馆,未定级,是,42193,0,1,0,0.01
6243,新疆维吾尔自治区,新疆日报报史馆,其他行业国有博物馆,未定级,是,388,0,1,35,0.6518
6244,新疆维吾尔自治区,新疆师范大学黄文弼特藏馆,其他行业国有博物馆,未定级,是,1000,0,2,0,0.1
6245,新疆维吾尔自治区,新疆泰加自然博物馆,非国有博物馆,未定级,是,1500,0,3,7,0.96
6246,新疆维吾尔自治区,新疆天山博古苑博物馆,非国有博物馆,未定级,是,15997,0,0,0,0
6247,新疆维吾尔自治区,新疆维吾尔自治区博物馆,文化文物系统国有博物馆,一级,是,25408,2625,17,46,213.0244
6248,新疆维吾尔自治区,新疆新辉红色记忆博物馆,非国有博物馆,未定级,否,19500,0,5,10,1.3
6249,新疆维吾尔自治区,新疆医科大学校史馆,其他行业国有博物馆,未定级,是,0,0,1,10,0.9786
6250,新疆维吾尔自治区,新疆有色陈列馆,其他行业国有博物馆,未定级,是,74,0,4,36,1.09
6251,新疆维吾尔自治区,新疆自然博物馆,其他行业国有博物馆,未定级,是,3500,0,10,30,3.3369
6252,新疆维吾尔自治区,新源县唐加勒克纪念馆,文化文物系统国有博物馆,未定级,是,358,33,1,26,6.4126
6253,新疆维吾尔自治区,焉耆回族自治县博物馆,文化文物系统国有博物馆,未定级,是,678,0,3,22,8.75
6254,新疆维吾尔自治区,焉耆县七个星佛寺遗址博物馆,文化文物系统国有博物馆,未定级,是,266,0,2,145,8.926
6255,新疆维吾尔自治区,叶城县博物馆,文化文物系统国有博物馆,未定级,是,413,4,1,7,11.2969
6256,新疆维吾尔自治区,伊犁哈萨克自治州博物馆,文化文物系统国有博物馆,二级,是,6565,383,12,103,28.2096
6257,新疆维吾尔自治区,伊犁林则徐纪念馆,文化文物系统国有博物馆,未定级,是,159,4,3,69,18.5562
6258,新疆维吾尔自治区,伊宁市巴彦岱镇王蒙书屋,其他行业国有博物馆,未定级,是,10,0,1,310,2.7
6259,新疆维吾尔自治区,伊宁市汉家公主纪念馆,文化文物系统国有博物馆,未定级,是,53,37,4,17,11.528
6260,新疆维吾尔自治区,伊吾县博物馆,文化文物系统国有博物馆,未定级,是,143,12,1,6,1.7
6261,新疆维吾尔自治区,英吉沙县博物馆,文化文物系统国有博物馆,未定级,是,213,2,0,0,0
6262,新疆维吾尔自治区,英吉沙县鸟类科普馆,其他行业国有博物馆,未定级,否,526,0,1,0,4.75
6263,新疆维吾尔自治区,英吉沙县小刀博物馆,其他行业国有博物馆,未定级,否,500,0,1,0,12
6264,新疆维吾尔自治区,于田县博物馆,文化文物系统国有博物馆,未定级,是,1004,101,5,4,6.25
6265,新疆维吾尔自治区,于田县库尔班·吐鲁木纪念馆,文化文物系统国有博物馆,未定级,是,67,0,1,12,9.0187
6266,新疆维吾尔自治区,裕民县巴什拜爱国主义教育展览馆,文化文物系统国有博物馆,未定级,是,162,0,4,6,8.23
6267,新疆维吾尔自治区,裕民县博物馆,文化文物系统国有博物馆,未定级,是,171,0,2,6,8.32
6268,新疆维吾尔自治区,岳普湖县卫国影像馆,其他行业国有博物馆,未定级,是,120,0,11,238,25
6269,新疆维吾尔自治区,泽普县博物馆,文化文物系统国有博物馆,未定级,是,142,1,2,2,7.6719
6270,新疆维吾尔自治区,昭苏县博物馆,文化文物系统国有博物馆,三级,是,1692,29,6,17,6.24
6271,新疆维吾尔自治区,中国工农红军西路军进疆纪念馆,文化文物系统国有博物馆,未定级,是,141,0,1,20,7.3
6272,新疆维吾尔自治区,自治区高级人民法院院史馆,其他行业国有博物馆,未定级,是,300,0,1,0,0.075
6273,云南省,艾思奇纪念馆,文化文物系统国有博物馆,未定级,是,687,0,4,16,30.1583
6274,云南省,安宁市博物馆,文化文物系统国有博物馆,三级,是,1061,76,11,59,15.0089
6275,云南省,保山历史名人博物馆,文化文物系统国有博物馆,未定级,是,180,0,8,3,12.5409
6276,云南省,保山市博物馆,文化文物系统国有博物馆,二级,是,8795,274,17,39,33.5315
6277,云南省,保山市隆阳区永昌民俗博物馆,非国有博物馆,未定级,是,10000,0,15,5,3.6
6278,云南省,保山市南红博物馆,非国有博物馆,未定级,是,300,0,1,10,6.8
6279,云南省,宾川县博物馆,文化文物系统国有博物馆,未定级,是,1065,50,0,0,0
6280,云南省,昌宁县博物馆,文化文物系统国有博物馆,未定级,是,308,60,8,6,0.56
6281,云南省,澄江化石地世界自然遗产博物馆（云南省自然博物馆）,文化文物系统国有博物馆,一级,是,56687,0,10,88,80.7429
6282,云南省,楚图南故居纪念馆,文化文物系统国有博物馆,未定级,是,463,1,1,2,6.1
6283,云南省,楚雄市吕合回族文化博物馆,非国有博物馆,未定级,是,2000,3,3,2,0.0404
6284,云南省,楚雄彝族自治州博物馆,文化文物系统国有博物馆,二级,是,10906,228,20,31,37.7802
6285,云南省,大理白族自治州博物馆,文化文物系统国有博物馆,二级,是,16775,460,24,28,37.3665
6286,云南省,大理白族自治州非物质文化遗产博物馆,文化文物系统国有博物馆,未定级,是,1640,0,8,10,2.5346
6287,云南省,大理苍山世界地质公园博物馆,其他行业国有博物馆,未定级,是,379,0,4,18,7.646
6288,云南省,大理非物质文化遗产博物馆,其他行业国有博物馆,未定级,是,525,0,1,3,13.9974
6289,云南省,大理农村电影历史博物馆,其他行业国有博物馆,未定级,是,6565,0,1,11,8.7369
6290,云南省,大理市博物馆,文化文物系统国有博物馆,三级,是,17477,411,12,14,98.2207
6291,云南省,大理市璞真白族扎染博物馆,非国有博物馆,未定级,是,1178,0,7,9,23
6292,云南省,大理市喜洲镇严家大院博物馆,非国有博物馆,未定级,否,1500,0,16,1,15.61
6293,云南省,大姚县博物馆（大姚县核桃博物馆）,文化文物系统国有博物馆,未定级,是,165,11,7,4,5.219
6294,云南省,刀安仁故居纪念馆,文化文物系统国有博物馆,未定级,是,176,26,1,1,0.4987
6295,云南省,德宏州博物馆,文化文物系统国有博物馆,未定级,是,2216,78,7,10,16.1339
6296,云南省,迪庆红军长征博物馆,文化文物系统国有博物馆,未定级,是,245,0,1,362,109.4706
6297,云南省,迪庆州博物馆,文化文物系统国有博物馆,三级,是,10283,116,18,10,62.0361
6298,云南省,滇池博物馆,文化文物系统国有博物馆,未定级,是,33,0,2,0,3.18
6299,云南省,滇西抗战纪念馆,文化文物系统国有博物馆,二级,是,452,11,7,193,97
6300,云南省,滇西土司文化博物馆,文化文物系统国有博物馆,未定级,是,140,9,1,13,6.38
6301,云南省,峨山彝族自治县博物馆,文化文物系统国有博物馆,未定级,是,812,16,6,26,5.557
6302,云南省,凤庆滇红茶博物馆,文化文物系统国有博物馆,未定级,是,484,9,1,54,4
6303,云南省,富民县博物馆,文化文物系统国有博物馆,未定级,是,1227,5,4,3,0.281
6304,云南省,富宁革命纪念馆,文化文物系统国有博物馆,未定级,是,527,4,12,10,2.3835
6305,云南省,富源胜境博物馆,非国有博物馆,未定级,是,2800,0,1,18,1.1
6306,云南省,个旧市博物馆,文化文物系统国有博物馆,三级,是,1458,246,13,5,15.8115
6307,云南省,广南县民族博物馆,文化文物系统国有博物馆,三级,是,11094,99,6,11,10.0137
6308,云南省,国殇墓园纪念馆,文化文物系统国有博物馆,未定级,是,0,0,1,0,40.1582
6309,云南省,哈尼梯田文化博物馆,文化文物系统国有博物馆,未定级,是,683,14,7,10,12.6172
6310,云南省,河口瑶族自治县博物馆,文化文物系统国有博物馆,未定级,是,452,9,1,20,1.5146
6311,云南省,鹤庆银器博物馆,非国有博物馆,未定级,是,309,0,1,32,35.04
6312,云南省,红河哈尼族彝族自治州博物馆,文化文物系统国有博物馆,二级,是,11010,253,31,56,18.1438
6313,云南省,红河县博物馆,文化文物系统国有博物馆,未定级,是,453,21,12,12,13.2531
6314,云南省,红河县哈尼民俗文化博物馆,文化文物系统国有博物馆,未定级,是,315,0,1,0,0
6315,云南省,红军长征过丽江纪念馆,文化文物系统国有博物馆,未定级,是,32,0,9,271,17.2531
6316,云南省,华宁县陶博物馆,文化文物系统国有博物馆,未定级,是,1596,26,1,18,1.8
6317,云南省,华坪县博物馆,文化文物系统国有博物馆,未定级,是,229,2,4,20,1.0563
6318,云南省,会泽县博物馆,文化文物系统国有博物馆,未定级,是,0,0,0,0,0
6319,云南省,会泽县唐继尧故居博物馆,文化文物系统国有博物馆,未定级,是,313,0,1,0,9.636
6320,云南省,建水县博物馆,文化文物系统国有博物馆,未定级,是,1105,83,8,22,8.324
6321,云南省,剑川县历史文化博物馆,文化文物系统国有博物馆,未定级,是,1050,10,4,4,8.1531
6322,云南省,剑川县民族博物馆,文化文物系统国有博物馆,未定级,是,5238,50,6,5,9.6842
6323,云南省,江城哈尼族彝族自治县博物馆,文化文物系统国有博物馆,未定级,是,409,2,9,9,2.1351
6324,云南省,金平苗族瑶族傣族自治县民族博物馆,文化文物系统国有博物馆,未定级,是,300,4,4,3,2.1682
6325,云南省,景东彝族自治县博物馆,文化文物系统国有博物馆,未定级,是,5202,47,4,30,11.2382
6326,云南省,景谷傣族彝族自治县博物馆,文化文物系统国有博物馆,未定级,是,8085,1,0,0,0
6327,云南省,景洪市基诺山基诺族乡基诺民族博物馆,文化文物系统国有博物馆,未定级,是,627,0,1,1,0.22
6328,云南省,九乡地质公园博物馆,其他行业国有博物馆,未定级,是,860,0,1,17,3.0287
6329,云南省,开远工业博物馆,文化文物系统国有博物馆,未定级,否,364,1,0,0,0
6330,云南省,昆明警察博物馆,其他行业国有博物馆,未定级,是,913,0,0,0,0
6331,云南省,昆明理工大学地学博物馆,其他行业国有博物馆,未定级,是,10000,0,2,29,6.7531
6332,云南省,昆明聂耳纪念馆,文化文物系统国有博物馆,未定级,是,279,3,3,350,75.8572
6333,云南省,昆明市博物馆,文化文物系统国有博物馆,一级,是,12626,716,59,14,70.6853
6334,云南省,昆明市官渡区博物馆,文化文物系统国有博物馆,三级,是,796,71,8,7,16.6578
6335,云南省,昆明市晋宁区博物馆,文化文物系统国有博物馆,二级,是,2428,168,9,65,18.8448
6336,云南省,昆明市盘龙区博物馆,文化文物系统国有博物馆,未定级,是,1997,28,6,60,35
6337,云南省,昆明市五华区博物总馆,文化文物系统国有博物馆,未定级,是,545,5,7,1073,107.6529
6338,云南省,昆明市西山区龙隐虎魄虫珀科学博物馆,非国有博物馆,未定级,是,300,0,1,0,0.0037
6339,云南省,昆明市西山区云纺历史博物馆,非国有博物馆,未定级,是,424,0,18,136,6.2734
6340,云南省,昆明杨升庵纪念馆,文化文物系统国有博物馆,未定级,是,250,3,5,20,1.6782
6341,云南省,澜沧拉祜族自治县博物馆,文化文物系统国有博物馆,未定级,是,1441,14,6,8,0.4471
6342,云南省,李根源纪念馆,文化文物系统国有博物馆,未定级,是,452,1,10,12,5.6831
6343,云南省,李鑫纪念馆,文化文物系统国有博物馆,未定级,是,314,0,8,34,6.0349
6344,云南省,丽江古道藏家博物馆,非国有博物馆,未定级,是,332,0,8,20,29.8263
6345,云南省,丽江市博物院,文化文物系统国有博物馆,二级,是,12607,423,24,90,63.5536
6346,云南省,梁金山纪念馆,文化文物系统国有博物馆,未定级,是,358,0,5,5,2.8562
6347,云南省,临沧市博物馆,文化文物系统国有博物馆,未定级,是,4591,46,4,5,1.9758
6348,云南省,临沧微电影博物馆,文化文物系统国有博物馆,未定级,是,148,0,2,3,1.2633
6349,云南省,龙陵抗日战争纪念馆,文化文物系统国有博物馆,未定级,是,4418,16,8,24,9.3607
6350,云南省,龙陵县运启黄龙玉博物馆,非国有博物馆,未定级,是,300,0,5,3,17
6351,云南省,陇川县博物馆,文化文物系统国有博物馆,未定级,是,1006,4,0,0,0
6352,云南省,泸西县博物馆,文化文物系统国有博物馆,未定级,是,1000,128,11,0,6.7215
6353,云南省,鲁甸县朱提银博物馆（鲁甸县地震纪念馆）,文化文物系统国有博物馆,未定级,是,689,0,2,2,1.56
6354,云南省,陆良县博物馆,文化文物系统国有博物馆,未定级,是,1074,130,10,9,5.9307
6355,云南省,禄丰恐龙博物馆,文化文物系统国有博物馆,三级,是,1624,110,7,5,14.46
6356,云南省,罗平县博物馆,文化文物系统国有博物馆,未定级,是,775,48,1,14,3.0016
6357,云南省,绿春县博物馆,文化文物系统国有博物馆,未定级,是,462,29,1,9,5.384
6358,云南省,芒市景颇族博物馆,文化文物系统国有博物馆,未定级,是,774,4,1,3,0.7236
6359,云南省,蒙自市清韵紫陶博物馆,非国有博物馆,未定级,是,337,0,8,12,2.9143
6360,云南省,蒙自市望云传统文化博物馆,非国有博物馆,未定级,是,366,0,7,24,5.148
6361,云南省,孟连县民族历史博物馆,文化文物系统国有博物馆,三级,是,2050,21,14,34,27.8472
6362,云南省,弥渡县博物馆,文化文物系统国有博物馆,未定级,是,6190,106,5,16,8.1077
6363,云南省,弥勒市博物馆,文化文物系统国有博物馆,未定级,是,132,11,7,32,9.7183
6364,云南省,墨江哈尼族自治县民族博物馆,文化文物系统国有博物馆,未定级,是,103,4,6,13,3.0016
6365,云南省,南涧彝族自治县博物馆,文化文物系统国有博物馆,未定级,是,477,12,1,2,0.439
6366,云南省,南洋华侨机工回国抗日纪念馆,文化文物系统国有博物馆,未定级,是,511,38,4,9,13.5856
6367,云南省,宁洱哈尼族彝族自治县文物管理所（宁洱哈尼族彝族自治县民族博物馆）,文化文物系统国有博物馆,未定级,是,2312,11,2,323,4.8431
6368,云南省,宁蒗彝族自治县博物馆,文化文物系统国有博物馆,未定级,是,1247,16,30,10,17.103
6369,云南省,怒江兰若碧玺博物馆,非国有博物馆,未定级,是,300,0,2,8,0.9176
6370,云南省,怒江驼峰航线纪念馆（片马抗英纪念馆）,文化文物系统国有博物馆,未定级,是,323,5,2,10,9.7905
6371,云南省,屏边县博物馆,文化文物系统国有博物馆,未定级,是,191,6,11,2,3.1511
6372,云南省,普洱市博物馆,文化文物系统国有博物馆,三级,是,14805,66,15,16,18.0991
6373,云南省,巧家县博物馆,文化文物系统国有博物馆,未定级,是,2653,1,2,2,2.8183
6374,云南省,曲靖市博物馆,文化文物系统国有博物馆,二级,是,3498,50,11,62,7.3169
6375,云南省,曲靖市马龙区博物馆,文化文物系统国有博物馆,未定级,是,557,17,2,3,2.5018
6376,云南省,曲靖市沾益区博物馆,文化文物系统国有博物馆,未定级,是,309,27,0,8,0
6377,云南省,瑞丽珠宝翡翠博物馆,非国有博物馆,未定级,是,2640,0,1,7,0.4671
6378,云南省,三台山乡德昂族博物馆,文化文物系统国有博物馆,未定级,是,316,0,0,0,0
6379,云南省,师宗县博物馆,文化文物系统国有博物馆,未定级,是,409,8,1,3,2.1825
6380,云南省,施甸县博物馆,文化文物系统国有博物馆,未定级,是,3013,9,1,1,0.03
6381,云南省,石林彝族自治县石得利地质博物馆,非国有博物馆,未定级,否,390,0,12,22,35.7129
6382,云南省,石屏县博物馆,文化文物系统国有博物馆,未定级,是,1337,234,6,10,16.2
6383,云南省,双柏县博物馆,文化文物系统国有博物馆,未定级,是,1435,0,5,11,4.3107
6384,云南省,嵩明县兰茂纪念馆,文化文物系统国有博物馆,未定级,是,1194,64,2,6,6.0229
6385,云南省,腾冲博物馆,文化文物系统国有博物馆,未定级,是,3118,167,4,14,7.2
6386,云南省,腾冲市高黎贡手工造纸博物馆,非国有博物馆,未定级,是,183,0,8,38,0.9344
6387,云南省,腾冲市琥珀博物馆,非国有博物馆,未定级,是,462,0,12,2,0.3692
6388,云南省,腾冲市蒲川乡老九区农耕博物馆,文化文物系统国有博物馆,未定级,是,5000,0,3,5,0.5156
6389,云南省,腾冲市腾越翡翠博物馆,非国有博物馆,未定级,是,522,0,12,3,1.4725
6390,云南省,通海县博物馆,文化文物系统国有博物馆,未定级,是,4342,303,2,3,4.26
6391,云南省,同盟会河口起义纪念馆,文化文物系统国有博物馆,未定级,是,16,2,1,25,6.7223
6392,云南省,王复生、王德三烈士纪念馆,文化文物系统国有博物馆,未定级,是,369,0,3,3,2.1502
6393,云南省,巍山县南诏博物馆,文化文物系统国有博物馆,未定级,是,4047,66,10,66,39.9896
6394,云南省,文山壮族苗族自治州博物馆,文化文物系统国有博物馆,未定级,是,7779,93,7,13,28.36
6395,云南省,西盟县佤族博物馆,文化文物系统国有博物馆,未定级,是,318,6,1,19,3.6082
6396,云南省,西南联大蒙自分校纪念馆,文化文物系统国有博物馆,未定级,是,333,0,4,826,16.7542
6397,云南省,西双版纳傣族自治州民族博物馆,文化文物系统国有博物馆,未定级,是,11382,53,25,39,13.3032
6398,云南省,香巴拉藏文化博物馆,其他行业国有博物馆,未定级,否,1263,1,12,1,30.0334
6399,云南省,香格里拉市圣域天香牦牛文化博物馆,非国有博物馆,未定级,是,357,0,1,2,6.9109
6400,云南省,祥云县历史文化博物馆,文化文物系统国有博物馆,未定级,是,336,20,2,2,1.446
6401,云南省,新平彝族傣族自治县文物管理所（新平彝族傣族自治县博物馆）,文化文物系统国有博物馆,未定级,是,1281,3,5,4,4.4591
6402,云南省,兴蒙蒙元历史文化博物馆,非国有博物馆,未定级,是,312,0,4,0,0.531
6403,云南省,宣威市博物馆,文化文物系统国有博物馆,未定级,是,617,25,3,7,7.2713
6404,云南省,宣威市衡威益群博物馆,非国有博物馆,未定级,是,715,0,1,0,2.3558
6405,云南省,宣威市浦在廷纪念馆,文化文物系统国有博物馆,未定级,是,35,5,2,13,6.1507
6406,云南省,宣威市天乙博物馆,非国有博物馆,未定级,是,17200,0,1,10,0.8
6407,云南省,寻甸回族彝族自治县红军长征柯渡纪念馆,文化文物系统国有博物馆,未定级,是,137,0,3,4,15.6887
6408,云南省,杨杰将军纪念馆,文化文物系统国有博物馆,未定级,是,149,0,0,0,0
6409,云南省,杨善洲纪念馆,其他行业国有博物馆,未定级,是,434,0,1,400,35.49
6410,云南省,姚安县博物馆,文化文物系统国有博物馆,未定级,是,600,141,7,6,13.0014
6411,云南省,彝良县罗炳辉将军纪念馆,文化文物系统国有博物馆,未定级,是,21,2,3,50,12.9972
6412,云南省,易武普洱茶文化博物馆,文化文物系统国有博物馆,未定级,是,554,7,7,614,1.8
6413,云南省,永德博物馆,文化文物系统国有博物馆,未定级,是,1260,9,8,20,6.8
6414,云南省,永平县博南古道博物馆,文化文物系统国有博物馆,未定级,是,300,0,3,1,1.4102
6415,云南省,永胜县边屯文化博物馆,文化文物系统国有博物馆,未定级,是,2927,48,30,366,18.2478
6416,云南省,玉龙县白沙壁画博物馆,文化文物系统国有博物馆,未定级,否,917,1,7,1,14.08
6417,云南省,玉溪市博物馆,文化文物系统国有博物馆,二级,是,23186,377,36,42,37.33
6418,云南省,玉溪市红塔区聂耳故居纪念馆,文化文物系统国有博物馆,未定级,是,484,0,2,88,7.352
6419,云南省,玉溪市聂耳纪念馆,文化文物系统国有博物馆,未定级,是,1100,0,18,13,15.2126
6420,云南省,元谋县红军长征纪念馆,文化文物系统国有博物馆,未定级,是,114,5,16,241,11.1251
6421,云南省,元谋县元谋人博物馆,文化文物系统国有博物馆,二级,是,3646,51,9,488,20.0015
6422,云南省,袁嘉谷纪念馆,文化文物系统国有博物馆,未定级,是,77,0,8,10,12.3
6423,云南省,云龙县白族吹吹腔文化艺术博物馆,文化文物系统国有博物馆,未定级,是,317,0,1,2,0.951
6424,云南省,云龙县博物馆,文化文物系统国有博物馆,未定级,是,462,30,1,0,0
6425,云南省,云南大润丁少数民族服装服饰博物馆,非国有博物馆,未定级,否,355,0,1,0,0.08
6426,云南省,云南大学人类学博物馆,其他行业国有博物馆,未定级,是,3658,0,4,134,0.4304
6427,云南省,云南大学校史馆,其他行业国有博物馆,未定级,是,562,0,4,4,9
6428,云南省,云南滇南本草植物博物馆,非国有博物馆,未定级,是,1986,0,16,30,0.7305
6429,云南省,云南电信博物馆,其他行业国有博物馆,未定级,是,2000,30,3,82,0.5201
6430,云南省,云南古滇翡翠博物馆,非国有博物馆,未定级,是,309,0,1,0,0.58
6431,云南省,云南广播电视博物馆,其他行业国有博物馆,未定级,是,21606,0,5,98,0.312
6432,云南省,云南精楷明清家具博物馆,非国有博物馆,未定级,是,400,0,1,20,1.2
6433,云南省,云南抗战胜利纪念堂博物馆,其他行业国有博物馆,未定级,是,15,0,2,806,51.9964
6434,云南省,云南肯公聪奔茶马古道文化博物馆,非国有博物馆,未定级,是,492,0,1,4,0.62
6435,云南省,云南李家山青铜器博物馆,文化文物系统国有博物馆,三级,是,3567,1017,9,13,4.0018
6436,云南省,云南陆军讲武堂历史博物馆,文化文物系统国有博物馆,三级,是,2444,56,8,28,212.8553
6437,云南省,云南民俗博物馆,其他行业国有博物馆,未定级,是,2275,0,3,10,6.9133
6438,云南省,云南民族博物馆,其他行业国有博物馆,一级,是,22129,46,25,60,81.3
6439,云南省,云南民族大学民族博物馆,其他行业国有博物馆,未定级,是,2000,0,2,230,0.7303
6440,云南省,云南钱币博物馆,其他行业国有博物馆,未定级,是,10396,0,1,24,0.2753
6441,云南省,云南省博物馆,文化文物系统国有博物馆,一级,是,230746,14122,18,167,211
6442,云南省,云南省茶文化博物馆,非国有博物馆,三级,是,1215,0,18,20,20.0919
6443,云南省,云南省玉溪市通海滇式传统食品博物馆,非国有博物馆,未定级,是,530,0,1,1,0.463
6444,云南省,云南省中医药民族医药博物馆,其他行业国有博物馆,三级,是,15226,8,13,20,3
6445,云南省,云南师范大学“一二·一”运动纪念馆（西南联大博物馆）,其他行业国有博物馆,未定级,是,1281,7,7,129,123.5303
6446,云南省,云南石龙坝水电博物馆,其他行业国有博物馆,未定级,是,56,0,1,16,2.3
6447,云南省,云南石雅宝石及矿物晶体博物馆,非国有博物馆,未定级,是,728,0,1,5,0.433
6448,云南省,云南陶韵建水陶博物馆,非国有博物馆,未定级,是,500,0,7,1,2.6671
6449,云南省,云南铁路博物馆,其他行业国有博物馆,未定级,是,3860,127,12,13,10.0535
6450,云南省,云南锡博物馆,其他行业国有博物馆,未定级,是,592,20,9,3,0.0922
6451,云南省,扎西会议纪念馆,文化文物系统国有博物馆,未定级,是,77,11,3,4,17.112
6452,云南省,昭通市博物馆,文化文物系统国有博物馆,未定级,是,4699,278,14,16,18.2313
6453,云南省,镇沅博物馆,文化文物系统国有博物馆,未定级,是,1565,3,8,8,5.268
6454,云南省,中国科学院昆明动物研究所昆明动物博物馆,其他行业国有博物馆,二级,否,990033,0,8,42,11.4668
6455,云南省,中缅友好纪念馆,文化文物系统国有博物馆,未定级,是,113,0,6,0,0
6456,云南省,周保中将军纪念馆,文化文物系统国有博物馆,未定级,是,967,18,4,398,8.0107
6457,浙江省,“枫桥经验”陈列馆,其他行业国有博物馆,未定级,是,156,0,1,34,10.1224
6458,浙江省,“五四宪法”历史资料陈列馆,其他行业国有博物馆,未定级,是,5132,0,5,25,29
6459,浙江省,艾青纪念馆,文化文物系统国有博物馆,未定级,是,1660,0,2,22,1.1845
6460,浙江省,安吉古城遗址博物馆,文化文物系统国有博物馆,未定级,是,731,0,3,30,21.385
6461,浙江省,安吉和也健康博物馆,非国有博物馆,未定级,是,400,0,2,22,22.0368
6462,浙江省,安吉上张山民文化生态博物馆,非国有博物馆,未定级,是,311,0,5,2,1.5246
6463,浙江省,安吉县博物馆（安吉生态博物馆、诸乐三艺术馆、安吉县文物保护所）,文化文物系统国有博物馆,二级,是,7344,1345,16,62,16.52
6464,浙江省,安吉县宋茗白茶博物馆,非国有博物馆,未定级,是,365,0,3,240,19.8167
6465,浙江省,安吉竹子博物馆,其他行业国有博物馆,未定级,否,2010,0,7,0,56.8897
6466,浙江省,苍南县博物馆,文化文物系统国有博物馆,二级,是,2285,129,5,196,31.4968
6467,浙江省,苍南县揽月轩博物馆,非国有博物馆,未定级,是,300,0,1,0,1.028
6468,浙江省,苍南县刘基文化博物馆,非国有博物馆,未定级,是,350,0,1,4,7.6579
6469,浙江省,苍南县天韵奇石博物馆,非国有博物馆,未定级,是,2034,0,2,2,5.021
6470,浙江省,苍南县碗窑博物馆,非国有博物馆,未定级,是,370,0,1,4,9.437
6471,浙江省,常山西源革命纪念馆,文化文物系统国有博物馆,未定级,是,79,0,3,28,11.176
6472,浙江省,淳安县博物馆,文化文物系统国有博物馆,未定级,是,1270,156,8,48,17.5768
6473,浙江省,淳安县千岛湖自然博物馆,非国有博物馆,未定级,否,365,0,1,0,2.3663
6474,浙江省,淳安县中国工农红军北上抗日先遣队纪念馆,其他行业国有博物馆,未定级,是,152,0,2,190,1.2491
6475,浙江省,慈溪市科博中心（慈溪市博物馆、慈溪市科技馆）,文化文物系统国有博物馆,三级,是,4477,519,9,38,15.4069
6476,浙江省,慈溪市上林遗风博物馆,非国有博物馆,未定级,是,398,0,1,0,0.65
6477,浙江省,慈溪市吴越青瓷博物馆,非国有博物馆,未定级,是,336,0,1,0,0.0156
6478,浙江省,慈溪市徐福红木博物馆,非国有博物馆,未定级,是,756,0,1,10,19.8526
6479,浙江省,慈溪市越窑博物馆,文化文物系统国有博物馆,未定级,是,315,0,4,45,41.1807
6480,浙江省,慈溪市赵府檀艺博物馆,非国有博物馆,未定级,是,228,0,1,0,4.8244
6481,浙江省,慈溪越韵陈列馆,非国有博物馆,未定级,是,400,0,1,0,0.5356
6482,浙江省,大革命时期中共宁波地委旧址纪念馆,文化文物系统国有博物馆,未定级,是,0,0,4,58,1.1263
6483,浙江省,大韩民国临时政府杭州旧址纪念馆,其他行业国有博物馆,未定级,是,88,0,1,11,4.7864
6484,浙江省,大盘山博物馆,其他行业国有博物馆,未定级,是,1834,0,6,15,12.5931
6485,浙江省,大禹纪念馆,其他行业国有博物馆,未定级,否,327,0,1,72,40.2724
6486,浙江省,岱山县海曙综艺珍藏馆,非国有博物馆,未定级,是,8020,0,5,2,0.2132
6487,浙江省,岱山县海洋文化博物馆,文化文物系统国有博物馆,未定级,是,2717,0,23,133,38.9663
6488,浙江省,德清蛇文化博物馆,非国有博物馆,未定级,是,350,0,3,8,1.15
6489,浙江省,德清县博物馆,文化文物系统国有博物馆,三级,是,3614,584,4,14,1.021
6490,浙江省,德清县莫干山陆有仁中草药博物馆,非国有博物馆,未定级,是,1159,0,2,8,1.68
6491,浙江省,德清县莫干山艺术邮票馆,非国有博物馆,未定级,是,307,0,3,1,1.9
6492,浙江省,德清县欧诗漫珍珠博物院,非国有博物馆,未定级,是,315,0,37,30,3
6493,浙江省,东阳市博物馆,文化文物系统国有博物馆,三级,是,12284,603,25,220,45.5467
6494,浙江省,东阳市黄小明木雕博物馆,非国有博物馆,未定级,是,600,0,13,5,2.986
6495,浙江省,东阳市一品堂雕刻博物馆,非国有博物馆,未定级,是,1685,0,7,8,11.536
6496,浙江省,东阳市紫檀博物馆,非国有博物馆,未定级,是,303,0,8,4,1.32
6497,浙江省,洞头先锋女子民兵连纪念馆,其他行业国有博物馆,未定级,是,620,0,6,15,7.6543
6498,浙江省,奉化区博物馆,文化文物系统国有博物馆,二级,是,10692,320,22,260,41.7546
6499,浙江省,盖叫天故居,文化文物系统国有博物馆,未定级,是,107,7,1,1,9.75
6500,浙江省,龚自珍纪念馆,文化文物系统国有博物馆,未定级,是,46,0,1,0,0.2532
6501,浙江省,海宁市博物馆,文化文物系统国有博物馆,三级,是,6485,1744,10,49,42.0323
6502,浙江省,海宁市晴雨楼藏砚馆,非国有博物馆,未定级,是,571,0,2,12,0.5228
6503,浙江省,海宁市谢氏艺术收藏馆,非国有博物馆,未定级,是,3135,0,5,0,5.4991
6504,浙江省,海宁市徐邦达艺术馆,其他行业国有博物馆,未定级,是,334,0,11,7,0.4913
6505,浙江省,海宁市张宗祥书画院（纪念馆）,其他行业国有博物馆,未定级,是,447,0,17,5,1.0321
6506,浙江省,海曙区博物馆,文化文物系统国有博物馆,未定级,是,130,0,6,78,19.8106
6507,浙江省,海盐县博物馆,文化文物系统国有博物馆,三级,是,11416,867,14,143,11.0407
6508,浙江省,韩美林艺术馆,其他行业国有博物馆,未定级,是,2000,0,6,148,23.4335
6509,浙江省,杭州博物馆（杭州博物院（筹））,文化文物系统国有博物馆,一级,是,25885,4099,14,1412,153.3155
6510,浙江省,杭州大光明眼镜博物馆,非国有博物馆,未定级,是,306,0,3,20,0.36
6511,浙江省,杭州高氏照相机博物馆,非国有博物馆,未定级,是,1400,0,12,50,1.98
6512,浙江省,杭州工艺美术博物馆,文化文物系统国有博物馆,一级,是,7810,594,17,788,160.5175
6513,浙江省,杭州国家版本馆,其他行业国有博物馆,未定级,是,254870,0,15,297,42.9434
6514,浙江省,杭州海塘遗址博物馆,文化文物系统国有博物馆,未定级,是,39,0,9,68,10.9586
6515,浙江省,杭州胡庆余堂中药博物馆,非国有博物馆,二级,否,2919,40,1,57,24.5953
6516,浙江省,杭州华夏紫砂博物馆,非国有博物馆,未定级,是,321,0,1,2,1.1
6517,浙江省,杭州笕桥抗战纪念馆,非国有博物馆,未定级,是,1068,0,2,46,1.2
6518,浙江省,杭州江南明清古建筑博物馆,非国有博物馆,未定级,是,300,0,1,0,2.398
6519,浙江省,杭州江南锡器博物馆,非国有博物馆,未定级,是,379,0,2,7,4.5702
6520,浙江省,杭州京杭大运河博物馆,文化文物系统国有博物馆,未定级,是,544,37,18,189,123.5371
6521,浙江省,杭州孔庙,文化文物系统国有博物馆,未定级,是,428,0,2,51,12
6522,浙江省,杭州李叔同纪念馆,文化文物系统国有博物馆,未定级,否,51,0,1,24,37.72
6523,浙江省,杭州南宋钱币博物馆,非国有博物馆,未定级,是,159902,0,12,5,1.92
6524,浙江省,杭州世界钱币博物馆,非国有博物馆,未定级,是,45000,0,4,12,2.3
6525,浙江省,杭州市富阳区博物馆,文化文物系统国有博物馆,二级,是,2606,322,12,52,28.9901
6526,浙江省,杭州市临安区昌化鸡血石博物馆,非国有博物馆,未定级,是,220,0,2,23,0.132
6527,浙江省,杭州市临安区吴越文化博物馆（杭州市临安区博物馆）,文化文物系统国有博物馆,未定级,是,4868,407,8,90,57.6243
6528,浙江省,杭州市临平博物馆,文化文物系统国有博物馆,一级,是,25304,760,19,146,58.0209
6529,浙江省,杭州市临平区颉德文化博物馆,非国有博物馆,未定级,是,5000,0,2,8,0.78
6530,浙江省,杭州市文史研究馆,其他行业国有博物馆,未定级,是,209,0,5,3,4.7
6531,浙江省,杭州市萧山跨湖桥遗址博物馆,其他行业国有博物馆,一级,是,1117,185,6,78,50.3418
6532,浙江省,杭州市萧山区博物馆,文化文物系统国有博物馆,二级,是,5446,1540,17,152,47.2146
6533,浙江省,杭州市萧山区开运通宝民俗博物馆,非国有博物馆,未定级,是,800,0,1,0,0.5
6534,浙江省,杭州市萧山区梦娜斯酒文化博物馆,非国有博物馆,未定级,是,395,0,1,5,1.5012
6535,浙江省,杭州市萧山区吴越历史文书博物馆,非国有博物馆,未定级,是,3416,0,4,10,0.98
6536,浙江省,杭州市萧山区湘湖吴越古文化博物馆,非国有博物馆,未定级,是,3728,0,2,3,0.34
6537,浙江省,杭州市余杭章太炎故居纪念馆,文化文物系统国有博物馆,未定级,是,1408,5,9,82,16.575
6538,浙江省,杭州土火斋古陶瓷博物馆,非国有博物馆,未定级,是,1811,276,1,12,1.2
6539,浙江省,杭州万事利丝绸文化博物馆,非国有博物馆,未定级,是,513,0,5,16,0.9812
6540,浙江省,杭州西湖本山龙井茶叶博物馆,非国有博物馆,未定级,是,319,0,1,0,13.4593
6541,浙江省,杭州西湖博览会博物馆,其他行业国有博物馆,未定级,是,483,0,4,0,8.8369
6542,浙江省,杭州西湖博物馆总馆(西湖学研究院、杭州西湖风景名胜区网宣中心),文化文物系统国有博物馆,一级,是,17764,1346,20,2608,217.97
6543,浙江省,杭州西湖龙井茶博物馆,非国有博物馆,未定级,是,300,0,2,208,11.3924
6544,浙江省,杭州西湖丝绸文化博物馆,非国有博物馆,未定级,是,338,0,2,0,6.3288
6545,浙江省,杭州西湖宋代玉器博物馆,非国有博物馆,未定级,是,300,0,5,16,3.2971
6546,浙江省,何氏三杰陈列馆,其他行业国有博物馆,未定级,是,105,0,1,45,47.0177
6547,浙江省,湖笔博物馆,其他行业国有博物馆,未定级,否,400,0,6,20,3.738
6548,浙江省,湖笔文化馆,其他行业国有博物馆,未定级,否,460,0,1,24,8.553
6549,浙江省,湖州德泰恒博物馆,非国有博物馆,未定级,是,267,0,18,35,2.3
6550,浙江省,湖州菰城博物馆,非国有博物馆,未定级,是,389,0,1,20,2.7476
6551,浙江省,湖州瑞一历史文物博物馆,非国有博物馆,未定级,是,5000,0,1,1,0.6
6552,浙江省,湖州市博物馆（湖州市美术馆）,文化文物系统国有博物馆,二级,是,11394,1601,25,243,31.9465
6553,浙江省,湖州市博舟船文化馆,非国有博物馆,未定级,是,322,0,3,2,3.78
6554,浙江省,湖州市南浔费新我艺术馆,其他行业国有博物馆,未定级,是,267,0,18,21,4.95
6555,浙江省,湖州市南浔区红军长征追踪馆,非国有博物馆,未定级,否,312,0,1,75,12.4836
6556,浙江省,湖州市南浔区辑里湖丝博物馆,非国有博物馆,未定级,是,358,0,1,5,1.39
6557,浙江省,湖州市南浔区徐迟文学馆,非国有博物馆,未定级,否,311,0,1,65,11.5024
6558,浙江省,湖州市南浔区姚珠珠舞蹈艺术博物馆,非国有博物馆,未定级,否,330,0,1,65,11.5689
6559,浙江省,湖州市吴兴区湖镜博物馆,非国有博物馆,未定级,是,303,0,1,0,5.241
6560,浙江省,湖州市吴兴区妙境禅茶文化博物馆,非国有博物馆,未定级,是,310,0,1,4,4.5
6561,浙江省,湖州市徐缘桑基鱼塘系统历史文化博物馆,非国有博物馆,未定级,是,307,0,3,56,5.8
6562,浙江省,湖州谭建丞艺术馆,非国有博物馆,未定级,是,404,0,11,11,0.621
6563,浙江省,湖州通灵奇石艺术博物馆,非国有博物馆,未定级,是,300,0,3,3,3.0086
6564,浙江省,湖州知青博物馆,非国有博物馆,未定级,是,1520,0,8,6,1.47
6565,浙江省,湖州咫园盆景文化博物馆,非国有博物馆,未定级,是,310,0,2,4,1.725
6566,浙江省,季氏历史名人纪念馆,非国有博物馆,未定级,是,89,0,1,0,0.165
6567,浙江省,嘉善九德堂博物馆,非国有博物馆,未定级,是,302,0,2,0,5.1855
6568,浙江省,嘉善县博物馆,文化文物系统国有博物馆,二级,是,4081,544,24,185,17.2045
6569,浙江省,嘉善县吴镇纪念馆,文化文物系统国有博物馆,未定级,是,5,0,10,73,2.1369
6570,浙江省,嘉兴博物馆（嘉兴马家浜文化博物馆）,文化文物系统国有博物馆,一级,是,12478,2304,11,512,50.6454
6571,浙江省,嘉兴船文化博物馆,其他行业国有博物馆,未定级,是,300,0,7,4,0.26
6572,浙江省,嘉兴地方党史陈列馆,其他行业国有博物馆,未定级,是,123,0,2,4,1.4921
6573,浙江省,嘉兴电力博物馆,其他行业国有博物馆,未定级,是,1700,0,0,0,0
6574,浙江省,嘉兴毛泽东像章书画展览馆,非国有博物馆,未定级,是,25000,0,13,55,5.386
6575,浙江省,嘉兴美术馆（嘉兴市蒲华美术馆、嘉兴画院）,文化文物系统国有博物馆,未定级,是,3219,11,24,297,10.7306
6576,浙江省,嘉兴市丝绸博物馆,非国有博物馆,未定级,是,1163,0,4,15,1.3288
6577,浙江省,嘉兴市影上摄影史料馆,非国有博物馆,未定级,是,955,0,2,6,0.185
6578,浙江省,嘉兴五四文化博物馆,非国有博物馆,未定级,是,1241,0,5,1,2.7169
6579,浙江省,嘉兴邮电博物馆,其他行业国有博物馆,未定级,是,610,0,1,50,0.1318
6580,浙江省,嘉兴粽子文化博物馆,非国有博物馆,未定级,是,182,0,14,1,114.926
6581,浙江省,建德市博物馆,文化文物系统国有博物馆,未定级,是,709,38,8,226,13.06
6582,浙江省,江山市博物馆,文化文物系统国有博物馆,三级,是,9432,158,8,52,15.81
6583,浙江省,金华酒博物馆,其他行业国有博物馆,未定级,是,18,0,1,45,47.0177
6584,浙江省,金华满堂书画博物馆,非国有博物馆,未定级,是,1512,0,10,0,3.92
6585,浙江省,金华市博物馆,文化文物系统国有博物馆,二级,是,7701,465,11,515,46.8184
6586,浙江省,金华市剪纸博物馆,非国有博物馆,未定级,是,3500,0,13,115,6.158
6587,浙江省,金华市金东区古婺窑火陶瓷博物馆,非国有博物馆,未定级,是,500,0,1,12,2.7161
6588,浙江省,金华市金东区麦磨滩博物馆,非国有博物馆,未定级,是,459,0,5,52,1.95
6589,浙江省,金华市木版年画博物馆,非国有博物馆,未定级,是,3008,0,1,12,1.8
6590,浙江省,金华市南科古生物博物馆,非国有博物馆,未定级,是,2007,7,1,4,5.9236
6591,浙江省,金华严军艺术馆,非国有博物馆,未定级,是,2998,0,3,2,8.957
6592,浙江省,缙云县博物馆,文化文物系统国有博物馆,三级,是,2360,182,9,74,47.7036
6593,浙江省,景宁畲族自治县畲银博物馆,非国有博物馆,未定级,是,310,0,3,10,15.1585
6594,浙江省,景宁畲族自治县畲族博物馆,文化文物系统国有博物馆,二级,是,7356,131,16,130,29.1662
6595,浙江省,景宁畲族自治县晓琴畲族民间陈列馆,非国有博物馆,未定级,是,568,0,9,4,14.9821
6596,浙江省,君匋艺术院,文化文物系统国有博物馆,三级,是,5868,527,16,61,8.2381
6597,浙江省,开化县博物馆,文化文物系统国有博物馆,未定级,是,492,30,1,33,7.1061
6598,浙江省,兰溪市博物馆,文化文物系统国有博物馆,三级,是,5744,355,13,526,42.3697
6599,浙江省,兰溪市黄蜡石博物馆,非国有博物馆,未定级,是,302,0,1,0,9.57
6600,浙江省,乐清市博物馆,文化文物系统国有博物馆,三级,是,6398,161,13,101,9.927
6601,浙江省,乐清市蒲岐古城民俗博物馆,非国有博物馆,未定级,是,1000,0,13,70,8.5
6602,浙江省,乐清市铁枫堂博物馆,非国有博物馆,未定级,是,303,0,6,4,1
6603,浙江省,丽水摄影博物馆,其他行业国有博物馆,未定级,是,11693,0,6,80,7.5
6604,浙江省,丽水市博物馆,文化文物系统国有博物馆,一级,是,17533,384,18,74,41.5
6605,浙江省,丽水市处州三宝博物馆,非国有博物馆,未定级,是,508,0,6,2,6.1483
6606,浙江省,丽水市父子根艺博物馆,非国有博物馆,未定级,是,520,0,3,10,4.862
6607,浙江省,丽水市海归外销瓷博物馆,非国有博物馆,未定级,是,323,0,2,0,9.7525
6608,浙江省,丽水市夏法起石印艺术馆,非国有博物馆,未定级,是,1019,0,5,3,7.1701
6609,浙江省,连横纪念馆,文化文物系统国有博物馆,未定级,是,400,1,4,0,11.2238
6610,浙江省,良渚博物院,文化文物系统国有博物馆,一级,是,3271,2296,11,105,97.0007
6611,浙江省,临海市博物馆,文化文物系统国有博物馆,二级,是,17024,1307,16,69,89.5928
6612,浙江省,临海市洞港青年农场文博馆,非国有博物馆,未定级,是,301,0,1,0,0.1202
6613,浙江省,临海市府城灯具博物馆,非国有博物馆,未定级,是,750,0,1,0,1.3
6614,浙江省,临海市国华珠算博物馆,非国有博物馆,未定级,是,850,0,1,0,1.5507
6615,浙江省,临海市红色书画博物馆,非国有博物馆,未定级,是,334,0,3,0,2.56
6616,浙江省,临海市华夏一双筷子博物馆,非国有博物馆,未定级,是,492,0,7,14,4.2237
6617,浙江省,临海市珈源钟表科普博物馆,非国有博物馆,未定级,是,1230,0,4,48,16.167
6618,浙江省,临海市兰文化博物馆,非国有博物馆,未定级,是,22800,0,2,0,3
6619,浙江省,临海市梦宝来民俗博物馆,非国有博物馆,未定级,是,2537,0,1,0,6
6620,浙江省,临海市台州府城刺绣博物馆,非国有博物馆,未定级,否,322,0,0,0,0
6621,浙江省,临海市台州府城民俗博物馆,非国有博物馆,未定级,是,880,0,3,0,1.9
6622,浙江省,临海市天弘造像艺术博物馆,非国有博物馆,未定级,是,479,0,1,0,0.76
6623,浙江省,临海市羊岩山茶文化博物馆,非国有博物馆,未定级,是,83,0,1,0,5.986
6624,浙江省,临海市永丰农耕文化博物馆,非国有博物馆,未定级,是,375,0,1,0,0.1158
6625,浙江省,临海市于至楼庭院艺术博物馆,非国有博物馆,未定级,是,347,0,4,5,0.3876
6626,浙江省,临海市张秀娟剪纸博物馆,非国有博物馆,未定级,是,520,0,3,50,3
6627,浙江省,临海市郑广文纪念馆,文化文物系统国有博物馆,未定级,是,78,0,3,15,5.67
6628,浙江省,临海市逐真奇石科普博物馆,非国有博物馆,未定级,是,308,0,11,11,3
6629,浙江省,龙泉市博物馆,文化文物系统国有博物馆,二级,是,13749,451,23,204,59.8464
6630,浙江省,龙泉市香菇博物馆,非国有博物馆,未定级,是,323,0,1,0,22.9912
6631,浙江省,龙游县博物馆,文化文物系统国有博物馆,未定级,是,4308,119,10,70,21.8933
6632,浙江省,马岙博物馆,其他行业国有博物馆,未定级,是,500,0,6,18,5.8763
6633,浙江省,马一浮纪念馆,文化文物系统国有博物馆,未定级,是,39,0,1,10,10.5
6634,浙江省,马寅初纪念馆,非国有博物馆,未定级,是,871,10,2,48,3.1548
6635,浙江省,南湖革命纪念馆（红船精神研究院）,其他行业国有博物馆,一级,是,49373,426,19,132,329.2975
6636,浙江省,南宋德寿宫遗址博物馆,文化文物系统国有博物馆,未定级,是,112,0,16,138,61.8785
6637,浙江省,南浔庄弘醒美术馆,非国有博物馆,未定级,是,366,0,1,1,1.2305
6638,浙江省,宁波博物院（宁波博物馆、宁波帮博物馆）,文化文物系统国有博物馆,一级,是,76796,2783,23,478,122.7074
6639,浙江省,宁波服装博物馆,其他行业国有博物馆,未定级,是,5402,75,8,67,14.0171
6640,浙江省,宁波市奉化区布袋弥勒博物馆,非国有博物馆,未定级,是,2000,0,10,0,0.351
6641,浙江省,宁波市奉化区民间中医药博物馆,非国有博物馆,未定级,是,480,0,2,0,0.2461
6642,浙江省,宁波市奉化区王康乐艺术馆,其他行业国有博物馆,未定级,是,862,0,3,0,1.7504
6643,浙江省,宁波市海曙龙幽竹文化博物馆,非国有博物馆,未定级,是,400,0,5,10,2.28
6644,浙江省,宁波市海曙区耕泽石刻博物馆,非国有博物馆,未定级,是,2300,0,7,35,3.053
6645,浙江省,宁波市海曙区黄古林草编博物馆,非国有博物馆,未定级,是,1492,0,1,3,0.1514
6646,浙江省,宁波市海曙区婚俗博物馆,非国有博物馆,未定级,是,1829,0,11,12,4.373
6647,浙江省,宁波市海曙区居家博物园,非国有博物馆,未定级,是,2000,0,4,8,4.1772
6648,浙江省,宁波市海曙区王升大粮油工艺博物馆,非国有博物馆,未定级,是,4015,0,8,114,4.493
6649,浙江省,宁波市海曙区赵大有宁式糕点博物馆,非国有博物馆,未定级,是,2272,0,5,120,4.6213
6650,浙江省,宁波市海曙区知青博物馆,非国有博物馆,未定级,是,1600,0,1,0,2.5534
6651,浙江省,宁波市千峰越窑青瓷博物馆,非国有博物馆,未定级,是,308,0,3,3,6.2676
6652,浙江省,宁波市天一阁博物院（宁波市保国寺古建筑博物馆）,文化文物系统国有博物馆,一级,否,59444,3663,44,437,145.6189
6653,浙江省,宁波市鄞州滨海博物馆,非国有博物馆,未定级,是,1200,0,10,1,0.8534
6654,浙江省,宁波市鄞州区插花艺术馆,非国有博物馆,未定级,是,674,0,5,36,5.1851
6655,浙江省,宁波市鄞州区地质宝藏博物馆,非国有博物馆,未定级,是,632,0,0,0,0
6656,浙江省,宁波市鄞州区金银彩绣艺术馆,非国有博物馆,未定级,是,550,0,3,61,3.8594
6657,浙江省,宁波市鄞州区千工甬式家具博物馆,非国有博物馆,未定级,是,411,0,13,36,6.8352
6658,浙江省,宁波市鄞州区雪菜博物馆,非国有博物馆,未定级,是,1072,0,9,51,4.8596
6659,浙江省,宁波市鄞州区甬宝斋锡镴器熨斗博物馆,非国有博物馆,未定级,是,500,0,7,72,6.3845
6660,浙江省,宁波市鄞州区鱼文化博物馆,非国有博物馆,未定级,是,300,0,5,10,4.0262
6661,浙江省,宁波市鄞州区朱金漆木雕艺术馆,非国有博物馆,未定级,是,714,0,10,48,4.305
6662,浙江省,宁波市鄞州紫林坊艺术馆,非国有博物馆,未定级,是,1295,0,10,2,4.2997
6663,浙江省,宁波市甬帮宁波菜博物馆,非国有博物馆,未定级,是,398,0,3,18,40.5682
6664,浙江省,宁波市甬剧研究传习中心,其他行业国有博物馆,未定级,是,633,0,1,53,0.224
6665,浙江省,宁波鄞州陶瓷文化艺术馆,非国有博物馆,未定级,是,556,0,9,31,5.0305
6666,浙江省,宁波中国港口博物馆,文化文物系统国有博物馆,一级,是,12822,414,25,117,62.5193
6667,浙江省,宁海东方艺术造像博物馆,非国有博物馆,未定级,是,586,0,4,5,16.87
6668,浙江省,宁海县得心坊艺术馆,非国有博物馆,未定级,是,847,0,11,12,3.2732
6669,浙江省,宁海县江南民间艺术馆,非国有博物馆,未定级,是,1300,0,2,2,8.6585
6670,浙江省,宁海县宁海湾海洋生物博物馆,非国有博物馆,未定级,是,880,0,11,11,2.8272
6671,浙江省,宁海县十里红妆博物馆,非国有博物馆,三级,是,1260,0,2,0,18.0056
6672,浙江省,宁海县行舟致远海事博物馆,非国有博物馆,未定级,是,317,0,6,2,6.7834
6673,浙江省,宁海县许家山石文化展示馆,非国有博物馆,未定级,是,1629,0,5,0,3.419
6674,浙江省,潘絜兹艺术馆,其他行业国有博物馆,未定级,是,431,0,0,0,0
6675,浙江省,潘天寿故居,文化文物系统国有博物馆,未定级,是,261,18,5,22,5.0173
6676,浙江省,潘天寿纪念馆,其他行业国有博物馆,未定级,是,120,0,5,8,3.6468
6677,浙江省,磐安茶文化博物馆,文化文物系统国有博物馆,未定级,是,45,4,3,0,21.5642
6678,浙江省,平湖市博物馆,文化文物系统国有博物馆,三级,是,13959,1949,28,319,15.8268
6679,浙江省,平湖市李叔同纪念馆,文化文物系统国有博物馆,三级,是,446,160,5,2,1.8904
6680,浙江省,平湖市陆维钊书画院,文化文物系统国有博物馆,未定级,是,3940,15,15,66,4.2957
6681,浙江省,平湖市吴一峰艺术馆,文化文物系统国有博物馆,未定级,是,253,3,10,30,5.8965
6682,浙江省,平湖玺印篆刻博物馆,非国有博物馆,未定级,是,930,0,16,5,4.0288
6683,浙江省,平阳县博物馆,文化文物系统国有博物馆,未定级,是,5781,54,8,20,19.175
6684,浙江省,平阳县烈士纪念馆,其他行业国有博物馆,未定级,是,216,0,1,5,0.686
6685,浙江省,浦江博物馆,文化文物系统国有博物馆,三级,是,8482,81,9,52,18.6817
6686,浙江省,浦江民间工艺博物馆,非国有博物馆,未定级,是,1135,0,16,10,13.1
6687,浙江省,浦江县吴茀之纪念馆,文化文物系统国有博物馆,未定级,是,258,0,18,81,14.68
6688,浙江省,普陀区博物馆,文化文物系统国有博物馆,未定级,是,1729,1,11,202,21.8043
6689,浙江省,普陀五匠博物馆,非国有博物馆,未定级,是,369,0,2,4,1.7
6690,浙江省,钱君匋艺术研究馆,其他行业国有博物馆,未定级,是,1382,0,13,20,0.85
6691,浙江省,青田县石雕博物馆,其他行业国有博物馆,未定级,是,1721,0,39,24,49.1822
6692,浙江省,庆元县博物馆,文化文物系统国有博物馆,三级,是,1770,44,6,43,28.2116
6693,浙江省,衢州市博物馆,文化文物系统国有博物馆,二级,是,14037,767,22,413,48.4972
6694,浙江省,衢州市腾云文化艺术博物馆,非国有博物馆,未定级,是,8620,0,2,10,3.0675
6695,浙江省,衢州市雅趣黄蜡石博物馆,非国有博物馆,未定级,是,350,0,3,1,12.653
6696,浙江省,柔石纪念馆,文化文物系统国有博物馆,三级,是,443,15,6,151,9.3669
6697,浙江省,瑞安市博物馆,文化文物系统国有博物馆,二级,是,12960,920,8,179,19.5815
6698,浙江省,瑞安市陈傅良纪念馆,非国有博物馆,未定级,是,183,0,8,10,0.6
6699,浙江省,瑞安市抗美援朝历史教育馆,非国有博物馆,未定级,是,213,0,1,4,1.8236
6700,浙江省,瑞安市隆山知青纪念馆,非国有博物馆,未定级,是,1156,0,6,40,5.122
6701,浙江省,瑞安市瑞祥堂青铜镜收藏馆,非国有博物馆,未定级,是,3000,0,2,0,0.11
6702,浙江省,瑞安市塘下镇肇平垟革命纪念馆,非国有博物馆,未定级,是,98,0,1,62,0.3208
6703,浙江省,瑞安市仙降革命斗争史纪念馆,非国有博物馆,未定级,是,283,0,1,0,0.0612
6704,浙江省,瑞安市杨衙里博物馆,非国有博物馆,未定级,是,512,0,1,0,0.6024
6705,浙江省,瑞安市叶茂钱收藏馆,非国有博物馆,未定级,是,300,0,2,0,0.9856
6706,浙江省,瑞安市叶适纪念馆,非国有博物馆,未定级,是,121,0,1,4,0.9855
6707,浙江省,三门县博物馆,文化文物系统国有博物馆,未定级,是,2714,92,7,14,2.863
6708,浙江省,三门县高天祥艺术馆,非国有博物馆,未定级,是,105,0,4,2,2.48
6709,浙江省,三门县章一山纪念馆,非国有博物馆,未定级,是,1005,0,6,3,1.2505
6710,浙江省,沙孟海书学院,文化文物系统国有博物馆,未定级,是,896,0,5,0,0
6711,浙江省,绍兴博物馆,文化文物系统国有博物馆,一级,是,37977,1673,19,93,70.0775
6712,浙江省,绍兴酱文化博物馆,非国有博物馆,未定级,是,705,0,1,54,4.0076
6713,浙江省,绍兴金亿木文化艺术馆,非国有博物馆,未定级,是,106,0,2,46,1.5042
6714,浙江省,绍兴兰花博物馆,非国有博物馆,未定级,是,1919,0,1,0,0.2632
6715,浙江省,绍兴鲁迅纪念馆,文化文物系统国有博物馆,二级,是,6517,222,10,185,411.3025
6716,浙江省,绍兴气象博物馆,其他行业国有博物馆,未定级,是,6000,0,6,40,11.805
6717,浙江省,绍兴市戴葆庭钱币文化博物馆,非国有博物馆,未定级,是,607,0,7,25,1.0585
6718,浙江省,绍兴市朵云美术馆,非国有博物馆,未定级,是,356,0,4,6,1.3839
6719,浙江省,绍兴市汉生根雕艺术馆,非国有博物馆,未定级,是,300,0,1,0,2.4995
6720,浙江省,绍兴市和院文化博物馆,非国有博物馆,未定级,是,606,0,2,1,0.8192
6721,浙江省,绍兴市荷湖乡土文化博物馆,非国有博物馆,未定级,是,1654,0,1,5,1.1071
6722,浙江省,绍兴市华脉书画博物馆,非国有博物馆,未定级,是,262,0,3,1,1.1283
6723,浙江省,绍兴市会稽金石博物馆,非国有博物馆,未定级,是,13999,0,2,53,1.02
6724,浙江省,绍兴市金国胜雕塑艺术馆,非国有博物馆,未定级,是,150,0,1,0,0.5006
6725,浙江省,绍兴市镜湖湿地自然科学博物馆,非国有博物馆,未定级,否,5390,0,1,0,4.0144
6726,浙江省,绍兴市柯桥区博物馆（绍兴市柯桥区文物保护管理所）,文化文物系统国有博物馆,三级,是,4342,438,18,59,13.7802
6727,浙江省,绍兴市柯桥区惜今金石博物馆,非国有博物馆,未定级,是,300,0,1,0,2.0321
6728,浙江省,绍兴市柯桥区越中历代名匾博物馆,非国有博物馆,未定级,是,861,0,6,10,6.779
6729,浙江省,绍兴市柯桥区运河金石博物馆,非国有博物馆,未定级,是,9700,0,3,10,1.0005
6730,浙江省,绍兴市兰亭书法博物馆,文化文物系统国有博物馆,三级,否,5475,3,11,1163,83.0525
6731,浙江省,绍兴市泉石汇收藏博物馆,非国有博物馆,未定级,是,500,0,1,5,0.0456
6732,浙江省,绍兴市上虞博物馆,文化文物系统国有博物馆,二级,是,19839,296,14,38,35.7905
6733,浙江省,绍兴市上虞区红色收藏馆,非国有博物馆,未定级,是,5315,0,12,26,1.8009
6734,浙江省,绍兴市上虞区三庚纪念馆,非国有博物馆,未定级,是,346,0,0,0,0
6735,浙江省,绍兴市石语堂玉石文化博物馆,非国有博物馆,未定级,是,535,0,3,12,1.0117
6736,浙江省,绍兴市望烟艺术馆,非国有博物馆,未定级,是,1078,0,1,1,0.02
6737,浙江省,绍兴市越龙钱币博物馆,非国有博物馆,未定级,是,867,0,2,2,7.9698
6738,浙江省,绍兴市越中艺术博物馆,非国有博物馆,未定级,是,543,0,11,3,7.6895
6739,浙江省,绍兴市周清纪念馆,非国有博物馆,未定级,是,500,0,1,10,1.0006
6740,浙江省,绍兴咸亨黄酒博物馆,非国有博物馆,未定级,是,499,0,1,3,0.408
6741,浙江省,绍兴越国文化博物馆,非国有博物馆,未定级,是,724,0,7,3,7.2403
6742,浙江省,绍兴周恩来纪念馆,文化文物系统国有博物馆,未定级,是,347,0,2,726,72.8313
6743,浙江省,嵊泗县博物馆,文化文物系统国有博物馆,未定级,是,113,0,2,115,8.46
6744,浙江省,嵊州市越剧博物馆,文化文物系统国有博物馆,三级,是,30671,15,14,53,26.4193
6745,浙江省,湿地博物馆,其他行业国有博物馆,二级,是,31005,0,19,286,72.588
6746,浙江省,松阳县博物馆,文化文物系统国有博物馆,三级,是,2040,154,8,93,18.9824
6747,浙江省,遂昌民俗博物馆,非国有博物馆,未定级,是,3531,0,2,3,14.8556
6748,浙江省,遂昌石文化博物馆,非国有博物馆,未定级,是,316,0,1,9,12.5311
6749,浙江省,遂昌县汤显祖纪念馆,文化文物系统国有博物馆,未定级,是,326,0,9,99,18.56
6750,浙江省,遂昌中国工农红军挺进师纪念馆,其他行业国有博物馆,未定级,是,34,0,1,557,16.8
6751,浙江省,遂昌竹炭博物馆,非国有博物馆,未定级,是,391,0,1,77,15.8919
6752,浙江省,台湾义勇队纪念馆,其他行业国有博物馆,未定级,是,190,0,1,9,2.1848
6753,浙江省,台州刺绣博物馆,非国有博物馆,未定级,是,418,0,10,20,0.7125
6754,浙江省,台州市博物馆,文化文物系统国有博物馆,二级,是,2579,329,18,324,49.074
6755,浙江省,台州市崇和电影博物馆,非国有博物馆,未定级,是,735,0,6,3,6
6756,浙江省,台州市黄岩区博物馆,文化文物系统国有博物馆,二级,是,8555,440,12,110,20.8161
6757,浙江省,台州市黄岩区陆光正木雕艺术馆,非国有博物馆,未定级,是,109,0,1,0,2.4
6758,浙江省,台州市黄岩区虔存艺术博物馆,非国有博物馆,未定级,是,6211,0,2,0,0.2
6759,浙江省,台州市黄岩区松溪美术馆,非国有博物馆,未定级,是,398,0,10,0,1.824
6760,浙江省,台州市黄岩区永宁书画博物馆,非国有博物馆,未定级,是,1000,0,11,3,0.8
6761,浙江省,台州市椒江区文化传承保护中心（椒江博物馆）,文化文物系统国有博物馆,未定级,是,1010,21,11,27,6.8873
6762,浙江省,台州市椒江区一江山岛登陆战纪念馆,其他行业国有博物馆,未定级,是,778,0,2,418,2.0568
6763,浙江省,台州市路桥区博物馆,文化文物系统国有博物馆,未定级,是,1811,224,11,149,20.464
6764,浙江省,台州市台绣刺绣博物馆,非国有博物馆,未定级,是,1041,0,13,10,0.5983
6765,浙江省,台州市同康酒文化博物馆,非国有博物馆,未定级,是,334,0,1,21,0.72
6766,浙江省,台州市吴子熊水晶艺术博物馆,非国有博物馆,未定级,是,860,0,13,36,2.3467
6767,浙江省,太平天国侍王府纪念馆,文化文物系统国有博物馆,未定级,是,160,39,5,51,27.6644
6768,浙江省,泰顺县文博馆,文化文物系统国有博物馆,未定级,是,972,65,12,24,21.9
6769,浙江省,天台和合博物馆,非国有博物馆,未定级,是,1955,0,1,32,4.3055
6770,浙江省,天台山民俗博物馆,非国有博物馆,未定级,是,13687,0,7,19,5.2036
6771,浙江省,天台县博物馆,文化文物系统国有博物馆,未定级,是,6017,142,15,81,25
6772,浙江省,亭旁起义纪念馆,文化文物系统国有博物馆,未定级,是,71,0,1,2,4.213
6773,浙江省,桐庐县博物馆,文化文物系统国有博物馆,三级,是,2313,261,3,85,6.21
6774,浙江省,桐庐县桐君中医药文化博物馆,非国有博物馆,未定级,是,315,0,1,10,3.5
6775,浙江省,桐乡市博物馆,文化文物系统国有博物馆,三级,是,10388,172,11,22,23.7103
6776,浙江省,桐乡市丰子恺纪念馆,文化文物系统国有博物馆,三级,是,2802,41,10,22,14.0528
6777,浙江省,桐乡市茅盾纪念馆,文化文物系统国有博物馆,三级,是,551,64,5,34,288.1449
6778,浙江省,桐乡市吴蓬艺术院（桐乡市书画院）,文化文物系统国有博物馆,未定级,是,368,0,15,3,4.6208
6779,浙江省,桐乡市钟旭洲钱币艺术博物馆,文化文物系统国有博物馆,三级,是,6090,2418,6,20,16.5477
6780,浙江省,王伯敏艺术史学馆,文化文物系统国有博物馆,未定级,是,935,0,5,52,3.365
6781,浙江省,王锡桐起义遗址,文化文物系统国有博物馆,未定级,是,150,0,0,0,0
6782,浙江省,王阳明纪念馆,其他行业国有博物馆,未定级,否,303,0,1,62,20.7974
6783,浙江省,温岭市滨海革命纪念馆,非国有博物馆,未定级,是,10,0,1,0,0.032
6784,浙江省,温岭市博物馆,文化文物系统国有博物馆,未定级,是,3772,194,5,185,20.1548
6785,浙江省,温岭市赵大佑纪念馆,非国有博物馆,未定级,是,120,0,1,9,0.8843
6786,浙江省,温州博物馆,文化文物系统国有博物馆,一级,是,27102,1560,25,139,143.2631
6787,浙江省,温州矾矿博物馆,其他行业国有博物馆,未定级,是,329,0,1,10,5.53
6788,浙江省,温州夹苎漆器博物馆,非国有博物馆,未定级,是,500,0,1,39,2
6789,浙江省,温州教育史馆,其他行业国有博物馆,未定级,是,1601,0,8,1004,21.9748
6790,浙江省,温州市采成蓝夹缬博物馆,非国有博物馆,未定级,是,1247,0,3,30,1.3512
6791,浙江省,温州市洞头区东海贝雕艺术博物馆,非国有博物馆,未定级,是,517,0,6,100,21.5
6792,浙江省,温州市珐琅彩艺术博物馆,非国有博物馆,未定级,是,302,0,3,80,1.5
6793,浙江省,温州市红蜻蜓鞋文化博物馆,非国有博物馆,未定级,是,427,0,5,34,3.1091
6794,浙江省,温州市红欣盆景艺术博物馆,非国有博物馆,未定级,是,327,0,5,0,2.5656
6795,浙江省,温州市龙湾区白水民俗博物馆,非国有博物馆,未定级,是,305,0,6,0,2.4825
6796,浙江省,温州市龙湾区文博馆,文化文物系统国有博物馆,三级,是,1964,5,2,21,4.3407
6797,浙江省,温州市鹿城区东瓯古家具博物馆,非国有博物馆,未定级,是,300,0,2,36,4.8956
6798,浙江省,温州市鹿城区青科自然历史博物馆,非国有博物馆,未定级,是,691,0,2,15,0.35
6799,浙江省,温州市瓯海区博物馆（温州市瓯海区文物保护管理所）,文化文物系统国有博物馆,二级,是,6580,259,16,158,30.758
6800,浙江省,温州市塘河青灯石刻艺术博物馆,非国有博物馆,未定级,是,303,0,4,165,48.1
6801,浙江省,温州市维日康树贤艺术博物馆,非国有博物馆,未定级,是,532,0,11,72,1.302
6802,浙江省,温州市醉壶楼紫砂博物馆,非国有博物馆,未定级,是,416,0,7,0,1.037
6803,浙江省,温州衍园美术馆,非国有博物馆,未定级,是,320,0,10,11,4.052
6804,浙江省,温州叶同仁中医药博物馆,非国有博物馆,未定级,是,556,0,1,8,8.8541
6805,浙江省,文成县博物馆,文化文物系统国有博物馆,二级,是,5290,137,10,80,25.0086
6806,浙江省,文成县浙南民俗博物馆,非国有博物馆,未定级,是,1818,0,16,2,6
6807,浙江省,文天祥纪念馆,文化文物系统国有博物馆,未定级,是,0,0,1,0,16.76
6808,浙江省,吴昌硕纪念馆,文化文物系统国有博物馆,三级,是,1252,0,13,36,15.8
6809,浙江省,武义县博物馆,文化文物系统国有博物馆,二级,是,22814,382,16,156,21.1416
6810,浙江省,武义县萤石博物馆,非国有博物馆,未定级,是,386,0,4,8,6.784
6811,浙江省,溪口博物馆,其他行业国有博物馆,三级,是,6257,0,3,39,50.8592
6812,浙江省,夏衍旧居,文化文物系统国有博物馆,未定级,是,101,2,4,10,0.7353
6813,浙江省,仙居县竺梅枕文化博物馆,非国有博物馆,未定级,是,285,0,4,0,2.2
6814,浙江省,象山德和根艺美术馆,非国有博物馆,未定级,是,1360,0,5,8,5.8721
6815,浙江省,象山县才华剪纸博物馆,非国有博物馆,未定级,是,2290,0,6,140,14.8252
6816,浙江省,象山县大旸博物馆,非国有博物馆,未定级,是,1352,0,1,3,2.9049
6817,浙江省,象山县文物保护管理所（象山县博物馆）,文化文物系统国有博物馆,未定级,是,3951,241,7,31,20.4484
6818,浙江省,新昌江南博物馆,非国有博物馆,未定级,是,523,0,1,6,0.6208
6819,浙江省,新昌县博物馆,文化文物系统国有博物馆,二级,是,10154,364,9,93,28.0852
6820,浙江省,新昌县凯名胡琴艺术博物馆,非国有博物馆,未定级,是,517,0,2,5,0.2627
6821,浙江省,新昌县天姥中医博物馆,非国有博物馆,未定级,是,13000,0,1,60,2.241
6822,浙江省,徐渭艺术馆,其他行业国有博物馆,未定级,是,396,0,5,37,25.8466
6823,浙江省,叶浅予艺术馆,文化文物系统国有博物馆,未定级,是,1245,171,16,30,14
6824,浙江省,义乌市博物馆,文化文物系统国有博物馆,三级,是,14965,470,10,32,9.4933
6825,浙江省,鄞州革命烈士纪念馆,其他行业国有博物馆,未定级,是,965,25,3,351,7.7082
6826,浙江省,永嘉红十三军军部旧址纪念馆,其他行业国有博物馆,未定级,是,129,0,1,12,6.228
6827,浙江省,永嘉县春秋陶瓷博物馆,非国有博物馆,未定级,是,500,0,11,17,3.5
6828,浙江省,永嘉县瓯渠民俗博物馆,非国有博物馆,未定级,是,1510,0,4,0,0.5316
6829,浙江省,永嘉县吴超征烈士纪念馆,非国有博物馆,未定级,是,444,0,1,13,0.6296
6830,浙江省,永康市博物馆,文化文物系统国有博物馆,二级,是,12949,262,15,94,16.4949
6831,浙江省,永康市神雕铜艺博物馆,非国有博物馆,未定级,是,673,0,2,46,6.0343
6832,浙江省,永康市一原锡雕博物馆,非国有博物馆,未定级,是,922,0,3,68,5.365
6833,浙江省,余姚博物馆,文化文物系统国有博物馆,二级,是,12499,752,4,27,8.617
6834,浙江省,余姚市大呈博物馆,非国有博物馆,未定级,是,325,0,1,0,0.5
6835,浙江省,余姚市河姆渡遗址博物馆,文化文物系统国有博物馆,二级,是,2978,190,6,28,52.2051
6836,浙江省,余姚市金桥奇石艺术馆,非国有博物馆,未定级,是,800,0,1,5,3.2752
6837,浙江省,余姚市看云楼科举文化博物馆,非国有博物馆,未定级,是,1538,0,2,86,2.2741
6838,浙江省,余姚市民营工业博物馆,非国有博物馆,未定级,是,2087,0,1,18,2.143
6839,浙江省,余姚市寿宝斋工艺藏品博物馆,非国有博物馆,未定级,是,455,0,1,0,1.1116
6840,浙江省,余姚市四明山书画院,非国有博物馆,未定级,是,385,0,2,0,6.25
6841,浙江省,岳飞纪念馆（俞曲园纪念馆）,文化文物系统国有博物馆,未定级,否,163,26,5,85,138.2395
6842,浙江省,云和县匠心博物馆,非国有博物馆,未定级,是,680,0,2,1,0.0295
6843,浙江省,张苍水纪念馆,文化文物系统国有博物馆,未定级,是,0,0,3,4,1.486
6844,浙江省,张乐平纪念馆,文化文物系统国有博物馆,未定级,是,80,0,16,35,2.8999
6845,浙江省,长兴东方古木博物馆,非国有博物馆,未定级,否,1000,0,1,1,5.6152
6846,浙江省,长兴金钉子博物馆,其他行业国有博物馆,未定级,否,350,0,1,12,12.2568
6847,浙江省,长兴林海车模博物馆,非国有博物馆,未定级,是,1225,0,1,1,7.6
6848,浙江省,长兴县博物馆,文化文物系统国有博物馆,二级,是,10023,609,11,28,33.052
6849,浙江省,长兴县新四军苏浙军区纪念馆,文化文物系统国有博物馆,三级,是,1079,343,5,29,41.1076
6850,浙江省,长兴浙北古人类生活博物馆,非国有博物馆,未定级,是,360,0,2,2,11.2352
6851,浙江省,浙东革命根据地纪念馆,其他行业国有博物馆,未定级,是,79,0,1,32,20.9031
6852,浙江省,浙东海事民俗博物馆（浙东学术文化陈列馆、银台第官宅博物馆）,文化文物系统国有博物馆,三级,否,267,0,3,198,15.1858
6853,浙江省,浙江安贤生命博物馆,非国有博物馆,未定级,是,347,0,8,4,1.29
6854,浙江省,浙江大学艺术与考古博物馆,其他行业国有博物馆,一级,是,4194,43,17,32,43.14
6855,浙江省,浙江东方博物馆,非国有博物馆,未定级,是,10010,0,8,32,13.4828
6856,浙江省,浙江观吟艺术博物馆,非国有博物馆,未定级,是,1544,0,1,0,0.443
6857,浙江省,浙江华茂艺术教育博物馆,非国有博物馆,二级,是,5045,0,6,97,5.5139
6858,浙江省,浙江林炎古陶瓷博物馆,非国有博物馆,未定级,是,1044,0,2,3,10.5421
6859,浙江省,浙江旅游博物馆,其他行业国有博物馆,未定级,是,1534,0,10,6,1.3
6860,浙江省,浙江民艺拼布博物馆,非国有博物馆,未定级,是,638,0,7,3,1.6588
6861,浙江省,浙江莫干剑博物馆,非国有博物馆,未定级,是,330,0,1,3,0.04
6862,浙江省,浙江启明艺术博物馆,非国有博物馆,未定级,是,2118,0,6,8,5.2362
6863,浙江省,浙江省博物馆（浙江革命历史纪念馆）,文化文物系统国有博物馆,一级,是,86501,36171,54,2312,397.0719
6864,浙江省,浙江省地质博物馆,其他行业国有博物馆,未定级,是,1412,0,7,97,23.2
6865,浙江省,浙江省现代陶瓷艺术博物馆,非国有博物馆,二级,是,6109,0,3,78,6.0588
6866,浙江省,浙江省浙东越窑青瓷博物馆,非国有博物馆,未定级,是,306,0,3,3,3.1294
6867,浙江省,浙江文学馆,文化文物系统国有博物馆,未定级,是,1698,0,12,94,20.0328
6868,浙江省,浙江辛亥革命纪念馆（林风眠旧居、盖叫天旧居、都锦生旧居）,文化文物系统国有博物馆,未定级,是,12,0,6,40,10.38
6869,浙江省,浙江涌优金丝楠木博物馆,非国有博物馆,未定级,是,302,0,5,180,1.6264
6870,浙江省,浙江中鑫艺术博物馆,非国有博物馆,二级,是,10077,0,10,75,10.2879
6871,浙江省,浙江中医药大学浙江中医药博物馆,其他行业国有博物馆,二级,是,10124,0,6,65,5.5
6872,浙江省,浙江朱炳仁铜雕艺术博物馆,非国有博物馆,未定级,是,230,0,4,10,105.6387
6873,浙江省,浙江紫竹艺术博物馆,非国有博物馆,未定级,是,405,0,1,3,0.861
6874,浙江省,浙江自然博物院,文化文物系统国有博物馆,一级,是,298877,1517,39,1551,321.1102
6875,浙江省,浙商博物馆,其他行业国有博物馆,未定级,是,2500,0,7,30,4.8
6876,浙江省,浙西南革命根据地纪念馆,其他行业国有博物馆,未定级,是,897,0,1,80,21.8083
6877,浙江省,镇海口海防历史纪念馆,文化文物系统国有博物馆,三级,是,3914,150,8,33,24.5962
6878,浙江省,中共浙江省一大纪念园,其他行业国有博物馆,未定级,是,125,0,1,423,7.8736
6879,浙江省,中国财税博物馆,其他行业国有博物馆,未定级,是,11410,0,8,34,12.1702
6880,浙江省,中国茶叶博物馆,文化文物系统国有博物馆,一级,是,4528,156,16,200,47.062
6881,浙江省,中国工农红军挺进师纪念园,其他行业国有博物馆,未定级,是,25,0,1,251,5.7025
6882,浙江省,中国水利博物馆,其他行业国有博物馆,一级,是,4614,32,16,75,30
6883,浙江省,中国丝绸博物馆,文化文物系统国有博物馆,一级,是,72167,5198,63,9808,299.56
6884,浙江省,中国印学博物馆,其他行业国有博物馆,未定级,是,899,0,26,15,19.6
6885,浙江省,舟山博物馆,文化文物系统国有博物馆,一级,是,10631,285,15,242,25.3542
6886,浙江省,舟山名人馆,其他行业国有博物馆,未定级,是,252,0,8,10,3.982
6887,浙江省,舟山市观音佛像美术馆,非国有博物馆,未定级,是,300,0,1,9,2.153
6888,浙江省,舟山市莲花洋陨石博物馆,非国有博物馆,未定级,是,2110,0,1,0,0.05
6889,浙江省,舟山市平和民间文化博物馆,非国有博物馆,未定级,是,2000,0,1,2,1.52
6890,浙江省,舟山市徐正国博物馆,非国有博物馆,未定级,是,1909,0,7,28,7.021
6891,浙江省,舟山鸦片战争纪念馆,其他行业国有博物馆,二级,是,1241,0,7,128,9.8606
6892,浙江省,舟山瀛洲民间博物馆,非国有博物馆,未定级,是,10000,0,2,0,1.8982
6893,浙江省,周尧昆虫博物馆,文化文物系统国有博物馆,二级,是,11882,4,8,277,44.5117
6894,浙江省,诸暨市博物馆,文化文物系统国有博物馆,三级,是,3942,277,13,336,25.313
6895,浙江省,诸暨市江南博物馆,非国有博物馆,未定级,是,5215,0,3,2,2.4564
6896,浙江省,诸暨市金博艺术博物馆,非国有博物馆,未定级,是,300,0,3,0,0.6127
6897,浙江省,诸暨市斯民博物馆,非国有博物馆,未定级,是,1030,0,10,3,0.5123
6898,浙江省,诸暨市香榧博物馆,其他行业国有博物馆,未定级,是,2120,0,2,8,2.6012
6899,浙江省,诸暨市裕昌号民间艺术馆,非国有博物馆,未定级,是,550,0,1,0,3.1245
6900,浙江省,诸暨市越地农耕文化博物馆,非国有博物馆,未定级,是,380,0,4,15,0.4203
6901,浙江省,诸暨市越红博物馆,非国有博物馆,未定级,是,325,0,1,110,5.237
6902,浙江省,诸暨市越艺博物馆,非国有博物馆,未定级,是,781,0,3,2,0.4011
6903,浙江省,诸暨市照明油画艺术馆,非国有博物馆,未定级,是,192,0,3,0,0.289
6904,浙江省,诸暨市卓越人文艺术馆,非国有博物馆,未定级,是,316,0,1,7,0.1606
6905,浙江省,诸暨雅居轩艺术博物馆,非国有博物馆,未定级,是,255,0,6,0,0.0221
6906,重庆市,北碚教育博物馆,其他行业国有博物馆,未定级,是,3001,0,1,18,0.1601
6907,重庆市,城口县红三十三军指挥部旧址群陈列馆,文化文物系统国有博物馆,未定级,是,103,0,6,5,1.2089
6908,重庆市,川陕苏区城口纪念馆,文化文物系统国有博物馆,未定级,是,865,92,2,35,13.5
6909,重庆市,大足石刻研究院（大足石刻博物馆）,文化文物系统国有博物馆,一级,否,820,81,7,40,140.96
6910,重庆市,垫江博物馆,文化文物系统国有博物馆,未定级,是,339,34,2,1,20.1689
6911,重庆市,钓鱼城古战场遗址博物馆,文化文物系统国有博物馆,三级,否,141,31,4,8,57.4871
6912,重庆市,丰都县博物馆,文化文物系统国有博物馆,未定级,否,17347,739,1,1,2.6251
6913,重庆市,奉节县白帝城博物馆,文化文物系统国有博物馆,三级,否,1,1,5,22,256.312
6914,重庆市,奉节县夔州博物馆,文化文物系统国有博物馆,二级,是,20308,907,7,74,29.9741
6915,重庆市,奉节县瞿塘关遗址博物馆,非国有博物馆,未定级,是,760,23,5,5,10.0268
6916,重庆市,奉节县诗城博物馆,非国有博物馆,未定级,否,5320,0,1,38,1.7631
6917,重庆市,国立复旦大学重庆旧址（复旦大学纪念馆）,文化文物系统国有博物馆,未定级,是,1698,0,1,0,3.3043
6918,重庆市,和平中学旧址陈列馆,文化文物系统国有博物馆,未定级,是,84,0,6,5,2.0148
6919,重庆市,后坪坝苏维埃政府史迹展览馆,文化文物系统国有博物馆,未定级,是,61,0,3,10,0.3556
6920,重庆市,九黎苗族历史文化博物馆,其他行业国有博物馆,未定级,否,1555,0,1,9,67.7553
6921,重庆市,抗战时期荣誉军人自治试验区陈列馆（重庆市北碚区博物馆分馆）,文化文物系统国有博物馆,未定级,是,561,0,1,0,0.3019
6922,重庆市,梁实秋纪念馆,文化文物系统国有博物馆,未定级,是,2786,0,1,8,3.713
6923,重庆市,刘伯承六店旧居纪念馆,文化文物系统国有博物馆,未定级,是,184,0,4,14,4.3668
6924,重庆市,刘伯承同志纪念馆,其他行业国有博物馆,二级,是,4664,284,6,125,47.4319
6925,重庆市,刘邓大军挺进大西南司令部旧址陈列馆,文化文物系统国有博物馆,未定级,是,214,0,4,20,33.5853
6926,重庆市,卢作孚纪念馆（重庆市北碚区博物馆分馆）,文化文物系统国有博物馆,未定级,是,3216,4,2,0,10.9653
6927,重庆市,明玉珍睿陵陈列馆,文化文物系统国有博物馆,未定级,是,267,42,5,55,1.8263
6928,重庆市,南川区博物馆,文化文物系统国有博物馆,未定级,是,425,61,2,11,4.6889
6929,重庆市,南腰界红三军司令部旧址陈列馆,文化文物系统国有博物馆,未定级,是,171,2,2,12,3.4213
6930,重庆市,聂荣臻元帅陈列馆,其他行业国有博物馆,一级,是,20249,216,21,115,107.91
6931,重庆市,彭水苗族土家族自治县博物馆,文化文物系统国有博物馆,未定级,是,382,35,2,0,0.135
6932,重庆市,綦江博物馆,文化文物系统国有博物馆,二级,是,629,145,11,93,11.09
6933,重庆市,饶国梁纪念馆,其他行业国有博物馆,未定级,是,141,0,1,40,1.1
6934,重庆市,荣昌陶博物馆,其他行业国有博物馆,未定级,是,1833,2,4,10,35.3394
6935,重庆市,石柱土家族自治县博物馆,文化文物系统国有博物馆,未定级,是,1168,11,4,0,6.9259
6936,重庆市,四世同堂纪念馆,文化文物系统国有博物馆,未定级,是,1787,16,1,21,11.7173
6937,重庆市,陶行知先生纪念馆,文化文物系统国有博物馆,未定级,是,7762,221,3,126,4.4902
6938,重庆市,铜梁木匾博物馆,文化文物系统国有博物馆,未定级,是,107,0,1,0,14.82
6939,重庆市,潼南区博物馆,文化文物系统国有博物馆,未定级,是,514,78,9,62,13.6373
6940,重庆市,万涛故居,文化文物系统国有博物馆,未定级,是,4,0,2,33,2.9667
6941,重庆市,万县“九五”惨案纪念馆,非国有博物馆,未定级,否,5264,0,4,0,35.7573
6942,重庆市,王朴烈士陵园,其他行业国有博物馆,未定级,是,10,0,1,3,1.3978
6943,重庆市,王琦美术博物馆,文化文物系统国有博物馆,未定级,是,11830,0,15,12,7.8451
6944,重庆市,巫山博物馆,文化文物系统国有博物馆,二级,是,28262,1471,12,189,11.789
6945,重庆市,巫山县李季达陈列馆,文化文物系统国有博物馆,未定级,是,69,2,3,150,8.8549
6946,重庆市,巫山县下庄人事迹陈列馆,其他行业国有博物馆,未定级,是,311,0,6,163,2.5042
6947,重庆市,巫山县长康博物馆,非国有博物馆,未定级,是,959,0,2,1,0.8385
6948,重庆市,巫溪县博物馆,文化文物系统国有博物馆,未定级,是,1026,41,5,42,11.471
6949,重庆市,西南大学历史博物馆,其他行业国有博物馆,未定级,是,6728,239,6,4,0.16
6950,重庆市,秀山土家族苗族自治县民族博物馆,文化文物系统国有博物馆,三级,是,579,51,10,41,13.1567
6951,重庆市,晏阳初纪念馆（重庆市北碚区博物馆分馆）,文化文物系统国有博物馆,未定级,是,834,0,1,0,2.2822
6952,重庆市,杨闇公杨尚昆旧居陈列馆,其他行业国有博物馆,一级,是,5972,143,13,236,188.8786
6953,重庆市,永川博物馆（陈子庄艺术陈列馆）,文化文物系统国有博物馆,二级,是,9249,164,11,74,43.568
6954,重庆市,酉阳土家族苗族自治县赵世炎烈士纪念馆,其他行业国有博物馆,未定级,是,113,0,4,80,12
6955,重庆市,云阳古建博物苑,其他行业国有博物馆,未定级,是,0,0,14,8,19.0484
6956,重庆市,云阳县博物馆,文化文物系统国有博物馆,二级,是,23099,655,8,80,33.8727
6957,重庆市,云阳县非物质文化遗产博物馆,文化文物系统国有博物馆,未定级,是,300,0,2,12,2.6
6958,重庆市,云阳县彭咏梧纪念馆,文化文物系统国有博物馆,未定级,是,426,0,3,46,2.5432
6959,重庆市,张桓侯庙博物馆,其他行业国有博物馆,未定级,否,344,0,1,1,35.1756
6960,重庆市,张培爵纪念馆,其他行业国有博物馆,未定级,是,256,0,3,72,7.03
6961,重庆市,张自忠烈士陵园,其他行业国有博物馆,未定级,是,4,0,1,16,4.4074
6962,重庆市,中等师范教育历史陈列馆,其他行业国有博物馆,未定级,是,1964,0,1,0,2.12
6963,重庆市,中共中央西南局缙云山办公地旧址陈列馆,文化文物系统国有博物馆,未定级,是,4196,0,4,126,15.1277
6964,重庆市,忠县石宝寨,文化文物系统国有博物馆,未定级,否,0,0,7,61,20.9154
6965,重庆市,忠州博物馆,文化文物系统国有博物馆,二级,是,15943,596,14,68,16.3
6966,重庆市,重庆巴渝民间中医药博物馆,非国有博物馆,二级,是,8690,15,19,48,9.1729
6967,重庆市,重庆巴渝民俗博物馆,文化文物系统国有博物馆,二级,是,4519,224,17,204,28.2955
6968,重庆市,重庆白鹤梁水下博物馆,文化文物系统国有博物馆,未定级,否,140,0,1,71,34.6998
6969,重庆市,重庆宝林博物馆,非国有博物馆,未定级,是,6888,309,14,20,8.6859
6970,重庆市,重庆川剧博物馆,文化文物系统国有博物馆,未定级,是,4255,68,6,44,2.9479
6971,重庆市,重庆大韩民国临时政府旧址陈列馆,文化文物系统国有博物馆,三级,是,1740,149,5,20,6.7472
6972,重庆市,重庆大轰炸遗址陈列馆,其他行业国有博物馆,未定级,是,301,0,1,335,36.4246
6973,重庆市,重庆大圆祥博物馆,非国有博物馆,三级,否,2502,32,5,32,6.891
6974,重庆市,重庆电信博物馆,其他行业国有博物馆,未定级,是,350,0,1,0,0.09
6975,重庆市,重庆冯玉祥纪念馆,文化文物系统国有博物馆,未定级,是,78,1,6,11,3.041
6976,重庆市,重庆歌乐山革命纪念馆（重庆红岩革命历史博物馆）,其他行业国有博物馆,未定级,是,0,0,15,0,788.2648
6977,重庆市,重庆工业博物馆,其他行业国有博物馆,未定级,是,15301,146,5,40,15.8824
6978,重庆市,重庆郭沫若纪念馆,文化文物系统国有博物馆,未定级,是,128,6,10,8,1.8386
6979,重庆市,重庆红岩革命纪念馆（重庆红岩革命历史博物馆）,其他行业国有博物馆,一级,是,29685,4131,15,1781,231.4864
6980,重庆市,重庆湖广会馆,其他行业国有博物馆,未定级,否,372,11,12,56,159.2598
6981,重庆市,重庆华岩佛教博物馆,非国有博物馆,二级,是,440,54,9,20,7.4626
6982,重庆市,重庆嘉陵江索道博物馆,文化文物系统国有博物馆,未定级,是,312,0,5,20,3.3624
6983,重庆市,重庆金融博物馆,其他行业国有博物馆,未定级,是,837,0,0,3,0
6984,重庆市,重庆金融历史博物馆,其他行业国有博物馆,未定级,是,2784,0,3,193,7.6384
6985,重庆市,重庆警察博物馆,其他行业国有博物馆,未定级,是,7472,66,0,0,0
6986,重庆市,重庆抗战教育博物馆,其他行业国有博物馆,未定级,是,7314,0,1,7,0.2
6987,重庆市,重庆抗战戏剧博物馆,文化文物系统国有博物馆,未定级,是,229,0,2,34,3.2705
6988,重庆市,重庆抗战遗址博物馆,文化文物系统国有博物馆,二级,否,2225,1262,10,192,23.114
6989,重庆市,重庆科技馆,其他行业国有博物馆,未定级,是,413,0,12,3451,196
6990,重庆市,重庆历史名人馆,其他行业国有博物馆,未定级,是,515,19,4,119,3.3195
6991,重庆市,重庆美术馆,文化文物系统国有博物馆,未定级,是,1480,0,35,26,36.7678
6992,重庆市,重庆旁观者设计博物馆,非国有博物馆,未定级,是,323,0,4,6,0.5872
6993,重庆市,重庆三耳火锅博物馆,非国有博物馆,未定级,是,335,0,1,6,0.6184
6994,重庆市,重庆三峡移民纪念馆,文化文物系统国有博物馆,一级,是,32296,327,20,410,57.4547
6995,重庆市,重庆师范大学博物馆,其他行业国有博物馆,未定级,是,1368,0,6,2,0.5092
6996,重庆市,重庆史迪威博物馆,其他行业国有博物馆,未定级,是,305,4,4,14,7.816
6997,重庆市,重庆市巴南区博物馆,文化文物系统国有博物馆,三级,是,2219,313,11,16,44.4252
6998,重庆市,重庆市巴南区江碧波艺术博物馆,非国有博物馆,未定级,否,300,0,3,11,0.6771
6999,重庆市,重庆市巴渝名匾文化艺术博物馆,非国有博物馆,三级,是,2890,0,6,46,5.9005
7000,重庆市,重庆市北碚区博物馆,文化文物系统国有博物馆,二级,是,2832,56,5,170,4.1797
7001,重庆市,重庆市大渡口区博物馆,文化文物系统国有博物馆,三级,是,2111,120,4,90,16.525
7002,重庆市,重庆市大足区红岩重型汽车博物馆,其他行业国有博物馆,二级,是,8018,85,6,28,12.536
7003,重庆市,重庆市涪陵区博物馆,文化文物系统国有博物馆,二级,是,14361,455,7,54,20.4
7004,重庆市,重庆市合川区三江民俗博物馆,非国有博物馆,未定级,是,916,0,8,4,4.0248
7005,重庆市,重庆市江津区博物馆,文化文物系统国有博物馆,二级,是,9210,316,6,60,24.5085
7006,重庆市,重庆市江津区陈独秀旧居陈列馆,文化文物系统国有博物馆,二级,是,458,35,9,149,33.4827
7007,重庆市,重庆市九龙坡区黄桷坪钢琴博物馆,非国有博物馆,未定级,是,300,0,1,0,0.4224
7008,重庆市,重庆市九龙坡区建川博物馆,非国有博物馆,未定级,否,100000,80,14,52,35.15
7009,重庆市,重庆市九龙坡区九龙沉香博物馆,非国有博物馆,未定级,是,366,0,1,12,1.4443
7010,重庆市,重庆市九龙坡区重庆巴人博物馆,文化文物系统国有博物馆,二级,是,2348,62,5,35,15.9149
7011,重庆市,重庆市开州博物馆,文化文物系统国有博物馆,二级,是,6831,660,11,47,18.0309
7012,重庆市,重庆市梁平区博物馆,文化文物系统国有博物馆,未定级,是,1827,211,7,43,19.522
7013,重庆市,重庆市民族博物馆,文化文物系统国有博物馆,未定级,是,685,0,12,20,5.6817
7014,重庆市,重庆市南岸区博物馆,文化文物系统国有博物馆,未定级,是,1581,78,8,78,10.7032
7015,重庆市,重庆市南岸区德庄火锅博物馆,非国有博物馆,未定级,是,388,0,2,85,4.845
7016,重庆市,重庆市南川区蝶语昆虫博物馆,非国有博物馆,未定级,否,13000,0,2,8,0.3872
7017,重庆市,重庆市綦江区红军长征纪念馆,文化文物系统国有博物馆,未定级,是,155,0,7,36,14
7018,重庆市,重庆市黔江区博物馆,文化文物系统国有博物馆,未定级,是,612,69,0,0,0
7019,重庆市,重庆市荣昌区万灵提琴博物馆,非国有博物馆,未定级,否,300,0,2,263,4.69
7020,重庆市,重庆市荣昌陶窑口博物馆,非国有博物馆,未定级,是,318,0,5,10,9.8
7021,重庆市,重庆市沙坪坝博物馆（重庆市沙坪坝巴蜀古代建筑博物馆）,文化文物系统国有博物馆,二级,是,1103,271,7,14,6.1826
7022,重庆市,重庆市铜梁区博物馆,文化文物系统国有博物馆,二级,是,4639,525,23,183,38.4752
7023,重庆市,重庆市铜梁区邱少云烈士纪念馆,其他行业国有博物馆,未定级,是,251,37,6,13,67.405
7024,重庆市,重庆市万盛经济技术开发区博物馆,文化文物系统国有博物馆,二级,是,1917,91,7,70,14.4023
7025,重庆市,重庆市万州革命烈士陵园管理中心,其他行业国有博物馆,未定级,是,124,0,2,16,20.5791
7026,重庆市,重庆市万州良公祠民俗博物馆,非国有博物馆,未定级,是,621,0,0,0,0
7027,重庆市,重庆市万州区博物馆,文化文物系统国有博物馆,二级,是,4025,364,15,167,25.63
7028,重庆市,重庆市万州区三峡石博物馆,非国有博物馆,未定级,是,307,0,1,0,0.2876
7029,重庆市,重庆市武隆博物馆,文化文物系统国有博物馆,三级,是,2456,80,8,33,22.3
7030,重庆市,重庆市永川堃航博物馆,非国有博物馆,二级,是,4041,93,16,32,12.2253
7031,重庆市,重庆市永川区蕴宝博物馆,非国有博物馆,未定级,是,648,0,7,3,5.2498
7032,重庆市,重庆市渝北区渝都古典照相机缝纫机博物馆,非国有博物馆,未定级,是,1514,0,4,12,4.9076
7033,重庆市,重庆市渝中区巴渝民风博物馆,非国有博物馆,未定级,是,823,0,9,8,4.6715
7034,重庆市,重庆市渝中区博物馆,文化文物系统国有博物馆,未定级,是,301,5,4,31,8.64
7035,重庆市,重庆市渝中区古典戏法魔术博物馆,非国有博物馆,未定级,是,316,0,2,20,5.1265
7036,重庆市,重庆市渝中区友好飞虎队博物馆,非国有博物馆,未定级,是,526,0,7,49,9.3454
7037,重庆市,重庆市长寿区博物馆,其他行业国有博物馆,未定级,是,925,80,6,25,20.633
7038,重庆市,重庆市长寿区杨克明故居陈列馆,文化文物系统国有博物馆,未定级,是,110,0,1,20,1.6123
7039,重庆市,重庆市中医药博物馆,其他行业国有博物馆,未定级,是,350000,0,2,5,0.3365
7040,重庆市,重庆特园民主党派历史陈列馆（中国民主党派历史陈列馆）,其他行业国有博物馆,未定级,是,3868,696,6,12,48.4074
7041,重庆市,重庆友军辣椒博物馆,非国有博物馆,未定级,是,320,0,1,156,10.283
7042,重庆市,重庆御临旅游纪念品博物馆,非国有博物馆,未定级,是,301,0,6,56,3.8296
7043,重庆市,重庆张治中纪念馆,文化文物系统国有博物馆,未定级,是,57,6,8,7,1.1994
7044,重庆市,重庆长江石文化艺术博物馆,非国有博物馆,未定级,是,568,0,9,39,3.23
7045,重庆市,重庆中国三峡博物馆（重庆博物馆）,文化文物系统国有博物馆,一级,是,123952,18878,56,913,335.9241
7046,重庆市,重庆自然博物馆,文化文物系统国有博物馆,一级,是,116836,0,37,247,114.7613
